Input (dB),Output (dB),Gain Reduction (dB)
-60,-65.4965,-5.49645
-57,-62.1594,-5.15941
-54,-59.1513,-5.15127
-51,-56.1418,-5.14175
-48,-53.1218,-5.12176
-45,-50.1554,-5.15535
-42,-47.1183,-5.11832
-39,-44.1979,-5.19786
-36,-41.1481,-5.14813
-33,-38.1927,-5.19273
-30,-35.1968,-5.19681
-27,-32.1898,-5.1898
-24,-29.0934,-5.09338
-21,-26.1088,-5.10879
-18,-23.24,-5.24004
-15,-20.4457,-5.44569
-12,-19.913,-7.91298
-9,-18.2379,-9.23789
-6,-17.6272,-11.6272
-3,-17.112,-14.112
0,-16.5648,-16.5648
