Input (dB),Output (dB),Gain Reduction (dB)
-60,-58.2091,1.79091
-57,-60.7828,-3.78282
-54,-57.7503,-3.75032
-51,-54.6783,-3.6783
-48,-51.7608,-3.76077
-45,-48.7816,-3.78163
-42,-45.7534,-3.75345
-39,-42.8073,-3.80725
-36,-39.7306,-3.73063
-33,-36.7753,-3.77534
-30,-33.7997,-3.79968
-27,-30.7803,-3.78028
-24,-27.7531,-3.75312
-21,-25.1839,-4.18388
-18,-22.4473,-4.44733
-15,-19.5403,-4.54029
-12,-16.5968,-4.59681
-9,-13.7558,-4.75584
-6,-10.7825,-4.78245
-3,-7.78734,-4.78734
0,-4.7005,-4.7005
