{
  "creative_name": "Spectral Freeze Stutter Cascade",
  "category": "Harmonic",
  "description": "Frozen spectral content with chaotic amplitude",
  "tags": [
    "experimental",
    "creative",
    "unconventional"
  ],
  "complexity": 0.7993407799889698,
  "brightness": 0.5248121334487232,
  "warmth": 0.544129706173331,
  "slot1_engine": 54,
  "slot1_bypass": 0.0,
  "slot1_solo": 0.0,
  "slot1_param1": 0.6633143011508258,
  "slot1_param2": 0.34318963537406766,
  "slot1_param3": 0.7419928899479286,
  "slot1_param4": 0.3740761088336096,
  "slot1_param5": 0.4905621626797523,
  "slot1_param6": 0.6736850095021729,
  "slot1_param7": 0.040163252663172416,
  "slot1_param8": 0.8087667495082631,
  "slot1_param9": 0.40732895739613506,
  "slot1_param10": 0.4784642421399077,
  "slot1_param11": 0.9358849488386718,
  "slot1_param12": 0.17734182918709446,
  "slot1_param13": 0.6888612386136148,
  "slot1_param14": 0.41004197493156,
  "slot1_param15": 0.43705155424706266,
  "slot2_engine": 56,
  "slot2_bypass": 0.0,
  "slot2_solo": 0.0,
  "slot2_param1": 0.9702244725930622,
  "slot2_param2": 0.4865603897762224,
  "slot2_param3": 0.7571937668796929,
  "slot2_param4": 0.2217467680861932,
  "slot2_param5": 0.6383400036855178,
  "slot2_param6": 0.4277324036234612,
  "slot2_param7": 0.007469703649162052,
  "slot2_param8": 0.8836519395418541,
  "slot2_param9": 0.5338206798452724,
  "slot2_param10": 0.5615225501879464,
  "slot2_param11": 0.8917140997352908,
  "slot2_param12": 0.4339024647306677,
  "slot2_param13": 0.7822617377672245,
  "slot2_param14": 0.3866342295475534,
  "slot2_param15": 0.7126850862593379,
  "slot3_engine": 52,
  "slot3_bypass": 0.0,
  "slot3_solo": 0.0,
  "slot3_param1": 0.04191312723748883,
  "slot3_param2": 0.7412754113444799,
  "slot3_param3": 0.798500587762238,
  "slot3_param4": 0.3250067009673828,
  "slot3_param5": 0.35383289482878044,
  "slot3_param6": 0.44057353059601967,
  "slot3_param7": 0.5350649043233541,
  "slot3_param8": 0.028764703810152642,
  "slot3_param9": 0.8376063490279348,
  "slot3_param10": 0.281546394541123,
  "slot3_param11": 0.5814777044580544,
  "slot3_param12": 0.5876273577492129,
  "slot3_param13": 0.3945231913286024,
  "slot3_param14": 0.8844456752452372,
  "slot3_param15": 0.4103459742068297,
  "slot4_engine": 0,
  "slot4_bypass": 1.0,
  "slot4_solo": 0.0,
  "slot4_param1": 0.0,
  "slot4_param2": 0.0,
  "slot4_param3": 0.0,
  "slot4_param4": 0.0,
  "slot4_param5": 0.0,
  "slot4_param6": 0.0,
  "slot4_param7": 0.0,
  "slot4_param8": 0.0,
  "slot4_param9": 0.0,
  "slot4_param10": 0.0,
  "slot4_param11": 0.0,
  "slot4_param12": 0.0,
  "slot4_param13": 0.0,
  "slot4_param14": 0.0,
  "slot4_param15": 0.0,
  "slot5_engine": 0,
  "slot5_bypass": 1.0,
  "slot5_solo": 0.0,
  "slot5_param1": 0.0,
  "slot5_param2": 0.0,
  "slot5_param3": 0.0,
  "slot5_param4": 0.0,
  "slot5_param5": 0.0,
  "slot5_param6": 0.0,
  "slot5_param7": 0.0,
  "slot5_param8": 0.0,
  "slot5_param9": 0.0,
  "slot5_param10": 0.0,
  "slot5_param11": 0.0,
  "slot5_param12": 0.0,
  "slot5_param13": 0.0,
  "slot5_param14": 0.0,
  "slot5_param15": 0.0,
  "slot6_engine": 0,
  "slot6_bypass": 1.0,
  "slot6_solo": 0.0,
  "slot6_param1": 0.0,
  "slot6_param2": 0.0,
  "slot6_param3": 0.0,
  "slot6_param4": 0.0,
  "slot6_param5": 0.0,
  "slot6_param6": 0.0,
  "slot6_param7": 0.0,
  "slot6_param8": 0.0,
  "slot6_param9": 0.0,
  "slot6_param10": 0.0,
  "slot6_param11": 0.0,
  "slot6_param12": 0.0,
  "slot6_param13": 0.0,
  "slot6_param14": 0.0,
  "slot6_param15": 0.0,
  "id": "GC_0024",
  "index": 23
}