{
  "creative_name": "Quantum Formant Web + Resonant Modulation",
  "category": "Glitch",
  "description": "Hybrid: Formant-shaped feedback network meets Resonant filtering with chaotic modulation",
  "tags": [
    "experimental",
    "creative",
    "unconventional",
    "hybrid"
  ],
  "complexity": 0.8471623962126504,
  "brightness": 0.5680537287487766,
  "warmth": 0.5379538371839112,
  "slot1_engine": 32,
  "slot1_bypass": 0.0,
  "slot1_solo": 0.0,
  "slot1_param1": 0.0,
  "slot1_param2": 0.6311631448560355,
  "slot1_param3": 0.8956187328258141,
  "slot1_param4": 0.42438723875649165,
  "slot1_param5": 0.4757950817433301,
  "slot1_param6": 0.7052879007641668,
  "slot1_param7": 0.9334180629652093,
  "slot1_param8": 0.5162984303798912,
  "slot1_param9": 1.0,
  "slot1_param10": 0.3259939789363767,
  "slot1_param11": 0.8162552937298863,
  "slot1_param12": 0.09570106443970353,
  "slot1_param13": 0.6760517091987958,
  "slot1_param14": 0.2669376178111792,
  "slot1_param15": 0.6821229500525795,
  "slot2_engine": 31,
  "slot2_bypass": 0.0,
  "slot2_solo": 0.0,
  "slot2_param1": 0.42069211473985885,
  "slot2_param2": 0.6430264995216033,
  "slot2_param3": 0.45476563080231613,
  "slot2_param4": 0.17665122864162866,
  "slot2_param5": 0.578233688274195,
  "slot2_param6": 0.34008578174170134,
  "slot2_param7": 1.0,
  "slot2_param8": 0.4411446169607988,
  "slot2_param9": 0.4754786666626968,
  "slot2_param10": 0.22870945698150402,
  "slot2_param11": 1.0,
  "slot2_param12": 0.21585756499269854,
  "slot2_param13": 0.42943318434360495,
  "slot2_param14": 0.3750391114544554,
  "slot2_param15": 0.8832702319412439,
  "slot3_engine": 39,
  "slot3_bypass": 0.0,
  "slot3_solo": 0.0,
  "slot3_param1": 0.21388360067076673,
  "slot3_param2": 0.5139597194117773,
  "slot3_param3": 0.347304358434274,
  "slot3_param4": 0.41558602290757773,
  "slot3_param5": 1.0,
  "slot3_param6": 0.027566612428165688,
  "slot3_param7": 0.49145292340587865,
  "slot3_param8": 0.21343952151528428,
  "slot3_param9": 0.5480977478147601,
  "slot3_param10": 0.6291658581611421,
  "slot3_param11": 0.24480563982412468,
  "slot3_param12": 0.6658660358975412,
  "slot3_param13": 1.0,
  "slot3_param14": 0.6972996352718558,
  "slot3_param15": 0.5297705233792941,
  "slot4_engine": 37,
  "slot4_bypass": 0.0,
  "slot4_solo": 0.0,
  "slot4_param1": 0.8478270012133138,
  "slot4_param2": 0.4537027687946563,
  "slot4_param3": 0.6498480277457401,
  "slot4_param4": 0.8360078103107398,
  "slot4_param5": 0.6848094596674077,
  "slot4_param6": 0.09260486762288919,
  "slot4_param7": 0.7857741277929426,
  "slot4_param8": 0.16369911017336325,
  "slot4_param9": 0.1604888457899299,
  "slot4_param10": 0.8904176465600353,
  "slot4_param11": 0.5740204950275509,
  "slot4_param12": 0.3454645554722148,
  "slot4_param13": 1.0,
  "slot4_param14": 0.24613471097232614,
  "slot4_param15": 0.7726949075168115,
  "slot5_engine": 52,
  "slot5_bypass": 0.0,
  "slot5_solo": 0.0,
  "slot5_param1": 0.1037474698935977,
  "slot5_param2": 0.5278500586895226,
  "slot5_param3": 0.27484952015019165,
  "slot5_param4": 0.4658928371050189,
  "slot5_param5": 0.6303832825901705,
  "slot5_param6": 0.09303111172149542,
  "slot5_param7": 0.5936928278649575,
  "slot5_param8": 0.1983570636025625,
  "slot5_param9": 1.0,
  "slot5_param10": 0.385885194025083,
  "slot5_param11": 0.6213689453175428,
  "slot5_param12": 0.17889705503399805,
  "slot5_param13": 0.0455172220171543,
  "slot5_param14": 0.5688063191403392,
  "slot5_param15": 0.6402987942513985,
  "slot6_engine": 0,
  "slot6_bypass": 1.0,
  "slot6_solo": 0.0,
  "slot6_param1": 0.0,
  "slot6_param2": 0.0,
  "slot6_param3": 0.0,
  "slot6_param4": 0.0,
  "slot6_param5": 0.0,
  "slot6_param6": 0.0,
  "slot6_param7": 0.0,
  "slot6_param8": 0.0,
  "slot6_param9": 0.0,
  "slot6_param10": 0.0,
  "slot6_param11": 0.0,
  "slot6_param12": 0.0,
  "slot6_param13": 0.0,
  "slot6_param14": 0.0,
  "slot6_param15": 0.0,
  "id": "GC_0121",
  "index": 120
}