{
  "creative_name": "Harmonic Chaos Spiral + Harmonic Chaos Spiral Waves",
  "category": "Spatial",
  "description": "Hybrid: Harmonized chaos with unstable pitch meets Harmonized chaos with unstable pitch",
  "tags": [
    "experimental",
    "creative",
    "unconventional",
    "hybrid"
  ],
  "complexity": 0.8757392443289003,
  "brightness": 0.5064787785196865,
  "warmth": 0.5365058181347095,
  "slot1_engine": 35,
  "slot1_bypass": 0.0,
  "slot1_solo": 0.0,
  "slot1_param1": 0.6783993459549732,
  "slot1_param2": 0.9773542653063124,
  "slot1_param3": 0.011845632185736532,
  "slot1_param4": 0.8116063074129417,
  "slot1_param5": 1.0,
  "slot1_param6": 0.5292894047818608,
  "slot1_param7": 0.97975990871548,
  "slot1_param8": 0.5417972307492227,
  "slot1_param9": 0.26334295674600183,
  "slot1_param10": 0.7066093042343622,
  "slot1_param11": 0.5427183285039363,
  "slot1_param12": 0.5981875220133986,
  "slot1_param13": 0.69291104115968,
  "slot1_param14": 0.32340689508948045,
  "slot1_param15": 0.8265263607210144,
  "slot2_engine": 56,
  "slot2_bypass": 0.0,
  "slot2_solo": 0.0,
  "slot2_param1": 1.0,
  "slot2_param2": 0.30428076804161414,
  "slot2_param3": 0.8005778127669545,
  "slot2_param4": 0.6439581329032269,
  "slot2_param5": 0.9080946433145173,
  "slot2_param6": 0.18945450803022346,
  "slot2_param7": 0.0442264747865061,
  "slot2_param8": 0.7377604890453942,
  "slot2_param9": 0.5303325201724102,
  "slot2_param10": 0.6180744637040699,
  "slot2_param11": 0.9274207966695769,
  "slot2_param12": 0.0995388407846125,
  "slot2_param13": 0.7768020382632967,
  "slot2_param14": 0.8123644979706323,
  "slot2_param15": 0.6870203976956584,
  "slot3_engine": 56,
  "slot3_bypass": 0.0,
  "slot3_solo": 0.0,
  "slot3_param1": 0.07764981209746794,
  "slot3_param2": 0.7711369751855255,
  "slot3_param3": 0.7192144710819438,
  "slot3_param4": 0.5760333341621602,
  "slot3_param5": 0.5482336360636797,
  "slot3_param6": 0.49001595904624434,
  "slot3_param7": 0.957421234510153,
  "slot3_param8": 0.18878490077493448,
  "slot3_param9": 0.5588199005194232,
  "slot3_param10": 0.6638434450604199,
  "slot3_param11": 0.7520457587176351,
  "slot3_param12": 0.33304578757875847,
  "slot3_param13": 0.46661428955825973,
  "slot3_param14": 0.9434798048412885,
  "slot3_param15": 0.7297748675577824,
  "slot4_engine": 27,
  "slot4_bypass": 0.0,
  "slot4_solo": 0.0,
  "slot4_param1": 0.0,
  "slot4_param2": 0.5893500327838437,
  "slot4_param3": 0.2747688941415236,
  "slot4_param4": 0.620044287725426,
  "slot4_param5": 0.4494547906975131,
  "slot4_param6": 0.36573269332653685,
  "slot4_param7": 0.7628259594712303,
  "slot4_param8": 0.4268181439516984,
  "slot4_param9": 0.6437520755359932,
  "slot4_param10": 0.35327918993992063,
  "slot4_param11": 0.8726461192305273,
  "slot4_param12": 0.631322459267412,
  "slot4_param13": 0.09146526681071213,
  "slot4_param14": 0.4610276783994494,
  "slot4_param15": 0.5929757047416884,
  "slot5_engine": 47,
  "slot5_bypass": 0.0,
  "slot5_solo": 0.0,
  "slot5_param1": 0.0,
  "slot5_param2": 0.8760128865174297,
  "slot5_param3": 0.8392874697411217,
  "slot5_param4": 0.18956664232012754,
  "slot5_param5": 0.5394497972480594,
  "slot5_param6": 0.0,
  "slot5_param7": 0.4134415115086154,
  "slot5_param8": 0.17752409659036766,
  "slot5_param9": 0.6348104910634311,
  "slot5_param10": 0.24096988270214903,
  "slot5_param11": 0.7044064538383024,
  "slot5_param12": 0.6353005612670587,
  "slot5_param13": 0.3172220237033963,
  "slot5_param14": 0.8948957593049689,
  "slot5_param15": 0.7066507686547836,
  "slot6_engine": 0,
  "slot6_bypass": 1.0,
  "slot6_solo": 0.0,
  "slot6_param1": 0.0,
  "slot6_param2": 0.0,
  "slot6_param3": 0.0,
  "slot6_param4": 0.0,
  "slot6_param5": 0.0,
  "slot6_param6": 0.0,
  "slot6_param7": 0.0,
  "slot6_param8": 0.0,
  "slot6_param9": 0.0,
  "slot6_param10": 0.0,
  "slot6_param11": 0.0,
  "slot6_param12": 0.0,
  "slot6_param13": 0.0,
  "slot6_param14": 0.0,
  "slot6_param15": 0.0,
  "id": "GC_0140",
  "index": 139
}