{
  "creative_name": "Chaotic Spectral Morphing + Harmonic Web Horizon",
  "category": "Ambient",
  "description": "Hybrid: Constantly evolving spectral content with chaotic modulation meets Complex harmonic textures",
  "tags": [
    "experimental",
    "creative",
    "unconventional",
    "hybrid"
  ],
  "complexity": 0.6019640299990244,
  "brightness": 0.5900204916932827,
  "warmth": 0.4788096883661901,
  "slot1_engine": 56,
  "slot1_bypass": 0.0,
  "slot1_solo": 0.0,
  "slot1_param1": 0.5260661190469841,
  "slot1_param2": 0.31934662156694227,
  "slot1_param3": 1.0,
  "slot1_param4": 0.0,
  "slot1_param5": 0.661018607520603,
  "slot1_param6": 0.31804416649445955,
  "slot1_param7": 0.32813127228140193,
  "slot1_param8": 1.0,
  "slot1_param9": 0.1850624448861418,
  "slot1_param10": 0.6111968210560699,
  "slot1_param11": 1.0,
  "slot1_param12": 0.5209484138085902,
  "slot1_param13": 0.9774969540491094,
  "slot1_param14": 0.21662493132146565,
  "slot1_param15": 0.8075915519546619,
  "slot2_engine": 55,
  "slot2_bypass": 0.0,
  "slot2_solo": 0.0,
  "slot2_param1": 0.8647179698859625,
  "slot2_param2": 0.11752972293146957,
  "slot2_param3": 0.9314893818553684,
  "slot2_param4": 0.2576957598280468,
  "slot2_param5": 0.6307285219586476,
  "slot2_param6": 0.617142494873141,
  "slot2_param7": 0.011590138288274487,
  "slot2_param8": 0.9845815755927853,
  "slot2_param9": 0.6314145591646285,
  "slot2_param10": 0.9195838785793333,
  "slot2_param11": 0.7159193671395598,
  "slot2_param12": 0.01584869253092208,
  "slot2_param13": 0.39917677481365454,
  "slot2_param14": 0.4811956352341818,
  "slot2_param15": 0.6153217242945406,
  "slot3_engine": 54,
  "slot3_bypass": 0.0,
  "slot3_solo": 0.0,
  "slot3_param1": 1.0,
  "slot3_param2": 0.5647157219629184,
  "slot3_param3": 0.8014527585537046,
  "slot3_param4": 0.5339213102370279,
  "slot3_param5": 0.8486844083114315,
  "slot3_param6": 0.8420242573560731,
  "slot3_param7": 0.0,
  "slot3_param8": 0.6148733434249603,
  "slot3_param9": 0.6371927422919625,
  "slot3_param10": 0.6632230758115707,
  "slot3_param11": 1.0,
  "slot3_param12": 0.15083486969695398,
  "slot3_param13": 0.5056272403066827,
  "slot3_param14": 0.5095142981487566,
  "slot3_param15": 0.7213388706423298,
  "slot4_engine": 53,
  "slot4_bypass": 0.0,
  "slot4_solo": 0.0,
  "slot4_param1": 0.74271789417214,
  "slot4_param2": 0.19594301820714255,
  "slot4_param3": 0.7177857196275139,
  "slot4_param4": 0.271841467970618,
  "slot4_param5": 0.42493593839504523,
  "slot4_param6": 0.3395274283026932,
  "slot4_param7": 0.3958387724078845,
  "slot4_param8": 0.7506859137298947,
  "slot4_param9": 0.4357280800595187,
  "slot4_param10": 0.7732612578491538,
  "slot4_param11": 0.6308608163016874,
  "slot4_param12": 0.4349386601668936,
  "slot4_param13": 0.902126271903892,
  "slot4_param14": 0.7309954246104178,
  "slot4_param15": 0.8523844944161245,
  "slot5_engine": 47,
  "slot5_bypass": 0.0,
  "slot5_solo": 0.0,
  "slot5_param1": 0.0,
  "slot5_param2": 0.5473971657986685,
  "slot5_param3": 0.26647815422129884,
  "slot5_param4": 0.6041613237347792,
  "slot5_param5": 0.7363045843198692,
  "slot5_param6": 0.3183066050203856,
  "slot5_param7": 1.0,
  "slot5_param8": 0.0,
  "slot5_param9": 1.0,
  "slot5_param10": 0.35336162409282584,
  "slot5_param11": 0.33223495980459244,
  "slot5_param12": 0.5217084501774143,
  "slot5_param13": 0.12668532760773624,
  "slot5_param14": 0.6192719120801101,
  "slot5_param15": 0.40916977947308397,
  "slot6_engine": 0,
  "slot6_bypass": 1.0,
  "slot6_solo": 0.0,
  "slot6_param1": 0.0,
  "slot6_param2": 0.0,
  "slot6_param3": 0.0,
  "slot6_param4": 0.0,
  "slot6_param5": 0.0,
  "slot6_param6": 0.0,
  "slot6_param7": 0.0,
  "slot6_param8": 0.0,
  "slot6_param9": 0.0,
  "slot6_param10": 0.0,
  "slot6_param11": 0.0,
  "slot6_param12": 0.0,
  "slot6_param13": 0.0,
  "slot6_param14": 0.0,
  "slot6_param15": 0.0,
  "id": "GC_0125",
  "index": 124
}