{
  "creative_name": "Morphing Engineering Test 3",
  "category": "Experimental",
  "description": "Systematic exploration of ChaosGenerator",
  "tags": [
    "experimental",
    "creative",
    "unconventional",
    "systematic"
  ],
  "complexity": 0.6097235850636277,
  "brightness": 0.3587192417815501,
  "warmth": 0.48172693331070726,
  "slot1_engine": 56,
  "slot1_bypass": 0.0,
  "slot1_solo": 0.0,
  "slot1_param1": 0.9342254485674719,
  "slot1_param2": 0.5827153538737113,
  "slot1_param3": 0.8142096207542994,
  "slot1_param4": 0.20030398942351257,
  "slot1_param5": 0.8621245033051173,
  "slot1_param6": 0.6740258185634245,
  "slot1_param7": 0.2366203591696096,
  "slot1_param8": 1.0,
  "slot1_param9": 0.4310804961069974,
  "slot1_param10": 0.8133806543741275,
  "slot1_param11": 0.759543811785103,
  "slot1_param12": 0.3548876435705432,
  "slot1_param13": 0.9287602781497559,
  "slot1_param14": 0.40447983570105733,
  "slot1_param15": 0.722592205457744,
  "slot2_engine": 37,
  "slot2_bypass": 0.0,
  "slot2_solo": 0.0,
  "slot2_param1": 0.25000862882412656,
  "slot2_param2": 1.0,
  "slot2_param3": 0.21165294759147774,
  "slot2_param4": 0.5198532755816485,
  "slot2_param5": 0.8817548619137652,
  "slot2_param6": 0.2067328318421014,
  "slot2_param7": 0.7864028801793648,
  "slot2_param8": 0.31226516070968185,
  "slot2_param9": 0.6869230638702084,
  "slot2_param10": 0.9026023502908251,
  "slot2_param11": 0.5034008834500971,
  "slot2_param12": 0.5807358448742669,
  "slot2_param13": 0.7908366326165885,
  "slot2_param14": 0.6498843710349691,
  "slot2_param15": 0.68571239413022,
  "slot3_engine": 44,
  "slot3_bypass": 0.0,
  "slot3_solo": 0.0,
  "slot3_param1": 0.5026161933919695,
  "slot3_param2": 0.7327483503715253,
  "slot3_param3": 0.9359492712514241,
  "slot3_param4": 0.0,
  "slot3_param5": 0.24191140511746223,
  "slot3_param6": 1.0,
  "slot3_param7": 0.5676406461264287,
  "slot3_param8": 0.3399915721982824,
  "slot3_param9": 1.0,
  "slot3_param10": 0.3167706647306201,
  "slot3_param11": 0.8301117335481207,
  "slot3_param12": 0.1938712701738034,
  "slot3_param13": 0.6285636693383887,
  "slot3_param14": 0.40697426496966826,
  "slot3_param15": 0.830114616103653,
  "slot4_engine": 52,
  "slot4_bypass": 0.0,
  "slot4_solo": 0.0,
  "slot4_param1": 0.023767354837132965,
  "slot4_param2": 0.8730268195219097,
  "slot4_param3": 0.42763321445296304,
  "slot4_param4": 0.29926173257639227,
  "slot4_param5": 0.6984364891888013,
  "slot4_param6": 0.2472096170073252,
  "slot4_param7": 0.7165460283254286,
  "slot4_param8": 0.38536462410263017,
  "slot4_param9": 0.7361735580340245,
  "slot4_param10": 0.5880378471611746,
  "slot4_param11": 0.8422302091400403,
  "slot4_param12": 0.3753464325390325,
  "slot4_param13": 0.3890030796423354,
  "slot4_param14": 0.6920558233310152,
  "slot4_param15": 0.7647277209585202,
  "slot5_engine": 0,
  "slot5_bypass": 1.0,
  "slot5_solo": 0.0,
  "slot5_param1": 0.0,
  "slot5_param2": 0.0,
  "slot5_param3": 0.0,
  "slot5_param4": 0.0,
  "slot5_param5": 0.0,
  "slot5_param6": 0.0,
  "slot5_param7": 0.0,
  "slot5_param8": 0.0,
  "slot5_param9": 0.0,
  "slot5_param10": 0.0,
  "slot5_param11": 0.0,
  "slot5_param12": 0.0,
  "slot5_param13": 0.0,
  "slot5_param14": 0.0,
  "slot5_param15": 0.0,
  "slot6_engine": 0,
  "slot6_bypass": 1.0,
  "slot6_solo": 0.0,
  "slot6_param1": 0.0,
  "slot6_param2": 0.0,
  "slot6_param3": 0.0,
  "slot6_param4": 0.0,
  "slot6_param5": 0.0,
  "slot6_param6": 0.0,
  "slot6_param7": 0.0,
  "slot6_param8": 0.0,
  "slot6_param9": 0.0,
  "slot6_param10": 0.0,
  "slot6_param11": 0.0,
  "slot6_param12": 0.0,
  "slot6_param13": 0.0,
  "slot6_param14": 0.0,
  "slot6_param15": 0.0,
  "id": "GC_0053",
  "index": 52
}