{
  "creative_name": "Harmonic Web Waves",
  "category": "Experimental",
  "description": "Complex harmonic textures",
  "tags": [
    "experimental",
    "creative",
    "unconventional"
  ],
  "complexity": 0.9026457821148564,
  "brightness": 0.5739985916062869,
  "warmth": 0.6664222121485285,
  "slot1_engine": 55,
  "slot1_bypass": 0.0,
  "slot1_solo": 0.0,
  "slot1_param1": 0.0,
  "slot1_param2": 0.601139143821027,
  "slot1_param3": 0.7570174904446312,
  "slot1_param4": 0.4141769876395114,
  "slot1_param5": 0.46764804201545573,
  "slot1_param6": 0.4067670733852882,
  "slot1_param7": 0.6751011841135206,
  "slot1_param8": 0.1079670207668354,
  "slot1_param9": 0.898947222413747,
  "slot1_param10": 0.48136194506052565,
  "slot1_param11": 0.37401283813328934,
  "slot1_param12": 0.3447698062726499,
  "slot1_param13": 0.2723827609334892,
  "slot1_param14": 0.8102198216084981,
  "slot1_param15": 0.8002786487115136,
  "slot2_engine": 35,
  "slot2_bypass": 0.0,
  "slot2_solo": 0.0,
  "slot2_param1": 0.7393790357297216,
  "slot2_param2": 1.0,
  "slot2_param3": 0.297436655841681,
  "slot2_param4": 0.635227548020997,
  "slot2_param5": 0.6370149452011117,
  "slot2_param6": 0.4378823823007735,
  "slot2_param7": 0.4346835118726771,
  "slot2_param8": 0.4723431769555428,
  "slot2_param9": 0.5153666479635572,
  "slot2_param10": 0.7063847582063626,
  "slot2_param11": 0.2407233648911703,
  "slot2_param12": 0.6581723409426,
  "slot2_param13": 0.8989404490965847,
  "slot2_param14": 0.5579720887419671,
  "slot2_param15": 0.6380048620027328,
  "slot3_engine": 53,
  "slot3_bypass": 0.0,
  "slot3_solo": 0.0,
  "slot3_param1": 0.22490345251614688,
  "slot3_param2": 0.9140870657991831,
  "slot3_param3": 0.7193408729867077,
  "slot3_param4": 0.4326193406913521,
  "slot3_param5": 0.34032493051287216,
  "slot3_param6": 0.3454175881873086,
  "slot3_param7": 0.722782820105547,
  "slot3_param8": 0.42486494664821794,
  "slot3_param9": 1.0,
  "slot3_param10": 0.49604851711626746,
  "slot3_param11": 0.6115842541703231,
  "slot3_param12": 0.4441899810955501,
  "slot3_param13": 0.3759412990778152,
  "slot3_param14": 1.0,
  "slot3_param15": 0.46595909167223115,
  "slot4_engine": 52,
  "slot4_bypass": 0.0,
  "slot4_solo": 0.0,
  "slot4_param1": 0.07741873923316464,
  "slot4_param2": 0.9309640928294778,
  "slot4_param3": 0.572336867070831,
  "slot4_param4": 0.20950175437087043,
  "slot4_param5": 0.3930210697683144,
  "slot4_param6": 0.13995483164102465,
  "slot4_param7": 0.8927352709980673,
  "slot4_param8": 0.282087830204282,
  "slot4_param9": 0.9432014956376511,
  "slot4_param10": 0.5869457956448736,
  "slot4_param11": 0.8296272298329779,
  "slot4_param12": 0.34842053427396835,
  "slot4_param13": 0.2667611814039068,
  "slot4_param14": 0.7785369486285345,
  "slot4_param15": 0.8554289112789907,
  "slot5_engine": 0,
  "slot5_bypass": 1.0,
  "slot5_solo": 0.0,
  "slot5_param1": 0.0,
  "slot5_param2": 0.0,
  "slot5_param3": 0.0,
  "slot5_param4": 0.0,
  "slot5_param5": 0.0,
  "slot5_param6": 0.0,
  "slot5_param7": 0.0,
  "slot5_param8": 0.0,
  "slot5_param9": 0.0,
  "slot5_param10": 0.0,
  "slot5_param11": 0.0,
  "slot5_param12": 0.0,
  "slot5_param13": 0.0,
  "slot5_param14": 0.0,
  "slot5_param15": 0.0,
  "slot6_engine": 0,
  "slot6_bypass": 1.0,
  "slot6_solo": 0.0,
  "slot6_param1": 0.0,
  "slot6_param2": 0.0,
  "slot6_param3": 0.0,
  "slot6_param4": 0.0,
  "slot6_param5": 0.0,
  "slot6_param6": 0.0,
  "slot6_param7": 0.0,
  "slot6_param8": 0.0,
  "slot6_param9": 0.0,
  "slot6_param10": 0.0,
  "slot6_param11": 0.0,
  "slot6_param12": 0.0,
  "slot6_param13": 0.0,
  "slot6_param14": 0.0,
  "slot6_param15": 0.0,
  "id": "GC_0010",
  "index": 9
}