{
  "creative_name": "Ethereal Resonant Modulation",
  "category": "Experimental",
  "description": "Resonant filtering with chaotic modulation",
  "tags": [
    "experimental",
    "creative",
    "unconventional"
  ],
  "complexity": 0.6602388764351302,
  "brightness": 0.6196403504251957,
  "warmth": 0.41635103639132565,
  "slot1_engine": 31,
  "slot1_bypass": 0.0,
  "slot1_solo": 0.0,
  "slot1_param1": 0.0,
  "slot1_param2": 1.0,
  "slot1_param3": 0.896748355050392,
  "slot1_param4": 0.1150990777293524,
  "slot1_param5": 0.9253109303863396,
  "slot1_param6": 0.13532166235105197,
  "slot1_param7": 0.9585570139027757,
  "slot1_param8": 0.43465116745363075,
  "slot1_param9": 0.975731543710314,
  "slot1_param10": 0.5566190298677051,
  "slot1_param11": 0.9962310603164799,
  "slot1_param12": 0.6034290478697764,
  "slot1_param13": 0.6751254849522523,
  "slot1_param14": 0.025633272972368393,
  "slot1_param15": 0.7998949169510094,
  "slot2_engine": 56,
  "slot2_bypass": 0.0,
  "slot2_solo": 0.0,
  "slot2_param1": 0.4698190085962088,
  "slot2_param2": 0.39745538338979614,
  "slot2_param3": 0.7073560416441712,
  "slot2_param4": 0.1407462186766237,
  "slot2_param5": 0.7662092318779463,
  "slot2_param6": 0.5340669815901482,
  "slot2_param7": 0.2457678596610557,
  "slot2_param8": 1.0,
  "slot2_param9": 0.47899048651753867,
  "slot2_param10": 0.2802053690082258,
  "slot2_param11": 1.0,
  "slot2_param12": 0.0,
  "slot2_param13": 0.9350255112954411,
  "slot2_param14": 0.734160778236506,
  "slot2_param15": 0.8078163849102119,
  "slot3_engine": 37,
  "slot3_bypass": 0.0,
  "slot3_solo": 0.0,
  "slot3_param1": 0.5573177713214981,
  "slot3_param2": 0.6253818915397846,
  "slot3_param3": 0.5236856079890434,
  "slot3_param4": 0.4039703587855519,
  "slot3_param5": 0.5597560847522149,
  "slot3_param6": 0.32370704079703505,
  "slot3_param7": 0.6861502579565925,
  "slot3_param8": 0.4334658314757486,
  "slot3_param9": 0.7041846404112282,
  "slot3_param10": 0.9071386193446628,
  "slot3_param11": 0.5799611322966627,
  "slot3_param12": 0.6449979817660408,
  "slot3_param13": 1.0,
  "slot3_param14": 0.6808392144373945,
  "slot3_param15": 0.6770102078158788,
  "slot4_engine": 43,
  "slot4_bypass": 0.0,
  "slot4_solo": 0.0,
  "slot4_param1": 1.0,
  "slot4_param2": 1.0,
  "slot4_param3": 0.0,
  "slot4_param4": 1.0,
  "slot4_param5": 0.9126050995516071,
  "slot4_param6": 0.6273805955998846,
  "slot4_param7": 0.7576686550254592,
  "slot4_param8": 1.0,
  "slot4_param9": 0.568518660857277,
  "slot4_param10": 1.0,
  "slot4_param11": 0.4394866055991457,
  "slot4_param12": 1.0,
  "slot4_param13": 0.29161193206711955,
  "slot4_param14": 0.7638218573990365,
  "slot4_param15": 0.6367108276790845,
  "slot5_engine": 0,
  "slot5_bypass": 1.0,
  "slot5_solo": 0.0,
  "slot5_param1": 0.0,
  "slot5_param2": 0.0,
  "slot5_param3": 0.0,
  "slot5_param4": 0.0,
  "slot5_param5": 0.0,
  "slot5_param6": 0.0,
  "slot5_param7": 0.0,
  "slot5_param8": 0.0,
  "slot5_param9": 0.0,
  "slot5_param10": 0.0,
  "slot5_param11": 0.0,
  "slot5_param12": 0.0,
  "slot5_param13": 0.0,
  "slot5_param14": 0.0,
  "slot5_param15": 0.0,
  "slot6_engine": 0,
  "slot6_bypass": 1.0,
  "slot6_solo": 0.0,
  "slot6_param1": 0.0,
  "slot6_param2": 0.0,
  "slot6_param3": 0.0,
  "slot6_param4": 0.0,
  "slot6_param5": 0.0,
  "slot6_param6": 0.0,
  "slot6_param7": 0.0,
  "slot6_param8": 0.0,
  "slot6_param9": 0.0,
  "slot6_param10": 0.0,
  "slot6_param11": 0.0,
  "slot6_param12": 0.0,
  "slot6_param13": 0.0,
  "slot6_param14": 0.0,
  "slot6_param15": 0.0,
  "id": "GC_0036",
  "index": 35
}