{
  "creative_name": "Chaotic Spectral Morphing Flux",
  "category": "Rhythmic",
  "description": "Constantly evolving spectral content with chaotic modulation",
  "tags": [
    "experimental",
    "creative",
    "unconventional"
  ],
  "complexity": 0.7161716759944855,
  "brightness": 0.4906668765330545,
  "warmth": 0.2815126351795557,
  "slot1_engine": 56,
  "slot1_bypass": 0.0,
  "slot1_solo": 0.0,
  "slot1_param1": 0.0,
  "slot1_param2": 0.7613370566819895,
  "slot1_param3": 0.43063174169515694,
  "slot1_param4": 0.2965042727000185,
  "slot1_param5": 0.6968923046287916,
  "slot1_param6": 0.41229598525495537,
  "slot1_param7": 0.7364370932178527,
  "slot1_param8": 0.10591507245716142,
  "slot1_param9": 1.0,
  "slot1_param10": 0.3081874301936934,
  "slot1_param11": 0.7339743766110516,
  "slot1_param12": 0.7628750748862452,
  "slot1_param13": 0.06873371284459565,
  "slot1_param14": 1.0,
  "slot1_param15": 0.4997870184329025,
  "slot2_engine": 54,
  "slot2_bypass": 0.0,
  "slot2_solo": 0.0,
  "slot2_param1": 0.9878484549046467,
  "slot2_param2": 0.6319862252420445,
  "slot2_param3": 1.0,
  "slot2_param4": 0.11390843643776391,
  "slot2_param5": 0.8270318408697964,
  "slot2_param6": 0.2719630157239229,
  "slot2_param7": 0.45750054027909476,
  "slot2_param8": 0.8554998795835174,
  "slot2_param9": 0.5038032395680674,
  "slot2_param10": 0.34432586582570424,
  "slot2_param11": 1.0,
  "slot2_param12": 0.035437154244185254,
  "slot2_param13": 0.9068874859359078,
  "slot2_param14": 0.20762923164241448,
  "slot2_param15": 0.8336932320771435,
  "slot3_engine": 44,
  "slot3_bypass": 0.0,
  "slot3_solo": 0.0,
  "slot3_param1": 0.5379946475678647,
  "slot3_param2": 0.7182413937308494,
  "slot3_param3": 0.8201254900231786,
  "slot3_param4": 0.3557804482052559,
  "slot3_param5": 0.06522524282240319,
  "slot3_param6": 0.735879711502277,
  "slot3_param7": 0.814336388027124,
  "slot3_param8": 0.39995182987778294,
  "slot3_param9": 0.9116542414656017,
  "slot3_param10": 0.49451683918949424,
  "slot3_param11": 0.8237100622048512,
  "slot3_param12": 0.4288806590481354,
  "slot3_param13": 0.813653247177474,
  "slot3_param14": 0.7311117952072328,
  "slot3_param15": 0.6651237789930899,
  "slot4_engine": 0,
  "slot4_bypass": 1.0,
  "slot4_solo": 0.0,
  "slot4_param1": 0.0,
  "slot4_param2": 0.0,
  "slot4_param3": 0.0,
  "slot4_param4": 0.0,
  "slot4_param5": 0.0,
  "slot4_param6": 0.0,
  "slot4_param7": 0.0,
  "slot4_param8": 0.0,
  "slot4_param9": 0.0,
  "slot4_param10": 0.0,
  "slot4_param11": 0.0,
  "slot4_param12": 0.0,
  "slot4_param13": 0.0,
  "slot4_param14": 0.0,
  "slot4_param15": 0.0,
  "slot5_engine": 0,
  "slot5_bypass": 1.0,
  "slot5_solo": 0.0,
  "slot5_param1": 0.0,
  "slot5_param2": 0.0,
  "slot5_param3": 0.0,
  "slot5_param4": 0.0,
  "slot5_param5": 0.0,
  "slot5_param6": 0.0,
  "slot5_param7": 0.0,
  "slot5_param8": 0.0,
  "slot5_param9": 0.0,
  "slot5_param10": 0.0,
  "slot5_param11": 0.0,
  "slot5_param12": 0.0,
  "slot5_param13": 0.0,
  "slot5_param14": 0.0,
  "slot5_param15": 0.0,
  "slot6_engine": 0,
  "slot6_bypass": 1.0,
  "slot6_solo": 0.0,
  "slot6_param1": 0.0,
  "slot6_param2": 0.0,
  "slot6_param3": 0.0,
  "slot6_param4": 0.0,
  "slot6_param5": 0.0,
  "slot6_param6": 0.0,
  "slot6_param7": 0.0,
  "slot6_param8": 0.0,
  "slot6_param9": 0.0,
  "slot6_param10": 0.0,
  "slot6_param11": 0.0,
  "slot6_param12": 0.0,
  "slot6_param13": 0.0,
  "slot6_param14": 0.0,
  "slot6_param15": 0.0,
  "id": "GC_0035",
  "index": 34
}