{
  "creative_name": "Chromatic Engineering Test 10",
  "category": "Experimental",
  "description": "Systematic exploration of BucketBrigadeDelay",
  "tags": [
    "experimental",
    "creative",
    "unconventional",
    "systematic"
  ],
  "complexity": 0.6517030887418237,
  "brightness": 0.7836342629276012,
  "warmth": 0.6331554048868815,
  "slot1_engine": 53,
  "slot1_bypass": 0.0,
  "slot1_solo": 0.0,
  "slot1_param1": 0.0,
  "slot1_param2": 0.5872722561623482,
  "slot1_param3": 0.350266283394069,
  "slot1_param4": 0.21423460354431156,
  "slot1_param5": 0.32680351654723355,
  "slot1_param6": 0.4523573031976808,
  "slot1_param7": 0.9365245225260531,
  "slot1_param8": 0.0,
  "slot1_param9": 0.908439671298181,
  "slot1_param10": 0.6306411899722054,
  "slot1_param11": 0.8000610983298866,
  "slot1_param12": 0.3663678785901605,
  "slot1_param13": 0.17913423860032474,
  "slot1_param14": 0.5910672629255928,
  "slot1_param15": 0.7306234573712893,
  "slot2_engine": 0,
  "slot2_bypass": 1.0,
  "slot2_solo": 0.0,
  "slot2_param1": 0.0,
  "slot2_param2": 0.0,
  "slot2_param3": 0.0,
  "slot2_param4": 0.0,
  "slot2_param5": 0.0,
  "slot2_param6": 0.0,
  "slot2_param7": 0.0,
  "slot2_param8": 0.0,
  "slot2_param9": 0.0,
  "slot2_param10": 0.0,
  "slot2_param11": 0.0,
  "slot2_param12": 0.0,
  "slot2_param13": 0.0,
  "slot2_param14": 0.0,
  "slot2_param15": 0.0,
  "slot3_engine": 44,
  "slot3_bypass": 0.0,
  "slot3_solo": 0.0,
  "slot3_param1": 0.40118003812557335,
  "slot3_param2": 0.810808322344055,
  "slot3_param3": 0.7488686670461973,
  "slot3_param4": 0.0,
  "slot3_param5": 0.5462760616853367,
  "slot3_param6": 0.8373239851043515,
  "slot3_param7": 0.6455515514119763,
  "slot3_param8": 0.2661483121518322,
  "slot3_param9": 1.0,
  "slot3_param10": 0.4453382867464963,
  "slot3_param11": 0.8045298811122145,
  "slot3_param12": 0.3011420200401597,
  "slot3_param13": 0.9585968588497868,
  "slot3_param14": 0.6115806974778937,
  "slot3_param15": 0.7610551381586799,
  "slot4_engine": 47,
  "slot4_bypass": 0.0,
  "slot4_solo": 0.0,
  "slot4_param1": 0.0,
  "slot4_param2": 0.9222818625778024,
  "slot4_param3": 0.6915597334805127,
  "slot4_param4": 0.190059036780568,
  "slot4_param5": 0.36616288394952284,
  "slot4_param6": 0.3442379972513232,
  "slot4_param7": 0.6371195014089908,
  "slot4_param8": 0.031893961122390735,
  "slot4_param9": 0.8367277142025904,
  "slot4_param10": 0.38202742301281994,
  "slot4_param11": 0.3807348748064757,
  "slot4_param12": 0.30769300602289107,
  "slot4_param13": 0.4718268748719787,
  "slot4_param14": 0.7636312434891186,
  "slot4_param15": 0.515240163097244,
  "slot5_engine": 0,
  "slot5_bypass": 1.0,
  "slot5_solo": 0.0,
  "slot5_param1": 0.0,
  "slot5_param2": 0.0,
  "slot5_param3": 0.0,
  "slot5_param4": 0.0,
  "slot5_param5": 0.0,
  "slot5_param6": 0.0,
  "slot5_param7": 0.0,
  "slot5_param8": 0.0,
  "slot5_param9": 0.0,
  "slot5_param10": 0.0,
  "slot5_param11": 0.0,
  "slot5_param12": 0.0,
  "slot5_param13": 0.0,
  "slot5_param14": 0.0,
  "slot5_param15": 0.0,
  "slot6_engine": 0,
  "slot6_bypass": 1.0,
  "slot6_solo": 0.0,
  "slot6_param1": 0.0,
  "slot6_param2": 0.0,
  "slot6_param3": 0.0,
  "slot6_param4": 0.0,
  "slot6_param5": 0.0,
  "slot6_param6": 0.0,
  "slot6_param7": 0.0,
  "slot6_param8": 0.0,
  "slot6_param9": 0.0,
  "slot6_param10": 0.0,
  "slot6_param11": 0.0,
  "slot6_param12": 0.0,
  "slot6_param13": 0.0,
  "slot6_param14": 0.0,
  "slot6_param15": 0.0,
  "id": "GC_0060",
  "index": 59
}