{
  "creative_name": "Quantum Spectral Resonance + Pitch Spiral",
  "category": "Spatial",
  "description": "Hybrid: Resonant spectral sweeps meets Ascending pitch spirals with granular texture",
  "tags": [
    "experimental",
    "creative",
    "unconventional",
    "hybrid"
  ],
  "complexity": 0.8997358689420714,
  "brightness": 0.5734306668424001,
  "warmth": 0.5564650583237566,
  "slot1_engine": 54,
  "slot1_bypass": 0.0,
  "slot1_solo": 0.0,
  "slot1_param1": 0.0111085994068503,
  "slot1_param2": 0.8013446367930139,
  "slot1_param3": 0.8971539086781969,
  "slot1_param4": 0.22065469574750185,
  "slot1_param5": 0.36095860120221934,
  "slot1_param6": 0.0,
  "slot1_param7": 0.9334370734756271,
  "slot1_param8": 0.0,
  "slot1_param9": 0.6017036637075751,
  "slot1_param10": 0.3292815694475448,
  "slot1_param11": 0.2933739733618147,
  "slot1_param12": 0.8026459777153879,
  "slot1_param13": 0.1513215838230749,
  "slot1_param14": 0.8802965326811604,
  "slot1_param15": 0.8784564116878848,
  "slot2_engine": 34,
  "slot2_bypass": 0.0,
  "slot2_solo": 0.0,
  "slot2_param1": 0.7833576144526654,
  "slot2_param2": 0.9948020139037909,
  "slot2_param3": 0.38018447853231485,
  "slot2_param4": 0.4849350527818981,
  "slot2_param5": 0.5518651811692941,
  "slot2_param6": 0.14885002625982185,
  "slot2_param7": 1.0,
  "slot2_param8": 0.4924114675244203,
  "slot2_param9": 0.5058449533657907,
  "slot2_param10": 1.0,
  "slot2_param11": 0.15882977328594688,
  "slot2_param12": 0.34883677807712354,
  "slot2_param13": 1.0,
  "slot2_param14": 0.2478291767802422,
  "slot2_param15": 0.5212781211908004,
  "slot3_engine": 31,
  "slot3_bypass": 0.0,
  "slot3_solo": 0.0,
  "slot3_param1": 0.29291710744238425,
  "slot3_param2": 0.7585123943999883,
  "slot3_param3": 0.7237152858189613,
  "slot3_param4": 0.012140645483869672,
  "slot3_param5": 0.5083403750410704,
  "slot3_param6": 0.3356734099528439,
  "slot3_param7": 0.5064481604407137,
  "slot3_param8": 0.4400427737457045,
  "slot3_param9": 0.9347631761702756,
  "slot3_param10": 0.5056265842139731,
  "slot3_param11": 0.7566288668860897,
  "slot3_param12": 0.5021186366820689,
  "slot3_param13": 0.42603741236910886,
  "slot3_param14": 0.4340198359148027,
  "slot3_param15": 0.6306919205581967,
  "slot4_engine": 53,
  "slot4_bypass": 0.0,
  "slot4_solo": 0.0,
  "slot4_param1": 0.7013155825959094,
  "slot4_param2": 0.22019488847247803,
  "slot4_param3": 1.0,
  "slot4_param4": 0.4205785203704436,
  "slot4_param5": 0.986611248178392,
  "slot4_param6": 0.27168889415115016,
  "slot4_param7": 0.4646190937371211,
  "slot4_param8": 0.5195867595764083,
  "slot4_param9": 0.3989988019480993,
  "slot4_param10": 0.8732635026078135,
  "slot4_param11": 1.0,
  "slot4_param12": 0.4332922394014475,
  "slot4_param13": 0.49977130441150075,
  "slot4_param14": 0.72594828915401,
  "slot4_param15": 0.6651013899830345,
  "slot5_engine": 51,
  "slot5_bypass": 0.0,
  "slot5_solo": 0.0,
  "slot5_param1": 0.0,
  "slot5_param2": 0.5826761819660256,
  "slot5_param3": 0.5909048101131902,
  "slot5_param4": 0.3036504618125972,
  "slot5_param5": 0.4695422639754233,
  "slot5_param6": 0.1634271725635371,
  "slot5_param7": 0.635539034563966,
  "slot5_param8": 0.42533809504330705,
  "slot5_param9": 1.0,
  "slot5_param10": 0.6807887875459967,
  "slot5_param11": 0.3037464448126961,
  "slot5_param12": 0.6008187381385479,
  "slot5_param13": 0.0,
  "slot5_param14": 0.8820949036508321,
  "slot5_param15": 0.5109881343063911,
  "slot6_engine": 0,
  "slot6_bypass": 1.0,
  "slot6_solo": 0.0,
  "slot6_param1": 0.0,
  "slot6_param2": 0.0,
  "slot6_param3": 0.0,
  "slot6_param4": 0.0,
  "slot6_param5": 0.0,
  "slot6_param6": 0.0,
  "slot6_param7": 0.0,
  "slot6_param8": 0.0,
  "slot6_param9": 0.0,
  "slot6_param10": 0.0,
  "slot6_param11": 0.0,
  "slot6_param12": 0.0,
  "slot6_param13": 0.0,
  "slot6_param14": 0.0,
  "slot6_param15": 0.0,
  "id": "GC_0144",
  "index": 143
}