{
  "creative_name": "Engineering Test 16 Cascade",
  "category": "Experimental",
  "description": "Systematic exploration of SpectralFreeze",
  "tags": [
    "experimental",
    "creative",
    "unconventional",
    "systematic"
  ],
  "complexity": 0.7856770115285887,
  "brightness": 0.5267936614648936,
  "warmth": 0.25041272811274917,
  "slot1_engine": 54,
  "slot1_bypass": 0.0,
  "slot1_solo": 0.0,
  "slot1_param1": 1.0,
  "slot1_param2": 0.3941924531564101,
  "slot1_param3": 0.8329607998252541,
  "slot1_param4": 0.40063478726244056,
  "slot1_param5": 0.5490026153722947,
  "slot1_param6": 0.35280983186766995,
  "slot1_param7": 0.33141496503730145,
  "slot1_param8": 0.7511935011776134,
  "slot1_param9": 0.42705070398990574,
  "slot1_param10": 0.4135056755920079,
  "slot1_param11": 0.7087197173822926,
  "slot1_param12": 0.24228342233980454,
  "slot1_param13": 0.7558509177138797,
  "slot1_param14": 0.25355355421952835,
  "slot1_param15": 0.8410196527616203,
  "slot2_engine": 44,
  "slot2_bypass": 0.0,
  "slot2_solo": 0.0,
  "slot2_param1": 0.20203614624942773,
  "slot2_param2": 0.895834473285799,
  "slot2_param3": 0.6575862419318677,
  "slot2_param4": 0.043692991758195826,
  "slot2_param5": 0.3638360771571818,
  "slot2_param6": 0.7883934110523863,
  "slot2_param7": 0.7982622755519999,
  "slot2_param8": 0.31940928128414653,
  "slot2_param9": 0.8508460077603825,
  "slot2_param10": 0.26805695040778443,
  "slot2_param11": 0.9413089181287821,
  "slot2_param12": 0.2654267514696262,
  "slot2_param13": 0.9805842244935403,
  "slot2_param14": 0.3160610880939629,
  "slot2_param15": 0.6099587861908813,
  "slot3_engine": 46,
  "slot3_bypass": 0.0,
  "slot3_solo": 0.0,
  "slot3_param1": 0.7687033763079913,
  "slot3_param2": 0.9167056000260712,
  "slot3_param3": 0.06244179821762774,
  "slot3_param4": 1.0,
  "slot3_param5": 0.7798400947649731,
  "slot3_param6": 0.5264730239615207,
  "slot3_param7": 0.33405637111558795,
  "slot3_param8": 1.0,
  "slot3_param9": 0.40153539153812046,
  "slot3_param10": 0.9960626163007049,
  "slot3_param11": 0.36051731146493454,
  "slot3_param12": 0.6266093205610344,
  "slot3_param13": 0.6944096558283357,
  "slot3_param14": 1.0,
  "slot3_param15": 0.4723339299510856,
  "slot4_engine": 52,
  "slot4_bypass": 0.0,
  "slot4_solo": 0.0,
  "slot4_param1": 0.16548837892597287,
  "slot4_param2": 0.9106826131167967,
  "slot4_param3": 0.5833282898481167,
  "slot4_param4": 0.5589952417639605,
  "slot4_param5": 0.623323676353543,
  "slot4_param6": 0.1424874121890659,
  "slot4_param7": 0.7848240112835834,
  "slot4_param8": 0.20495811046201284,
  "slot4_param9": 0.8487978295720089,
  "slot4_param10": 0.44049797678445296,
  "slot4_param11": 0.6824672402195888,
  "slot4_param12": 0.5712707304063175,
  "slot4_param13": 0.06865172112874951,
  "slot4_param14": 0.9430951736803024,
  "slot4_param15": 0.7222959502450368,
  "slot5_engine": 0,
  "slot5_bypass": 1.0,
  "slot5_solo": 0.0,
  "slot5_param1": 0.0,
  "slot5_param2": 0.0,
  "slot5_param3": 0.0,
  "slot5_param4": 0.0,
  "slot5_param5": 0.0,
  "slot5_param6": 0.0,
  "slot5_param7": 0.0,
  "slot5_param8": 0.0,
  "slot5_param9": 0.0,
  "slot5_param10": 0.0,
  "slot5_param11": 0.0,
  "slot5_param12": 0.0,
  "slot5_param13": 0.0,
  "slot5_param14": 0.0,
  "slot5_param15": 0.0,
  "slot6_engine": 0,
  "slot6_bypass": 1.0,
  "slot6_solo": 0.0,
  "slot6_param1": 0.0,
  "slot6_param2": 0.0,
  "slot6_param3": 0.0,
  "slot6_param4": 0.0,
  "slot6_param5": 0.0,
  "slot6_param6": 0.0,
  "slot6_param7": 0.0,
  "slot6_param8": 0.0,
  "slot6_param9": 0.0,
  "slot6_param10": 0.0,
  "slot6_param11": 0.0,
  "slot6_param12": 0.0,
  "slot6_param13": 0.0,
  "slot6_param14": 0.0,
  "slot6_param15": 0.0,
  "id": "GC_0066",
  "index": 65
}