{
  "creative_name": "Quantum Ambient Drift",
  "category": "Experimental",
  "description": "Slowly evolving ambient textures",
  "tags": [
    "experimental",
    "creative",
    "unconventional",
    "ambient",
    "tension",
    "atmospheric"
  ],
  "complexity": 0.6791041260808309,
  "brightness": 0.4178161488474843,
  "warmth": 0.3392695973514591,
  "slot1_engine": 54,
  "slot1_bypass": 0.0,
  "slot1_solo": 0.0,
  "slot1_param1": 0.0,
  "slot1_param2": 0.907722507832587,
  "slot1_param3": 0.6569297585927718,
  "slot1_param4": 0.6749440747809592,
  "slot1_param5": 0.6444363729834262,
  "slot1_param6": 0.15331220268919402,
  "slot1_param7": 0.7837648599762449,
  "slot1_param8": 0.44687748015235607,
  "slot1_param9": 1.0,
  "slot1_param10": 0.6706270592589729,
  "slot1_param11": 0.32747854318572167,
  "slot1_param12": 0.5889131050074246,
  "slot1_param13": 0.12120358805242659,
  "slot1_param14": 1.0,
  "slot1_param15": 0.4281926083858608,
  "slot2_engine": 44,
  "slot2_bypass": 0.0,
  "slot2_solo": 0.0,
  "slot2_param1": 0.3271032504135971,
  "slot2_param2": 0.9920899879615179,
  "slot2_param3": 0.8409324050174787,
  "slot2_param4": 0.0,
  "slot2_param5": 0.32520507380516384,
  "slot2_param6": 0.7508598677942622,
  "slot2_param7": 0.7569799361823408,
  "slot2_param8": 0.293134765036982,
  "slot2_param9": 1.0,
  "slot2_param10": 0.1251777075369011,
  "slot2_param11": 0.798455957763312,
  "slot2_param12": 0.5476399534791264,
  "slot2_param13": 0.6065750377510013,
  "slot2_param14": 0.6694218383121271,
  "slot2_param15": 0.43896313599821357,
  "slot3_engine": 56,
  "slot3_bypass": 0.0,
  "slot3_solo": 0.0,
  "slot3_param1": 0.5946810719049814,
  "slot3_param2": 0.40855421773524686,
  "slot3_param3": 0.6449975079430885,
  "slot3_param4": 0.25167350967048335,
  "slot3_param5": 0.8022617014168973,
  "slot3_param6": 0.28184831302618113,
  "slot3_param7": 0.1348134304850168,
  "slot3_param8": 0.7307442180135629,
  "slot3_param9": 0.3516238268707478,
  "slot3_param10": 0.6978589490890333,
  "slot3_param11": 0.7223980346642107,
  "slot3_param12": 0.3724136779364096,
  "slot3_param13": 0.8038039898538907,
  "slot3_param14": 0.5755293862477742,
  "slot3_param15": 0.6920654419647813,
  "slot4_engine": 51,
  "slot4_bypass": 0.0,
  "slot4_solo": 0.0,
  "slot4_param1": 0.2359889303216193,
  "slot4_param2": 0.841551287358538,
  "slot4_param3": 0.6387568123310492,
  "slot4_param4": 0.6986578239661967,
  "slot4_param5": 0.2668484342026962,
  "slot4_param6": 0.04021412336641628,
  "slot4_param7": 0.5948823334504394,
  "slot4_param8": 0.0,
  "slot4_param9": 1.0,
  "slot4_param10": 0.3646690614935278,
  "slot4_param11": 0.7327576982726942,
  "slot4_param12": 0.33486844326998655,
  "slot4_param13": 0.1207161995808877,
  "slot4_param14": 0.8709674959982769,
  "slot4_param15": 0.6774075680819369,
  "slot5_engine": 52,
  "slot5_bypass": 0.0,
  "slot5_solo": 0.0,
  "slot5_param1": 0.0,
  "slot5_param2": 0.9262433716154872,
  "slot5_param3": 0.500616564550721,
  "slot5_param4": 0.19078544493651756,
  "slot5_param5": 0.472848518395457,
  "slot5_param6": 0.05208854993372561,
  "slot5_param7": 0.4660309320293437,
  "slot5_param8": 0.28694798400089616,
  "slot5_param9": 1.0,
  "slot5_param10": 0.24799647347453646,
  "slot5_param11": 0.41294815277792174,
  "slot5_param12": 0.5090942269992602,
  "slot5_param13": 0.37326133618736707,
  "slot5_param14": 0.6840733010404987,
  "slot5_param15": 0.4734414579346988,
  "slot6_engine": 0,
  "slot6_bypass": 1.0,
  "slot6_solo": 0.0,
  "slot6_param1": 0.0,
  "slot6_param2": 0.0,
  "slot6_param3": 0.0,
  "slot6_param4": 0.0,
  "slot6_param5": 0.0,
  "slot6_param6": 0.0,
  "slot6_param7": 0.0,
  "slot6_param8": 0.0,
  "slot6_param9": 0.0,
  "slot6_param10": 0.0,
  "slot6_param11": 0.0,
  "slot6_param12": 0.0,
  "slot6_param13": 0.0,
  "slot6_param14": 0.0,
  "slot6_param15": 0.0,
  "id": "GC_0106",
  "context": "Film Score",
  "index": 105
}