{
  "creative_name": "Kaleidoscope Ambient Drift",
  "category": "Glitch",
  "description": "Slowly evolving ambient textures",
  "tags": [
    "experimental",
    "creative",
    "unconventional",
    "ambient",
    "tension",
    "atmospheric"
  ],
  "complexity": 0.7807172198748868,
  "brightness": 0.7536094623743217,
  "warmth": 0.654279289635788,
  "slot1_engine": 54,
  "slot1_bypass": 0.0,
  "slot1_solo": 0.0,
  "slot1_param1": 0.3293446156563188,
  "slot1_param2": 1.0,
  "slot1_param3": 0.6121716431032169,
  "slot1_param4": 0.23992911386862179,
  "slot1_param5": 0.5397930946672225,
  "slot1_param6": 0.04717001378116259,
  "slot1_param7": 0.7570790696184038,
  "slot1_param8": 0.01455498996256116,
  "slot1_param9": 0.658963396507211,
  "slot1_param10": 0.6482489309754782,
  "slot1_param11": 0.4221117477973142,
  "slot1_param12": 0.37832629136790197,
  "slot1_param13": 0.18149920229972863,
  "slot1_param14": 0.8851381815055339,
  "slot1_param15": 0.7834195515916454,
  "slot2_engine": 44,
  "slot2_bypass": 0.0,
  "slot2_solo": 0.0,
  "slot2_param1": 0.29604368254141,
  "slot2_param2": 0.9062083245858625,
  "slot2_param3": 1.0,
  "slot2_param4": 0.3894170226509849,
  "slot2_param5": 0.02363904551413376,
  "slot2_param6": 0.9452381911430834,
  "slot2_param7": 0.6887049480247578,
  "slot2_param8": 0.4925337416723373,
  "slot2_param9": 1.0,
  "slot2_param10": 0.5738688678547776,
  "slot2_param11": 0.9853297091541315,
  "slot2_param12": 0.2113380372523403,
  "slot2_param13": 0.6167963928805102,
  "slot2_param14": 0.24246584182656883,
  "slot2_param15": 0.8012403971875204,
  "slot3_engine": 56,
  "slot3_bypass": 0.0,
  "slot3_solo": 0.0,
  "slot3_param1": 0.5520848527174766,
  "slot3_param2": 0.37594831239799154,
  "slot3_param3": 1.0,
  "slot3_param4": 0.5112992930162007,
  "slot3_param5": 0.4043282172306522,
  "slot3_param6": 0.6826928267158279,
  "slot3_param7": 0.31709779005605737,
  "slot3_param8": 0.5904224187639957,
  "slot3_param9": 0.5774517522017855,
  "slot3_param10": 0.6895402752592433,
  "slot3_param11": 0.6706715619548422,
  "slot3_param12": 0.19699847556715924,
  "slot3_param13": 0.6347365736440163,
  "slot3_param14": 0.7441091303902447,
  "slot3_param15": 0.8931153047625693,
  "slot4_engine": 51,
  "slot4_bypass": 0.0,
  "slot4_solo": 0.0,
  "slot4_param1": 0.0,
  "slot4_param2": 0.8298512085312432,
  "slot4_param3": 0.5467921751386964,
  "slot4_param4": 0.4733201590841888,
  "slot4_param5": 0.37016457224934474,
  "slot4_param6": 0.4129870982243285,
  "slot4_param7": 0.47983540282113063,
  "slot4_param8": 0.09026353376339527,
  "slot4_param9": 0.6727109752294237,
  "slot4_param10": 0.3374984942696401,
  "slot4_param11": 0.45821151747738886,
  "slot4_param12": 0.5707073450398128,
  "slot4_param13": 0.5120099016512842,
  "slot4_param14": 0.7624643288902218,
  "slot4_param15": 0.6796621275538712,
  "slot5_engine": 52,
  "slot5_bypass": 0.0,
  "slot5_solo": 0.0,
  "slot5_param1": 0.026930766823325902,
  "slot5_param2": 0.9773126170886255,
  "slot5_param3": 0.47164611691003283,
  "slot5_param4": 0.4533539350765977,
  "slot5_param5": 0.30098383559605196,
  "slot5_param6": 0.5656487578384014,
  "slot5_param7": 0.9338511785075534,
  "slot5_param8": 0.14715884500208865,
  "slot5_param9": 0.6016066587261347,
  "slot5_param10": 0.26042596066000223,
  "slot5_param11": 0.5885388042932165,
  "slot5_param12": 0.5342157599519444,
  "slot5_param13": 0.3018463789477305,
  "slot5_param14": 0.7065210706265544,
  "slot5_param15": 0.8888107235489029,
  "slot6_engine": 0,
  "slot6_bypass": 1.0,
  "slot6_solo": 0.0,
  "slot6_param1": 0.0,
  "slot6_param2": 0.0,
  "slot6_param3": 0.0,
  "slot6_param4": 0.0,
  "slot6_param5": 0.0,
  "slot6_param6": 0.0,
  "slot6_param7": 0.0,
  "slot6_param8": 0.0,
  "slot6_param9": 0.0,
  "slot6_param10": 0.0,
  "slot6_param11": 0.0,
  "slot6_param12": 0.0,
  "slot6_param13": 0.0,
  "slot6_param14": 0.0,
  "slot6_param15": 0.0,
  "id": "GC_0091",
  "context": "Film Score",
  "index": 90
}