{
  "creative_name": "Engineering Test 5 Flux",
  "category": "Glitch",
  "description": "Systematic exploration of BucketBrigadeDelay",
  "tags": [
    "experimental",
    "creative",
    "unconventional",
    "systematic"
  ],
  "complexity": 0.930158774792326,
  "brightness": 0.5382472666874666,
  "warmth": 0.23353609408981724,
  "slot1_engine": 53,
  "slot1_bypass": 0.0,
  "slot1_solo": 0.0,
  "slot1_param1": 0.2992125780636843,
  "slot1_param2": 0.6283579837736155,
  "slot1_param3": 0.6342638560426148,
  "slot1_param4": 0.5969581456009132,
  "slot1_param5": 0.7206327633536801,
  "slot1_param6": 0.05662082106889976,
  "slot1_param7": 0.5262757352184178,
  "slot1_param8": 0.3191873237006045,
  "slot1_param9": 0.82064367498826,
  "slot1_param10": 0.2536996147528759,
  "slot1_param11": 0.6297543751105074,
  "slot1_param12": 0.6780039736724167,
  "slot1_param13": 0.10789352679343606,
  "slot1_param14": 0.8184822839827953,
  "slot1_param15": 0.6846774381319924,
  "slot2_engine": 0,
  "slot2_bypass": 1.0,
  "slot2_solo": 0.0,
  "slot2_param1": 0.0,
  "slot2_param2": 0.0,
  "slot2_param3": 0.0,
  "slot2_param4": 0.0,
  "slot2_param5": 0.0,
  "slot2_param6": 0.0,
  "slot2_param7": 0.0,
  "slot2_param8": 0.0,
  "slot2_param9": 0.0,
  "slot2_param10": 0.0,
  "slot2_param11": 0.0,
  "slot2_param12": 0.0,
  "slot2_param13": 0.0,
  "slot2_param14": 0.0,
  "slot2_param15": 0.0,
  "slot3_engine": 44,
  "slot3_bypass": 0.0,
  "slot3_solo": 0.0,
  "slot3_param1": 0.7709798255316722,
  "slot3_param2": 0.8950428713159205,
  "slot3_param3": 0.20311495244339373,
  "slot3_param4": 0.5707791242097315,
  "slot3_param5": 0.6294380567471409,
  "slot3_param6": 0.5378847694929292,
  "slot3_param7": 0.32204430851260707,
  "slot3_param8": 0.7785760037283525,
  "slot3_param9": 0.06317520041545754,
  "slot3_param10": 0.6217394552290452,
  "slot3_param11": 0.4266766336563374,
  "slot3_param12": 0.6684364982212851,
  "slot3_param13": 0.627192371950766,
  "slot3_param14": 0.6700899153293407,
  "slot3_param15": 0.5079291891936861,
  "slot4_engine": 47,
  "slot4_bypass": 0.0,
  "slot4_solo": 0.0,
  "slot4_param1": 0.03458712767524205,
  "slot4_param2": 0.6319654922641993,
  "slot4_param3": 0.8027011431962907,
  "slot4_param4": 0.29109385310155467,
  "slot4_param5": 0.4102401155990663,
  "slot4_param6": 0.09722069985817827,
  "slot4_param7": 0.5692730387424866,
  "slot4_param8": 0.1615747243476311,
  "slot4_param9": 0.9049106222068125,
  "slot4_param10": 0.568566622203087,
  "slot4_param11": 0.6029223366192793,
  "slot4_param12": 0.33262054247230305,
  "slot4_param13": 0.5004173807189267,
  "slot4_param14": 0.5575826306040434,
  "slot4_param15": 0.45411315005460356,
  "slot5_engine": 0,
  "slot5_bypass": 1.0,
  "slot5_solo": 0.0,
  "slot5_param1": 0.0,
  "slot5_param2": 0.0,
  "slot5_param3": 0.0,
  "slot5_param4": 0.0,
  "slot5_param5": 0.0,
  "slot5_param6": 0.0,
  "slot5_param7": 0.0,
  "slot5_param8": 0.0,
  "slot5_param9": 0.0,
  "slot5_param10": 0.0,
  "slot5_param11": 0.0,
  "slot5_param12": 0.0,
  "slot5_param13": 0.0,
  "slot5_param14": 0.0,
  "slot5_param15": 0.0,
  "slot6_engine": 0,
  "slot6_bypass": 1.0,
  "slot6_solo": 0.0,
  "slot6_param1": 0.0,
  "slot6_param2": 0.0,
  "slot6_param3": 0.0,
  "slot6_param4": 0.0,
  "slot6_param5": 0.0,
  "slot6_param6": 0.0,
  "slot6_param7": 0.0,
  "slot6_param8": 0.0,
  "slot6_param9": 0.0,
  "slot6_param10": 0.0,
  "slot6_param11": 0.0,
  "slot6_param12": 0.0,
  "slot6_param13": 0.0,
  "slot6_param14": 0.0,
  "slot6_param15": 0.0,
  "id": "GC_0055",
  "index": 54
}