{
  "creative_name": "Harmonic Chaos Spiral + Ambient Drift Echo",
  "category": "Ambient",
  "description": "Hybrid: Harmonized chaos with unstable pitch meets Slowly evolving ambient textures",
  "tags": [
    "experimental",
    "creative",
    "unconventional",
    "hybrid"
  ],
  "complexity": 0.8722884919963412,
  "brightness": 0.7749163414290834,
  "warmth": 0.6680512189175698,
  "slot1_engine": 35,
  "slot1_bypass": 0.0,
  "slot1_solo": 0.0,
  "slot1_param1": 0.7438196744964001,
  "slot1_param2": 0.7471448958279927,
  "slot1_param3": 0.26651314095374945,
  "slot1_param4": 0.891068281073981,
  "slot1_param5": 0.0,
  "slot1_param6": 0.8260733268269681,
  "slot1_param7": 0.8482573409833226,
  "slot1_param8": 0.2670903503552343,
  "slot1_param9": 0.5473837058390774,
  "slot1_param10": 0.6321145593513142,
  "slot1_param11": 0.6900029635164588,
  "slot1_param12": 1.0,
  "slot1_param13": 0.6199224821904556,
  "slot1_param14": 0.9907344580930948,
  "slot1_param15": 0.6923984092195975,
  "slot2_engine": 54,
  "slot2_bypass": 0.0,
  "slot2_solo": 0.0,
  "slot2_param1": 0.48725416740340766,
  "slot2_param2": 0.6042416578003806,
  "slot2_param3": 0.7398052618244816,
  "slot2_param4": 0.30313695160808,
  "slot2_param5": 0.7012777345540115,
  "slot2_param6": 0.1706417461222826,
  "slot2_param7": 0.03314690532509512,
  "slot2_param8": 1.0,
  "slot2_param9": 0.15858712102901187,
  "slot2_param10": 0.4129723741115167,
  "slot2_param11": 0.5746480640688856,
  "slot2_param12": 0.0,
  "slot2_param13": 0.5032027565056694,
  "slot2_param14": 0.39697992688698047,
  "slot2_param15": 0.406116056403937,
  "slot3_engine": 56,
  "slot3_bypass": 0.0,
  "slot3_solo": 0.0,
  "slot3_param1": 0.0,
  "slot3_param2": 0.6377287550743925,
  "slot3_param3": 0.8382264375860713,
  "slot3_param4": 0.37854979662305605,
  "slot3_param5": 0.7365801064644322,
  "slot3_param6": 0.1839255856460876,
  "slot3_param7": 0.6875996852510158,
  "slot3_param8": 0.3735000201607816,
  "slot3_param9": 0.7865740678373498,
  "slot3_param10": 0.7149874180285842,
  "slot3_param11": 0.5294401619500243,
  "slot3_param12": 0.3506592288614504,
  "slot3_param13": 0.19469635766661372,
  "slot3_param14": 0.9932569553991738,
  "slot3_param15": 0.7481321382237996,
  "slot4_engine": 56,
  "slot4_bypass": 0.0,
  "slot4_solo": 0.0,
  "slot4_param1": 0.502142363023633,
  "slot4_param2": 0.6313020237463866,
  "slot4_param3": 0.9538497011599116,
  "slot4_param4": 0.6396348167837389,
  "slot4_param5": 0.9892303398813033,
  "slot4_param6": 0.37135691180684716,
  "slot4_param7": 0.2296342019420206,
  "slot4_param8": 1.0,
  "slot4_param9": 0.2552567269571244,
  "slot4_param10": 0.280091848930257,
  "slot4_param11": 1.0,
  "slot4_param12": 0.0,
  "slot4_param13": 0.607746755623122,
  "slot4_param14": 0.46532823985864885,
  "slot4_param15": 0.4011560901514732,
  "slot5_engine": 47,
  "slot5_bypass": 0.0,
  "slot5_solo": 0.0,
  "slot5_param1": 0.42620561916429633,
  "slot5_param2": 0.8382157195972979,
  "slot5_param3": 0.8208923279073382,
  "slot5_param4": 0.41293448778251635,
  "slot5_param5": 0.6061914220442823,
  "slot5_param6": 0.0,
  "slot5_param7": 0.6979371071492917,
  "slot5_param8": 0.2600097810426682,
  "slot5_param9": 0.5549071274482265,
  "slot5_param10": 0.28841722083768107,
  "slot5_param11": 0.5374486410056755,
  "slot5_param12": 0.825553344228432,
  "slot5_param13": 0.42552149680161483,
  "slot5_param14": 0.9746956919292481,
  "slot5_param15": 0.7176575165100412,
  "slot6_engine": 0,
  "slot6_bypass": 1.0,
  "slot6_solo": 0.0,
  "slot6_param1": 0.0,
  "slot6_param2": 0.0,
  "slot6_param3": 0.0,
  "slot6_param4": 0.0,
  "slot6_param5": 0.0,
  "slot6_param6": 0.0,
  "slot6_param7": 0.0,
  "slot6_param8": 0.0,
  "slot6_param9": 0.0,
  "slot6_param10": 0.0,
  "slot6_param11": 0.0,
  "slot6_param12": 0.0,
  "slot6_param13": 0.0,
  "slot6_param14": 0.0,
  "slot6_param15": 0.0,
  "id": "GC_0134",
  "index": 133
}