{
  "creative_name": "Engineering Test 29 Vortex",
  "category": "Textural",
  "description": "Systematic exploration of DimensionExpander",
  "tags": [
    "experimental",
    "creative",
    "unconventional",
    "systematic"
  ],
  "complexity": 0.7398738848897259,
  "brightness": 0.6350077999241828,
  "warmth": 0.5828934522736864,
  "slot1_engine": 52,
  "slot1_bypass": 0.0,
  "slot1_solo": 0.0,
  "slot1_param1": 0.3208945710355181,
  "slot1_param2": 0.6730853154774971,
  "slot1_param3": 0.5191310442642401,
  "slot1_param4": 0.3672218652661937,
  "slot1_param5": 0.42857568652568284,
  "slot1_param6": 0.112971315407846,
  "slot1_param7": 0.8527193221307203,
  "slot1_param8": 0.424761956053645,
  "slot1_param9": 0.8357491637608695,
  "slot1_param10": 0.2639147229233043,
  "slot1_param11": 0.5752984330075241,
  "slot1_param12": 0.6221040060245863,
  "slot1_param13": 0.46826189034293003,
  "slot1_param14": 0.6345300850247415,
  "slot1_param15": 0.7193949722931541,
  "slot2_engine": 0,
  "slot2_bypass": 1.0,
  "slot2_solo": 0.0,
  "slot2_param1": 0.0,
  "slot2_param2": 0.0,
  "slot2_param3": 0.0,
  "slot2_param4": 0.0,
  "slot2_param5": 0.0,
  "slot2_param6": 0.0,
  "slot2_param7": 0.0,
  "slot2_param8": 0.0,
  "slot2_param9": 0.0,
  "slot2_param10": 0.0,
  "slot2_param11": 0.0,
  "slot2_param12": 0.0,
  "slot2_param13": 0.0,
  "slot2_param14": 0.0,
  "slot2_param15": 0.0,
  "slot3_engine": 44,
  "slot3_bypass": 0.0,
  "slot3_solo": 0.0,
  "slot3_param1": 0.714352207206429,
  "slot3_param2": 0.6898694385429436,
  "slot3_param3": 0.2369846767239555,
  "slot3_param4": 0.6143162257036651,
  "slot3_param5": 0.7854596445717775,
  "slot3_param6": 0.9116200978013782,
  "slot3_param7": 0.3931585483210494,
  "slot3_param8": 0.9886368099033334,
  "slot3_param9": 0.07678230163235039,
  "slot3_param10": 0.9283271782133611,
  "slot3_param11": 0.5531367174537767,
  "slot3_param12": 0.5926502033380747,
  "slot3_param13": 0.7425914535858924,
  "slot3_param14": 0.8353442642573216,
  "slot3_param15": 0.40004883374671996,
  "slot4_engine": 51,
  "slot4_bypass": 0.0,
  "slot4_solo": 0.0,
  "slot4_param1": 0.3139831598792704,
  "slot4_param2": 0.5861732107663529,
  "slot4_param3": 0.5507505971639824,
  "slot4_param4": 0.39037931831544037,
  "slot4_param5": 0.3031701703109634,
  "slot4_param6": 0.18917284996571782,
  "slot4_param7": 0.5045282148530705,
  "slot4_param8": 0.20416778979269673,
  "slot4_param9": 1.0,
  "slot4_param10": 0.5081202823521767,
  "slot4_param11": 0.8050658504456898,
  "slot4_param12": 0.42098147415501036,
  "slot4_param13": 0.07944572481486883,
  "slot4_param14": 1.0,
  "slot4_param15": 0.6230411368091366,
  "slot5_engine": 0,
  "slot5_bypass": 1.0,
  "slot5_solo": 0.0,
  "slot5_param1": 0.0,
  "slot5_param2": 0.0,
  "slot5_param3": 0.0,
  "slot5_param4": 0.0,
  "slot5_param5": 0.0,
  "slot5_param6": 0.0,
  "slot5_param7": 0.0,
  "slot5_param8": 0.0,
  "slot5_param9": 0.0,
  "slot5_param10": 0.0,
  "slot5_param11": 0.0,
  "slot5_param12": 0.0,
  "slot5_param13": 0.0,
  "slot5_param14": 0.0,
  "slot5_param15": 0.0,
  "slot6_engine": 0,
  "slot6_bypass": 1.0,
  "slot6_solo": 0.0,
  "slot6_param1": 0.0,
  "slot6_param2": 0.0,
  "slot6_param3": 0.0,
  "slot6_param4": 0.0,
  "slot6_param5": 0.0,
  "slot6_param6": 0.0,
  "slot6_param7": 0.0,
  "slot6_param8": 0.0,
  "slot6_param9": 0.0,
  "slot6_param10": 0.0,
  "slot6_param11": 0.0,
  "slot6_param12": 0.0,
  "slot6_param13": 0.0,
  "slot6_param14": 0.0,
  "slot6_param15": 0.0,
  "id": "GC_0079",
  "index": 78
}