{
  "creative_name": "Chromatic Engineering Test 28",
  "category": "Spatial",
  "description": "Systematic exploration of ChaosGenerator",
  "tags": [
    "experimental",
    "creative",
    "unconventional",
    "systematic"
  ],
  "complexity": 0.7855654450695292,
  "brightness": 0.4496825874697019,
  "warmth": 0.625207684105207,
  "slot1_engine": 56,
  "slot1_bypass": 0.0,
  "slot1_solo": 0.0,
  "slot1_param1": 0.5538936393331704,
  "slot1_param2": 0.5441116640133186,
  "slot1_param3": 0.9025141925400296,
  "slot1_param4": 0.29406252216050943,
  "slot1_param5": 0.5976268952438446,
  "slot1_param6": 0.48760042771486956,
  "slot1_param7": 0.16644885728237557,
  "slot1_param8": 0.943058711884623,
  "slot1_param9": 0.35278784783550066,
  "slot1_param10": 0.795310698149347,
  "slot1_param11": 1.0,
  "slot1_param12": 0.11907996584630759,
  "slot1_param13": 0.574452150920582,
  "slot1_param14": 0.7106624374745654,
  "slot1_param15": 0.4303952353275739,
  "slot2_engine": 27,
  "slot2_bypass": 0.0,
  "slot2_solo": 0.0,
  "slot2_param1": 0.1431239539615595,
  "slot2_param2": 0.6115319470138665,
  "slot2_param3": 0.4674299459503337,
  "slot2_param4": 0.20270235628326588,
  "slot2_param5": 0.42944612308041397,
  "slot2_param6": 0.1884397764584837,
  "slot2_param7": 0.6009828329112323,
  "slot2_param8": 0.2156490457661383,
  "slot2_param9": 0.7237049611367741,
  "slot2_param10": 0.36188142199300855,
  "slot2_param11": 0.5515581532733951,
  "slot2_param12": 0.4592754474441594,
  "slot2_param13": 0.5001947727144141,
  "slot2_param14": 0.8335226002527765,
  "slot2_param15": 0.8375406662561564,
  "slot3_engine": 43,
  "slot3_bypass": 0.0,
  "slot3_solo": 0.0,
  "slot3_param1": 0.17680678593957921,
  "slot3_param2": 0.8614519097544793,
  "slot3_param3": 0.6690021833252262,
  "slot3_param4": 0.32470341562642324,
  "slot3_param5": 0.10423726413125634,
  "slot3_param6": 0.6053710278030009,
  "slot3_param7": 0.68460210903234,
  "slot3_param8": 0.24163954731531678,
  "slot3_param9": 0.741142204177889,
  "slot3_param10": 0.3401604037700032,
  "slot3_param11": 0.884441741238984,
  "slot3_param12": 0.5460076857278535,
  "slot3_param13": 0.8903252046130598,
  "slot3_param14": 0.2512865488585697,
  "slot3_param15": 0.4991289773548337,
  "slot4_engine": 52,
  "slot4_bypass": 0.0,
  "slot4_solo": 0.0,
  "slot4_param1": 0.2832073719141598,
  "slot4_param2": 0.731752310724958,
  "slot4_param3": 0.8323494831003165,
  "slot4_param4": 0.6255056007570822,
  "slot4_param5": 0.6499452557251636,
  "slot4_param6": 0.13648424744287996,
  "slot4_param7": 0.5559639817223103,
  "slot4_param8": 0.16207198588154798,
  "slot4_param9": 1.0,
  "slot4_param10": 0.4010406220982635,
  "slot4_param11": 0.42804420242977587,
  "slot4_param12": 0.7055358900528623,
  "slot4_param13": 0.4397609636146107,
  "slot4_param14": 0.6652047595999426,
  "slot4_param15": 0.7055311357885654,
  "slot5_engine": 0,
  "slot5_bypass": 1.0,
  "slot5_solo": 0.0,
  "slot5_param1": 0.0,
  "slot5_param2": 0.0,
  "slot5_param3": 0.0,
  "slot5_param4": 0.0,
  "slot5_param5": 0.0,
  "slot5_param6": 0.0,
  "slot5_param7": 0.0,
  "slot5_param8": 0.0,
  "slot5_param9": 0.0,
  "slot5_param10": 0.0,
  "slot5_param11": 0.0,
  "slot5_param12": 0.0,
  "slot5_param13": 0.0,
  "slot5_param14": 0.0,
  "slot5_param15": 0.0,
  "slot6_engine": 0,
  "slot6_bypass": 1.0,
  "slot6_solo": 0.0,
  "slot6_param1": 0.0,
  "slot6_param2": 0.0,
  "slot6_param3": 0.0,
  "slot6_param4": 0.0,
  "slot6_param5": 0.0,
  "slot6_param6": 0.0,
  "slot6_param7": 0.0,
  "slot6_param8": 0.0,
  "slot6_param9": 0.0,
  "slot6_param10": 0.0,
  "slot6_param11": 0.0,
  "slot6_param12": 0.0,
  "slot6_param13": 0.0,
  "slot6_param14": 0.0,
  "slot6_param15": 0.0,
  "id": "GC_0078",
  "index": 77
}