{
  "creative_name": "Chaotic Spectral Morphing Dreams",
  "category": "Spatial",
  "description": "Constantly evolving spectral content with chaotic modulation",
  "tags": [
    "experimental",
    "creative",
    "unconventional",
    "harsh",
    "metallic",
    "aggressive"
  ],
  "complexity": 0.8487282523664774,
  "brightness": 0.676550919744279,
  "warmth": 0.39117323867147136,
  "slot1_engine": 56,
  "slot1_bypass": 0.0,
  "slot1_solo": 0.0,
  "slot1_param1": 0.32299951229701873,
  "slot1_param2": 0.7250477089418448,
  "slot1_param3": 0.38504103161798586,
  "slot1_param4": 0.22017370993404708,
  "slot1_param5": 0.3818660426133428,
  "slot1_param6": 0.285233379907662,
  "slot1_param7": 0.994721289881813,
  "slot1_param8": 0.0935395777553154,
  "slot1_param9": 1.0,
  "slot1_param10": 0.28952613548381767,
  "slot1_param11": 0.39424640983994313,
  "slot1_param12": 0.48583086322401,
  "slot1_param13": 0.3153718704307929,
  "slot1_param14": 0.8729264285773054,
  "slot1_param15": 0.6303639438669992,
  "slot2_engine": 54,
  "slot2_bypass": 0.0,
  "slot2_solo": 0.0,
  "slot2_param1": 0.16684314397864727,
  "slot2_param2": 0.7108798709916231,
  "slot2_param3": 0.3021776913974188,
  "slot2_param4": 0.6467630359170629,
  "slot2_param5": 0.35502851469182933,
  "slot2_param6": 0.11137888904962884,
  "slot2_param7": 0.8416576248852168,
  "slot2_param8": 0.3791547872606077,
  "slot2_param9": 0.7355389715168317,
  "slot2_param10": 0.6512970442419417,
  "slot2_param11": 0.5661262007962387,
  "slot2_param12": 0.6157351688794451,
  "slot2_param13": 0.43286724265142246,
  "slot2_param14": 1.0,
  "slot2_param15": 0.5350044958242557,
  "slot3_engine": 44,
  "slot3_bypass": 0.0,
  "slot3_solo": 0.0,
  "slot3_param1": 0.8395301462394799,
  "slot3_param2": 0.8160934443621977,
  "slot3_param3": 0.4804742945345999,
  "slot3_param4": 0.5252466040067407,
  "slot3_param5": 0.7691597730626647,
  "slot3_param6": 0.9763452638832559,
  "slot3_param7": 0.4292721731128081,
  "slot3_param8": 1.0,
  "slot3_param9": 0.4139919768805819,
  "slot3_param10": 1.0,
  "slot3_param11": 0.6219337247873192,
  "slot3_param12": 0.5467812350969958,
  "slot3_param13": 0.7380043455041815,
  "slot3_param14": 0.6891894076432743,
  "slot3_param15": 0.4585296758991087,
  "slot4_engine": 0,
  "slot4_bypass": 1.0,
  "slot4_solo": 0.0,
  "slot4_param1": 0.0,
  "slot4_param2": 0.0,
  "slot4_param3": 0.0,
  "slot4_param4": 0.0,
  "slot4_param5": 0.0,
  "slot4_param6": 0.0,
  "slot4_param7": 0.0,
  "slot4_param8": 0.0,
  "slot4_param9": 0.0,
  "slot4_param10": 0.0,
  "slot4_param11": 0.0,
  "slot4_param12": 0.0,
  "slot4_param13": 0.0,
  "slot4_param14": 0.0,
  "slot4_param15": 0.0,
  "slot5_engine": 0,
  "slot5_bypass": 1.0,
  "slot5_solo": 0.0,
  "slot5_param1": 0.0,
  "slot5_param2": 0.0,
  "slot5_param3": 0.0,
  "slot5_param4": 0.0,
  "slot5_param5": 0.0,
  "slot5_param6": 0.0,
  "slot5_param7": 0.0,
  "slot5_param8": 0.0,
  "slot5_param9": 0.0,
  "slot5_param10": 0.0,
  "slot5_param11": 0.0,
  "slot5_param12": 0.0,
  "slot5_param13": 0.0,
  "slot5_param14": 0.0,
  "slot5_param15": 0.0,
  "slot6_engine": 0,
  "slot6_bypass": 1.0,
  "slot6_solo": 0.0,
  "slot6_param1": 0.0,
  "slot6_param2": 0.0,
  "slot6_param3": 0.0,
  "slot6_param4": 0.0,
  "slot6_param5": 0.0,
  "slot6_param6": 0.0,
  "slot6_param7": 0.0,
  "slot6_param8": 0.0,
  "slot6_param9": 0.0,
  "slot6_param10": 0.0,
  "slot6_param11": 0.0,
  "slot6_param12": 0.0,
  "slot6_param13": 0.0,
  "slot6_param14": 0.0,
  "slot6_param15": 0.0,
  "id": "GC_0104",
  "context": "Industrial",
  "index": 103
}