{
  "creative_name": "Chromatic Chaos Field",
  "category": "Experimental",
  "description": "Chaotic stereo movement",
  "tags": [
    "experimental",
    "creative",
    "unconventional"
  ],
  "complexity": 0.7279276119552925,
  "brightness": 0.3170624456338748,
  "warmth": 0.44306629762335603,
  "slot1_engine": 56,
  "slot1_bypass": 0.0,
  "slot1_solo": 0.0,
  "slot1_param1": 0.0,
  "slot1_param2": 0.8137300847389184,
  "slot1_param3": 0.8129395189980961,
  "slot1_param4": 0.5673005123032675,
  "slot1_param5": 0.7534411514182522,
  "slot1_param6": 0.49393816055313733,
  "slot1_param7": 0.6678648736419953,
  "slot1_param8": 0.03032259478348137,
  "slot1_param9": 0.9345787604365876,
  "slot1_param10": 0.36644919230395856,
  "slot1_param11": 0.6735147880439443,
  "slot1_param12": 0.2728652418934921,
  "slot1_param13": 0.1241978159265903,
  "slot1_param14": 0.6360321468804333,
  "slot1_param15": 0.5571092184671578,
  "slot2_engine": 52,
  "slot2_bypass": 0.0,
  "slot2_solo": 0.0,
  "slot2_param1": 0.004272838197733164,
  "slot2_param2": 0.7501044295317706,
  "slot2_param3": 0.5356401632815166,
  "slot2_param4": 0.6702086545987243,
  "slot2_param5": 0.5071805417244319,
  "slot2_param6": 0.5348503958683725,
  "slot2_param7": 0.5857346635477372,
  "slot2_param8": 0.10368857051751412,
  "slot2_param9": 0.9670941767091505,
  "slot2_param10": 0.3453376195386882,
  "slot2_param11": 0.8410061062012089,
  "slot2_param12": 0.7262341303564241,
  "slot2_param13": 0.07041027788726123,
  "slot2_param14": 1.0,
  "slot2_param15": 0.6608945884750916,
  "slot3_engine": 37,
  "slot3_bypass": 0.0,
  "slot3_solo": 0.0,
  "slot3_param1": 0.6427646010594907,
  "slot3_param2": 0.3879342101616615,
  "slot3_param3": 0.5383551512455323,
  "slot3_param4": 1.0,
  "slot3_param5": 0.10546181132295385,
  "slot3_param6": 0.5290642401893302,
  "slot3_param7": 0.5038600656675946,
  "slot3_param8": 0.3196717383222368,
  "slot3_param9": 0.8684314143078267,
  "slot3_param10": 0.4251056510218506,
  "slot3_param11": 0.6092766475595296,
  "slot3_param12": 0.6749889748402552,
  "slot3_param13": 0.17559670492006962,
  "slot3_param14": 1.0,
  "slot3_param15": 0.6429520674410767,
  "slot4_engine": 47,
  "slot4_bypass": 0.0,
  "slot4_solo": 0.0,
  "slot4_param1": 0.015024756845325948,
  "slot4_param2": 0.5620703537028893,
  "slot4_param3": 0.5971421163596511,
  "slot4_param4": 0.44905117402375067,
  "slot4_param5": 0.6405108591673759,
  "slot4_param6": 0.5078744460492948,
  "slot4_param7": 0.6281005449529151,
  "slot4_param8": 0.290171995108322,
  "slot4_param9": 0.8069470032212398,
  "slot4_param10": 0.593528824575868,
  "slot4_param11": 0.45532543897168254,
  "slot4_param12": 0.605193365702029,
  "slot4_param13": 0.23271906322679545,
  "slot4_param14": 1.0,
  "slot4_param15": 0.6304056146176122,
  "slot5_engine": 0,
  "slot5_bypass": 1.0,
  "slot5_solo": 0.0,
  "slot5_param1": 0.0,
  "slot5_param2": 0.0,
  "slot5_param3": 0.0,
  "slot5_param4": 0.0,
  "slot5_param5": 0.0,
  "slot5_param6": 0.0,
  "slot5_param7": 0.0,
  "slot5_param8": 0.0,
  "slot5_param9": 0.0,
  "slot5_param10": 0.0,
  "slot5_param11": 0.0,
  "slot5_param12": 0.0,
  "slot5_param13": 0.0,
  "slot5_param14": 0.0,
  "slot5_param15": 0.0,
  "slot6_engine": 0,
  "slot6_bypass": 1.0,
  "slot6_solo": 0.0,
  "slot6_param1": 0.0,
  "slot6_param2": 0.0,
  "slot6_param3": 0.0,
  "slot6_param4": 0.0,
  "slot6_param5": 0.0,
  "slot6_param6": 0.0,
  "slot6_param7": 0.0,
  "slot6_param8": 0.0,
  "slot6_param9": 0.0,
  "slot6_param10": 0.0,
  "slot6_param11": 0.0,
  "slot6_param12": 0.0,
  "slot6_param13": 0.0,
  "slot6_param14": 0.0,
  "slot6_param15": 0.0,
  "id": "GC_0043",
  "index": 42
}