{
  "creative_name": "Formant Web Horizon",
  "category": "Ambient",
  "description": "Formant-shaped feedback network",
  "tags": [
    "experimental",
    "creative",
    "unconventional",
    "harsh",
    "metallic",
    "aggressive"
  ],
  "complexity": 0.7211814135465531,
  "brightness": 0.6696876777413366,
  "warmth": 0.23856436715756213,
  "slot1_engine": 32,
  "slot1_bypass": 0.0,
  "slot1_solo": 0.0,
  "slot1_param1": 0.37776781843132834,
  "slot1_param2": 1.0,
  "slot1_param3": 0.8225508701248363,
  "slot1_param4": 0.007028995785556713,
  "slot1_param5": 0.5262366608465814,
  "slot1_param6": 0.5955979467643733,
  "slot1_param7": 0.8176905550500908,
  "slot1_param8": 0.48932989914923075,
  "slot1_param9": 0.9290816350565965,
  "slot1_param10": 0.788872899194508,
  "slot1_param11": 1.0,
  "slot1_param12": 0.34379328537406134,
  "slot1_param13": 0.31736328114986306,
  "slot1_param14": 0.11471804211812864,
  "slot1_param15": 0.7769180640843205,
  "slot2_engine": 39,
  "slot2_bypass": 0.0,
  "slot2_solo": 0.0,
  "slot2_param1": 0.5757047756687532,
  "slot2_param2": 0.7461225699027612,
  "slot2_param3": 0.3144988521289647,
  "slot2_param4": 0.44923223550281327,
  "slot2_param5": 0.6109553572644548,
  "slot2_param6": 0.3302506230219041,
  "slot2_param7": 0.9662616036153089,
  "slot2_param8": 0.10782690735456474,
  "slot2_param9": 0.21005006408001076,
  "slot2_param10": 1.0,
  "slot2_param11": 0.11185993967496083,
  "slot2_param12": 0.3678418435976063,
  "slot2_param13": 0.7266255134260783,
  "slot2_param14": 0.29513083573940857,
  "slot2_param15": 0.5570331243008643,
  "slot3_engine": 45,
  "slot3_bypass": 0.0,
  "slot3_solo": 0.0,
  "slot3_param1": 0.5318729326311614,
  "slot3_param2": 0.5489049224347028,
  "slot3_param3": 1.0,
  "slot3_param4": 0.135479839280893,
  "slot3_param5": 0.2816377687510353,
  "slot3_param6": 0.9792677093362204,
  "slot3_param7": 0.7118029385457094,
  "slot3_param8": 0.2856199043298591,
  "slot3_param9": 1.0,
  "slot3_param10": 0.6180648617480387,
  "slot3_param11": 0.5815613342857074,
  "slot3_param12": 0.47654116494702514,
  "slot3_param13": 0.9345879235537667,
  "slot3_param14": 0.39459309366809603,
  "slot3_param15": 0.5731446924071594,
  "slot4_engine": 0,
  "slot4_bypass": 1.0,
  "slot4_solo": 0.0,
  "slot4_param1": 0.0,
  "slot4_param2": 0.0,
  "slot4_param3": 0.0,
  "slot4_param4": 0.0,
  "slot4_param5": 0.0,
  "slot4_param6": 0.0,
  "slot4_param7": 0.0,
  "slot4_param8": 0.0,
  "slot4_param9": 0.0,
  "slot4_param10": 0.0,
  "slot4_param11": 0.0,
  "slot4_param12": 0.0,
  "slot4_param13": 0.0,
  "slot4_param14": 0.0,
  "slot4_param15": 0.0,
  "slot5_engine": 0,
  "slot5_bypass": 1.0,
  "slot5_solo": 0.0,
  "slot5_param1": 0.0,
  "slot5_param2": 0.0,
  "slot5_param3": 0.0,
  "slot5_param4": 0.0,
  "slot5_param5": 0.0,
  "slot5_param6": 0.0,
  "slot5_param7": 0.0,
  "slot5_param8": 0.0,
  "slot5_param9": 0.0,
  "slot5_param10": 0.0,
  "slot5_param11": 0.0,
  "slot5_param12": 0.0,
  "slot5_param13": 0.0,
  "slot5_param14": 0.0,
  "slot5_param15": 0.0,
  "slot6_engine": 0,
  "slot6_bypass": 1.0,
  "slot6_solo": 0.0,
  "slot6_param1": 0.0,
  "slot6_param2": 0.0,
  "slot6_param3": 0.0,
  "slot6_param4": 0.0,
  "slot6_param5": 0.0,
  "slot6_param6": 0.0,
  "slot6_param7": 0.0,
  "slot6_param8": 0.0,
  "slot6_param9": 0.0,
  "slot6_param10": 0.0,
  "slot6_param11": 0.0,
  "slot6_param12": 0.0,
  "slot6_param13": 0.0,
  "slot6_param14": 0.0,
  "slot6_param15": 0.0,
  "id": "GC_0114",
  "context": "Industrial",
  "index": 113
}