{
  "creative_name": "Rhythmic Chaos Storm",
  "category": "Textural",
  "description": "Chaotic rhythmic patterns",
  "tags": [
    "experimental",
    "creative",
    "unconventional"
  ],
  "complexity": 0.6551539113158308,
  "brightness": 0.6257115135245697,
  "warmth": 0.5867076308010033,
  "slot1_engine": 56,
  "slot1_bypass": 0.0,
  "slot1_solo": 0.0,
  "slot1_param1": 0.9866332945562173,
  "slot1_param2": 0.453899596707023,
  "slot1_param3": 1.0,
  "slot1_param4": 0.6032173448926609,
  "slot1_param5": 0.5753312664800678,
  "slot1_param6": 0.7128473188892723,
  "slot1_param7": 0.2755145063712342,
  "slot1_param8": 0.7817483533937513,
  "slot1_param9": 0.6410688880368187,
  "slot1_param10": 0.29568092432089194,
  "slot1_param11": 1.0,
  "slot1_param12": 0.3270626489286612,
  "slot1_param13": 0.43166347182818665,
  "slot1_param14": 0.6096183442952654,
  "slot1_param15": 0.5477835481484721,
  "slot2_engine": 5,
  "slot2_bypass": 0.0,
  "slot2_solo": 0.0,
  "slot2_param1": 0.06606182358039256,
  "slot2_param2": 0.9827830245448668,
  "slot2_param3": 0.6115499688295138,
  "slot2_param4": 0.4713093512600972,
  "slot2_param5": 0.30368638522913277,
  "slot2_param6": 0.3964029976803028,
  "slot2_param7": 0.4112958924490012,
  "slot2_param8": 0.1928103432112187,
  "slot2_param9": 0.5897866962574938,
  "slot2_param10": 0.16576767131722742,
  "slot2_param11": 0.5232190217977586,
  "slot2_param12": 0.34913664843243103,
  "slot2_param13": 0.25139059816931264,
  "slot2_param14": 0.6669441284689424,
  "slot2_param15": 0.86534269552984,
  "slot3_engine": 45,
  "slot3_bypass": 0.0,
  "slot3_solo": 0.0,
  "slot3_param1": 1.0,
  "slot3_param2": 0.6692463107568771,
  "slot3_param3": 0.2753775888467777,
  "slot3_param4": 0.5262881669880941,
  "slot3_param5": 0.6114273947984541,
  "slot3_param6": 0.9921718972305609,
  "slot3_param7": 0.3292496622233744,
  "slot3_param8": 0.6772621789169873,
  "slot3_param9": 0.18069174880032723,
  "slot3_param10": 0.9864941087009869,
  "slot3_param11": 0.24674378698070554,
  "slot3_param12": 0.7086472106619075,
  "slot3_param13": 0.43079768319937195,
  "slot3_param14": 0.6446578859031998,
  "slot3_param15": 0.6015877110951582,
  "slot4_engine": 0,
  "slot4_bypass": 1.0,
  "slot4_solo": 0.0,
  "slot4_param1": 0.0,
  "slot4_param2": 0.0,
  "slot4_param3": 0.0,
  "slot4_param4": 0.0,
  "slot4_param5": 0.0,
  "slot4_param6": 0.0,
  "slot4_param7": 0.0,
  "slot4_param8": 0.0,
  "slot4_param9": 0.0,
  "slot4_param10": 0.0,
  "slot4_param11": 0.0,
  "slot4_param12": 0.0,
  "slot4_param13": 0.0,
  "slot4_param14": 0.0,
  "slot4_param15": 0.0,
  "slot5_engine": 0,
  "slot5_bypass": 1.0,
  "slot5_solo": 0.0,
  "slot5_param1": 0.0,
  "slot5_param2": 0.0,
  "slot5_param3": 0.0,
  "slot5_param4": 0.0,
  "slot5_param5": 0.0,
  "slot5_param6": 0.0,
  "slot5_param7": 0.0,
  "slot5_param8": 0.0,
  "slot5_param9": 0.0,
  "slot5_param10": 0.0,
  "slot5_param11": 0.0,
  "slot5_param12": 0.0,
  "slot5_param13": 0.0,
  "slot5_param14": 0.0,
  "slot5_param15": 0.0,
  "slot6_engine": 0,
  "slot6_bypass": 1.0,
  "slot6_solo": 0.0,
  "slot6_param1": 0.0,
  "slot6_param2": 0.0,
  "slot6_param3": 0.0,
  "slot6_param4": 0.0,
  "slot6_param5": 0.0,
  "slot6_param6": 0.0,
  "slot6_param7": 0.0,
  "slot6_param8": 0.0,
  "slot6_param9": 0.0,
  "slot6_param10": 0.0,
  "slot6_param11": 0.0,
  "slot6_param12": 0.0,
  "slot6_param13": 0.0,
  "slot6_param14": 0.0,
  "slot6_param15": 0.0,
  "id": "GC_0003",
  "index": 2
}