{
  "creative_name": "Ambient Drift Waves",
  "category": "Ambient",
  "description": "Slowly evolving ambient textures",
  "tags": [
    "experimental",
    "creative",
    "unconventional",
    "drone",
    "meditation",
    "soundscape"
  ],
  "complexity": 0.6808437477737127,
  "brightness": 0.5405146449631006,
  "warmth": 0.2824514269437653,
  "slot1_engine": 54,
  "slot1_bypass": 0.0,
  "slot1_solo": 0.0,
  "slot1_param1": 0.5023444693331187,
  "slot1_param2": 0.2728082975606937,
  "slot1_param3": 0.7347348299504334,
  "slot1_param4": 0.31461663035318865,
  "slot1_param5": 0.8431188586037233,
  "slot1_param6": 0.7782546686116254,
  "slot1_param7": 0.44885623363604465,
  "slot1_param8": 0.9960683385569629,
  "slot1_param9": 0.218618211815102,
  "slot1_param10": 0.5308038274338873,
  "slot1_param11": 1.0,
  "slot1_param12": 0.5239776625478814,
  "slot1_param13": 0.4952454020437131,
  "slot1_param14": 0.6622329852523401,
  "slot1_param15": 0.7634811462287869,
  "slot2_engine": 44,
  "slot2_bypass": 0.0,
  "slot2_solo": 0.0,
  "slot2_param1": 0.9855156561765298,
  "slot2_param2": 0.9433065252996852,
  "slot2_param3": 0.24942089215753926,
  "slot2_param4": 0.6098905471085732,
  "slot2_param5": 0.690398048085094,
  "slot2_param6": 0.5245234542190685,
  "slot2_param7": 0.6772348606222138,
  "slot2_param8": 1.0,
  "slot2_param9": 0.5349590795256903,
  "slot2_param10": 0.513360457913487,
  "slot2_param11": 0.7056702630120881,
  "slot2_param12": 0.4240776298813749,
  "slot2_param13": 0.6140194504240741,
  "slot2_param14": 0.7338150472518029,
  "slot2_param15": 0.8408897653465708,
  "slot3_engine": 56,
  "slot3_bypass": 0.0,
  "slot3_solo": 0.0,
  "slot3_param1": 0.1820955124159209,
  "slot3_param2": 1.0,
  "slot3_param3": 0.6649677264887595,
  "slot3_param4": 0.28852833643286435,
  "slot3_param5": 0.5576937554496251,
  "slot3_param6": 0.029595846080373134,
  "slot3_param7": 0.7319202203253912,
  "slot3_param8": 0.18772246907749202,
  "slot3_param9": 0.6071571520967971,
  "slot3_param10": 0.573029468607855,
  "slot3_param11": 0.6778099186840001,
  "slot3_param12": 0.5969186768553421,
  "slot3_param13": 0.129917055124362,
  "slot3_param14": 0.9898989400444831,
  "slot3_param15": 0.4141576917140614,
  "slot4_engine": 51,
  "slot4_bypass": 0.0,
  "slot4_solo": 0.0,
  "slot4_param1": 0.0,
  "slot4_param2": 0.6990494343846451,
  "slot4_param3": 0.5717048294044357,
  "slot4_param4": 0.13785878059074713,
  "slot4_param5": 0.5978506043182343,
  "slot4_param6": 0.211247560994756,
  "slot4_param7": 0.9339417363176306,
  "slot4_param8": 0.10218347629087116,
  "slot4_param9": 0.8469591774544635,
  "slot4_param10": 0.6645508669025755,
  "slot4_param11": 0.8606018765075423,
  "slot4_param12": 0.4846248408830307,
  "slot4_param13": 0.1500595578274798,
  "slot4_param14": 0.7988759170964452,
  "slot4_param15": 0.8862351421412988,
  "slot5_engine": 52,
  "slot5_bypass": 0.0,
  "slot5_solo": 0.0,
  "slot5_param1": 0.38642023807622805,
  "slot5_param2": 0.5963262047499954,
  "slot5_param3": 0.4891721512838232,
  "slot5_param4": 0.27739581225511395,
  "slot5_param5": 0.6999932866312244,
  "slot5_param6": 0.06173538569628234,
  "slot5_param7": 0.9734545023107262,
  "slot5_param8": 0.05903631937387521,
  "slot5_param9": 0.7982089326463618,
  "slot5_param10": 0.33762253426939565,
  "slot5_param11": 0.45027464204861056,
  "slot5_param12": 0.7868541219043401,
  "slot5_param13": 0.04034286930067715,
  "slot5_param14": 1.0,
  "slot5_param15": 0.7316124065436664,
  "slot6_engine": 0,
  "slot6_bypass": 1.0,
  "slot6_solo": 0.0,
  "slot6_param1": 0.0,
  "slot6_param2": 0.0,
  "slot6_param3": 0.0,
  "slot6_param4": 0.0,
  "slot6_param5": 0.0,
  "slot6_param6": 0.0,
  "slot6_param7": 0.0,
  "slot6_param8": 0.0,
  "slot6_param9": 0.0,
  "slot6_param10": 0.0,
  "slot6_param11": 0.0,
  "slot6_param12": 0.0,
  "slot6_param13": 0.0,
  "slot6_param14": 0.0,
  "slot6_param15": 0.0,
  "id": "GC_0088",
  "context": "Ambient",
  "index": 87
}