{
  "creative_name": "Astral Harmonic Web + Chaotic Spectral Morphing",
  "category": "Glitch",
  "description": "Hybrid: Complex harmonic textures meets Constantly evolving spectral content with chaotic modulation",
  "tags": [
    "experimental",
    "creative",
    "unconventional",
    "hybrid"
  ],
  "complexity": 0.926180300710187,
  "brightness": 0.6544223727132563,
  "warmth": 0.592913371786712,
  "slot1_engine": 55,
  "slot1_bypass": 0.0,
  "slot1_solo": 0.0,
  "slot1_param1": 0.0,
  "slot1_param2": 0.7199488445495776,
  "slot1_param3": 0.8363689605013606,
  "slot1_param4": 0.6230826190920258,
  "slot1_param5": 0.6194072069382455,
  "slot1_param6": 0.08753245762698939,
  "slot1_param7": 0.5133162168450462,
  "slot1_param8": 0.09860249691210063,
  "slot1_param9": 1.0,
  "slot1_param10": 0.2887029056763718,
  "slot1_param11": 0.3489597062809298,
  "slot1_param12": 0.718043868063237,
  "slot1_param13": 0.47909472764488975,
  "slot1_param14": 0.6293079467392271,
  "slot1_param15": 0.8594284619630498,
  "slot2_engine": 56,
  "slot2_bypass": 0.0,
  "slot2_solo": 0.0,
  "slot2_param1": 0.854236533424747,
  "slot2_param2": 0.58564485087678,
  "slot2_param3": 0.9871454903952793,
  "slot2_param4": 0.312285473412626,
  "slot2_param5": 0.6759989713432211,
  "slot2_param6": 0.24812690530253828,
  "slot2_param7": 0.13661238387886132,
  "slot2_param8": 0.8531902531866218,
  "slot2_param9": 0.05471474874373439,
  "slot2_param10": 0.3542484725156628,
  "slot2_param11": 0.6231270965855509,
  "slot2_param12": 0.5789753864458622,
  "slot2_param13": 0.5286494688314892,
  "slot2_param14": 0.6019420823296726,
  "slot2_param15": 0.8904136294412994,
  "slot3_engine": 35,
  "slot3_bypass": 0.0,
  "slot3_solo": 0.0,
  "slot3_param1": 0.7614809498674396,
  "slot3_param2": 0.5743344481337067,
  "slot3_param3": 0.8248519592709384,
  "slot3_param4": 0.8327564414736761,
  "slot3_param5": 0.0,
  "slot3_param6": 0.8509375588021137,
  "slot3_param7": 0.4627757330944361,
  "slot3_param8": 0.07383519010037631,
  "slot3_param9": 0.5986647251300548,
  "slot3_param10": 0.6066701801175769,
  "slot3_param11": 0.5991829451758954,
  "slot3_param12": 0.7854591976571126,
  "slot3_param13": 0.5783337742650105,
  "slot3_param14": 0.9099678087707948,
  "slot3_param15": 0.6608788238343906,
  "slot4_engine": 44,
  "slot4_bypass": 0.0,
  "slot4_solo": 0.0,
  "slot4_param1": 1.0,
  "slot4_param2": 1.0,
  "slot4_param3": 0.17142359606764584,
  "slot4_param4": 0.9580280124731512,
  "slot4_param5": 0.8137740188680056,
  "slot4_param6": 0.6412412197350825,
  "slot4_param7": 0.29710942928485695,
  "slot4_param8": 1.0,
  "slot4_param9": 0.1647758974677372,
  "slot4_param10": 0.5723494603740882,
  "slot4_param11": 0.2077994386752477,
  "slot4_param12": 0.7708746158698194,
  "slot4_param13": 0.5313436053968255,
  "slot4_param14": 1.0,
  "slot4_param15": 0.5629407647910583,
  "slot5_engine": 52,
  "slot5_bypass": 0.0,
  "slot5_solo": 0.0,
  "slot5_param1": 0.2601902037229835,
  "slot5_param2": 1.0,
  "slot5_param3": 0.5376689940430259,
  "slot5_param4": 0.2415505759166587,
  "slot5_param5": 0.8332663787028868,
  "slot5_param6": 0.1993386428129192,
  "slot5_param7": 0.9863070496184421,
  "slot5_param8": 0.3835943526208911,
  "slot5_param9": 1.0,
  "slot5_param10": 0.5917561916355835,
  "slot5_param11": 0.5972819565434153,
  "slot5_param12": 0.15751479301177007,
  "slot5_param13": 0.5357942916176783,
  "slot5_param14": 1.0,
  "slot5_param15": 0.5930763462434088,
  "slot6_engine": 0,
  "slot6_bypass": 1.0,
  "slot6_solo": 0.0,
  "slot6_param1": 0.0,
  "slot6_param2": 0.0,
  "slot6_param3": 0.0,
  "slot6_param4": 0.0,
  "slot6_param5": 0.0,
  "slot6_param6": 0.0,
  "slot6_param7": 0.0,
  "slot6_param8": 0.0,
  "slot6_param9": 0.0,
  "slot6_param10": 0.0,
  "slot6_param11": 0.0,
  "slot6_param12": 0.0,
  "slot6_param13": 0.0,
  "slot6_param14": 0.0,
  "slot6_param15": 0.0,
  "id": "GC_0145",
  "index": 144
}