{
  "creative_name": "Fractal Spectral Resonance",
  "category": "Experimental",
  "description": "Resonant spectral sweeps",
  "tags": [
    "experimental",
    "creative",
    "unconventional"
  ],
  "complexity": 0.7938459937191791,
  "brightness": 0.6173586049408015,
  "warmth": 0.5549588769463697,
  "slot1_engine": 54,
  "slot1_bypass": 0.0,
  "slot1_solo": 0.0,
  "slot1_param1": 0.1030455712012143,
  "slot1_param2": 0.7562674370460777,
  "slot1_param3": 0.6493424144636598,
  "slot1_param4": 0.4048275270202978,
  "slot1_param5": 0.6243422775032301,
  "slot1_param6": 0.636230140929519,
  "slot1_param7": 0.9951954367782545,
  "slot1_param8": 0.5238998451249791,
  "slot1_param9": 0.8569323482762099,
  "slot1_param10": 0.6968224264918554,
  "slot1_param11": 0.7129167390683964,
  "slot1_param12": 0.45621855364771585,
  "slot1_param13": 0.0,
  "slot1_param14": 1.0,
  "slot1_param15": 0.6468386232356554,
  "slot2_engine": 31,
  "slot2_bypass": 0.0,
  "slot2_solo": 0.0,
  "slot2_param1": 0.12206065000715527,
  "slot2_param2": 0.9311865266605825,
  "slot2_param3": 1.0,
  "slot2_param4": 0.1905568040486964,
  "slot2_param5": 0.5739385405779673,
  "slot2_param6": 0.5469590519545942,
  "slot2_param7": 0.5640576533732178,
  "slot2_param8": 0.3526775522165275,
  "slot2_param9": 0.6721215066314825,
  "slot2_param10": 0.16963262555199865,
  "slot2_param11": 1.0,
  "slot2_param12": 0.03504655275201557,
  "slot2_param13": 0.7924723024864244,
  "slot2_param14": 0.6121178874269162,
  "slot2_param15": 0.6982489692719439,
  "slot3_engine": 27,
  "slot3_bypass": 0.0,
  "slot3_solo": 0.0,
  "slot3_param1": 0.11947776839792909,
  "slot3_param2": 0.8523203733203071,
  "slot3_param3": 0.40169938152910456,
  "slot3_param4": 0.34140772302561506,
  "slot3_param5": 0.6646846674343339,
  "slot3_param6": 0.4356859979900901,
  "slot3_param7": 1.0,
  "slot3_param8": 0.23434344757798287,
  "slot3_param9": 0.6324298779446429,
  "slot3_param10": 0.5050848764243163,
  "slot3_param11": 0.6680981911824285,
  "slot3_param12": 0.30382798323541466,
  "slot3_param13": 0.1830873652050518,
  "slot3_param14": 0.9877385555873548,
  "slot3_param15": 0.7630133836597824,
  "slot4_engine": 52,
  "slot4_bypass": 0.0,
  "slot4_solo": 0.0,
  "slot4_param1": 0.0,
  "slot4_param2": 1.0,
  "slot4_param3": 0.27008316011242867,
  "slot4_param4": 0.31105535055719463,
  "slot4_param5": 0.41456827146270864,
  "slot4_param6": 0.597400640149249,
  "slot4_param7": 0.8448719544354346,
  "slot4_param8": 0.0,
  "slot4_param9": 0.5637685482266276,
  "slot4_param10": 0.6521817302279023,
  "slot4_param11": 0.3498733611469135,
  "slot4_param12": 0.6856631762496288,
  "slot4_param13": 0.04411051749456191,
  "slot4_param14": 0.7145367155803835,
  "slot4_param15": 0.7702348554860029,
  "slot5_engine": 0,
  "slot5_bypass": 1.0,
  "slot5_solo": 0.0,
  "slot5_param1": 0.0,
  "slot5_param2": 0.0,
  "slot5_param3": 0.0,
  "slot5_param4": 0.0,
  "slot5_param5": 0.0,
  "slot5_param6": 0.0,
  "slot5_param7": 0.0,
  "slot5_param8": 0.0,
  "slot5_param9": 0.0,
  "slot5_param10": 0.0,
  "slot5_param11": 0.0,
  "slot5_param12": 0.0,
  "slot5_param13": 0.0,
  "slot5_param14": 0.0,
  "slot5_param15": 0.0,
  "slot6_engine": 0,
  "slot6_bypass": 1.0,
  "slot6_solo": 0.0,
  "slot6_param1": 0.0,
  "slot6_param2": 0.0,
  "slot6_param3": 0.0,
  "slot6_param4": 0.0,
  "slot6_param5": 0.0,
  "slot6_param6": 0.0,
  "slot6_param7": 0.0,
  "slot6_param8": 0.0,
  "slot6_param9": 0.0,
  "slot6_param10": 0.0,
  "slot6_param11": 0.0,
  "slot6_param12": 0.0,
  "slot6_param13": 0.0,
  "slot6_param14": 0.0,
  "slot6_param15": 0.0,
  "id": "GC_0002",
  "index": 1
}