{
  "creative_name": "Quantum Chaos Field + Resonant Modulation",
  "category": "Experimental",
  "description": "Hybrid: Chaotic stereo movement meets Resonant filtering with chaotic modulation",
  "tags": [
    "experimental",
    "creative",
    "unconventional",
    "hybrid"
  ],
  "complexity": 0.9522143525788893,
  "brightness": 0.5789496482377993,
  "warmth": 0.6190749728291298,
  "slot1_engine": 56,
  "slot1_bypass": 0.0,
  "slot1_solo": 0.0,
  "slot1_param1": 0.5083962082896405,
  "slot1_param2": 0.36589447043399714,
  "slot1_param3": 0.7983770498758304,
  "slot1_param4": 0.541255566337542,
  "slot1_param5": 0.8954870301484417,
  "slot1_param6": 0.3527477015757871,
  "slot1_param7": 0.5136157889355213,
  "slot1_param8": 0.736892256107396,
  "slot1_param9": 0.3053960912319112,
  "slot1_param10": 0.7700449428834196,
  "slot1_param11": 1.0,
  "slot1_param12": 0.4399778685121285,
  "slot1_param13": 0.6104250710206605,
  "slot1_param14": 0.7661148320794603,
  "slot1_param15": 0.7305916710604957,
  "slot2_engine": 31,
  "slot2_bypass": 0.0,
  "slot2_solo": 0.0,
  "slot2_param1": 0.0,
  "slot2_param2": 0.6040696347364374,
  "slot2_param3": 0.8079299539261113,
  "slot2_param4": 0.5963101514396394,
  "slot2_param5": 0.8414900468844387,
  "slot2_param6": 0.4309073900720454,
  "slot2_param7": 1.0,
  "slot2_param8": 0.44598969221930346,
  "slot2_param9": 0.421604933246716,
  "slot2_param10": 0.18533507124359566,
  "slot2_param11": 0.8170257121551567,
  "slot2_param12": 0.17916529820087315,
  "slot2_param13": 0.28778072890686457,
  "slot2_param14": 0.4848698906238908,
  "slot2_param15": 0.8414542832835259,
  "slot3_engine": 52,
  "slot3_bypass": 0.0,
  "slot3_solo": 0.0,
  "slot3_param1": 0.4498658805830398,
  "slot3_param2": 0.4908101781918879,
  "slot3_param3": 0.8910824509781199,
  "slot3_param4": 0.7426131399471442,
  "slot3_param5": 0.3532885637433658,
  "slot3_param6": 0.6084454699812021,
  "slot3_param7": 0.710630285336249,
  "slot3_param8": 0.0,
  "slot3_param9": 1.0,
  "slot3_param10": 0.4296811507372348,
  "slot3_param11": 0.5732782415306459,
  "slot3_param12": 0.7543857328120972,
  "slot3_param13": 0.11245738811946693,
  "slot3_param14": 0.6114952899325283,
  "slot3_param15": 0.6566615761516347,
  "slot4_engine": 37,
  "slot4_bypass": 0.0,
  "slot4_solo": 0.0,
  "slot4_param1": 1.0,
  "slot4_param2": 0.31571229059812134,
  "slot4_param3": 0.535433119418242,
  "slot4_param4": 1.0,
  "slot4_param5": 0.37781326347948546,
  "slot4_param6": 0.882635022352347,
  "slot4_param7": 0.6325515199459004,
  "slot4_param8": 0.0,
  "slot4_param9": 0.8287896255458798,
  "slot4_param10": 0.38647603782437634,
  "slot4_param11": 0.32894032718527977,
  "slot4_param12": 0.4480646437945353,
  "slot4_param13": 0.03984341517124562,
  "slot4_param14": 1.0,
  "slot4_param15": 0.830717777824054,
  "slot5_engine": 47,
  "slot5_bypass": 0.0,
  "slot5_solo": 0.0,
  "slot5_param1": 0.04994867088708174,
  "slot5_param2": 0.5117907688876637,
  "slot5_param3": 0.38630268101681187,
  "slot5_param4": 0.18027809383250196,
  "slot5_param5": 0.5915596249528059,
  "slot5_param6": 0.6332368521028662,
  "slot5_param7": 0.8624623349191406,
  "slot5_param8": 0.0,
  "slot5_param9": 0.6091799158187502,
  "slot5_param10": 0.16088189107523548,
  "slot5_param11": 0.669489733268298,
  "slot5_param12": 0.670137310795233,
  "slot5_param13": 0.0,
  "slot5_param14": 1.0,
  "slot5_param15": 0.43027133627232483,
  "slot6_engine": 0,
  "slot6_bypass": 1.0,
  "slot6_solo": 0.0,
  "slot6_param1": 0.0,
  "slot6_param2": 0.0,
  "slot6_param3": 0.0,
  "slot6_param4": 0.0,
  "slot6_param5": 0.0,
  "slot6_param6": 0.0,
  "slot6_param7": 0.0,
  "slot6_param8": 0.0,
  "slot6_param9": 0.0,
  "slot6_param10": 0.0,
  "slot6_param11": 0.0,
  "slot6_param12": 0.0,
  "slot6_param13": 0.0,
  "slot6_param14": 0.0,
  "slot6_param15": 0.0,
  "id": "GC_0149",
  "index": 148
}