{
  "creative_name": "Chromatic Chaos Field + Lo-Fi Degradation",
  "category": "Lo-Fi",
  "description": "Hybrid: Chaotic stereo movement meets Heavy degradation with vintage character",
  "tags": [
    "experimental",
    "creative",
    "unconventional",
    "hybrid"
  ],
  "complexity": 0.8956835301098254,
  "brightness": 0.4806408544280565,
  "warmth": 0.40298435629768303,
  "slot1_engine": 56,
  "slot1_bypass": 0.0,
  "slot1_solo": 0.0,
  "slot1_param1": 0.8964814674502043,
  "slot1_param2": 0.6499839849788454,
  "slot1_param3": 0.85760436084236,
  "slot1_param4": 0.5329759028170793,
  "slot1_param5": 0.6577734376132094,
  "slot1_param6": 0.35000430147297423,
  "slot1_param7": 0.32303264083071365,
  "slot1_param8": 0.5895533075137229,
  "slot1_param9": 0.5285051014011188,
  "slot1_param10": 0.9181554869530525,
  "slot1_param11": 0.7773286176895828,
  "slot1_param12": 0.15452741457604313,
  "slot1_param13": 0.37614487314048045,
  "slot1_param14": 0.5749841074093227,
  "slot1_param15": 0.7329794735259862,
  "slot2_engine": 18,
  "slot2_bypass": 0.0,
  "slot2_solo": 0.0,
  "slot2_param1": 0.6995937384180233,
  "slot2_param2": 0.47166489884991186,
  "slot2_param3": 0.4765302400080735,
  "slot2_param4": 0.6530649683306046,
  "slot2_param5": 0.5775478412044324,
  "slot2_param6": 0.4341320742322949,
  "slot2_param7": 0.2927423884734736,
  "slot2_param8": 0.42014193371067665,
  "slot2_param9": 0.7165675524247025,
  "slot2_param10": 0.6298336949675376,
  "slot2_param11": 0.5072568335382144,
  "slot2_param12": 0.683372210241268,
  "slot2_param13": 0.1367414035888503,
  "slot2_param14": 0.7615581470323857,
  "slot2_param15": 0.6541781300265714,
  "slot3_engine": 52,
  "slot3_bypass": 0.0,
  "slot3_solo": 0.0,
  "slot3_param1": 0.0,
  "slot3_param2": 0.9677606136179013,
  "slot3_param3": 0.44057769828151316,
  "slot3_param4": 0.6251076448756291,
  "slot3_param5": 0.267975463795994,
  "slot3_param6": 0.059317153693617675,
  "slot3_param7": 1.0,
  "slot3_param8": 0.4447341495653781,
  "slot3_param9": 0.793783429977649,
  "slot3_param10": 0.4796239204543417,
  "slot3_param11": 0.9494216966896238,
  "slot3_param12": 0.356627351064407,
  "slot3_param13": 0.6017765698972708,
  "slot3_param14": 1.0,
  "slot3_param15": 0.4290735372051433,
  "slot4_engine": 41,
  "slot4_bypass": 0.0,
  "slot4_solo": 0.0,
  "slot4_param1": 0.3635964066222129,
  "slot4_param2": 1.0,
  "slot4_param3": 0.8617508265701013,
  "slot4_param4": 0.9073229716050423,
  "slot4_param5": 0.9029565644189609,
  "slot4_param6": 0.4226047278709129,
  "slot4_param7": 0.579602958165342,
  "slot4_param8": 0.07008164912128717,
  "slot4_param9": 0.991397502570134,
  "slot4_param10": 0.4542705061103984,
  "slot4_param11": 0.900882611630423,
  "slot4_param12": 0.6565275094480713,
  "slot4_param13": 0.32486480325453904,
  "slot4_param14": 0.9464674839619147,
  "slot4_param15": 0.8070857134648453,
  "slot5_engine": 47,
  "slot5_bypass": 0.0,
  "slot5_solo": 0.0,
  "slot5_param1": 0.018072906887879464,
  "slot5_param2": 1.0,
  "slot5_param3": 0.3280787241833081,
  "slot5_param4": 0.4516428077840148,
  "slot5_param5": 0.3239130901290172,
  "slot5_param6": 0.05469203641743822,
  "slot5_param7": 0.6317838084490055,
  "slot5_param8": 0.48465367104619744,
  "slot5_param9": 0.7944450591386654,
  "slot5_param10": 0.05825714480642058,
  "slot5_param11": 0.8990541752392573,
  "slot5_param12": 0.711201863376604,
  "slot5_param13": 0.08742545848081029,
  "slot5_param14": 0.8527357636730246,
  "slot5_param15": 0.8822162011645078,
  "slot6_engine": 0,
  "slot6_bypass": 1.0,
  "slot6_solo": 0.0,
  "slot6_param1": 0.0,
  "slot6_param2": 0.0,
  "slot6_param3": 0.0,
  "slot6_param4": 0.0,
  "slot6_param5": 0.0,
  "slot6_param6": 0.0,
  "slot6_param7": 0.0,
  "slot6_param8": 0.0,
  "slot6_param9": 0.0,
  "slot6_param10": 0.0,
  "slot6_param11": 0.0,
  "slot6_param12": 0.0,
  "slot6_param13": 0.0,
  "slot6_param14": 0.0,
  "slot6_param15": 0.0,
  "id": "GC_0130",
  "index": 129
}