{
  "creative_name": "Fractal Granular Feedback Madness",
  "category": "Glitch",
  "description": "Dense granular texture with metallic feedback",
  "tags": [
    "experimental",
    "creative",
    "unconventional"
  ],
  "complexity": 0.8909039544511532,
  "brightness": 0.7295891706169075,
  "warmth": 0.29717260446845783,
  "slot1_engine": 55,
  "slot1_bypass": 0.0,
  "slot1_solo": 0.0,
  "slot1_param1": 0.08057419961513282,
  "slot1_param2": 0.6017693431981066,
  "slot1_param3": 0.6806826716889428,
  "slot1_param4": 0.476158932041292,
  "slot1_param5": 0.35976156813438814,
  "slot1_param6": 0.0878234667225044,
  "slot1_param7": 0.7986218349590023,
  "slot1_param8": 0.1600921895210266,
  "slot1_param9": 0.7171799729453084,
  "slot1_param10": 0.6075105910625793,
  "slot1_param11": 0.5581981326097983,
  "slot1_param12": 0.33971442279335456,
  "slot1_param13": 0.46084239084919143,
  "slot1_param14": 0.7784509753802317,
  "slot1_param15": 0.8391244042107289,
  "slot2_engine": 53,
  "slot2_bypass": 0.0,
  "slot2_solo": 0.0,
  "slot2_param1": 0.9486923211130327,
  "slot2_param2": 0.2008673834106675,
  "slot2_param3": 0.7420791003513356,
  "slot2_param4": 0.11319789554532345,
  "slot2_param5": 0.6209778342096063,
  "slot2_param6": 0.36831062263845715,
  "slot2_param7": 0.04104554180196718,
  "slot2_param8": 0.9287900293262201,
  "slot2_param9": 0.5089498531897081,
  "slot2_param10": 0.8119503474686696,
  "slot2_param11": 0.7859460112195141,
  "slot2_param12": 0.4686150010377766,
  "slot2_param13": 0.8873182657570082,
  "slot2_param14": 0.5295362978299221,
  "slot2_param15": 0.8359363449781013,
  "slot3_engine": 27,
  "slot3_bypass": 0.0,
  "slot3_solo": 0.0,
  "slot3_param1": 0.07262516811803099,
  "slot3_param2": 0.7010580203739512,
  "slot3_param3": 0.6227396333351141,
  "slot3_param4": 0.3103259069877611,
  "slot3_param5": 0.43707034412744367,
  "slot3_param6": 0.13631483632467392,
  "slot3_param7": 0.7748656720512053,
  "slot3_param8": 0.19555132265725095,
  "slot3_param9": 0.9835944560485245,
  "slot3_param10": 0.5486267121951924,
  "slot3_param11": 0.5533591011534295,
  "slot3_param12": 0.4306047812024507,
  "slot3_param13": 0.09867791389735961,
  "slot3_param14": 0.9190544464971658,
  "slot3_param15": 0.7457702092638523,
  "slot4_engine": 45,
  "slot4_bypass": 0.0,
  "slot4_solo": 0.0,
  "slot4_param1": 1.0,
  "slot4_param2": 0.8243229732569981,
  "slot4_param3": 0.0,
  "slot4_param4": 0.9925562689527443,
  "slot4_param5": 0.41860435701304,
  "slot4_param6": 0.5014820336331863,
  "slot4_param7": 0.30746735398699065,
  "slot4_param8": 0.9438030872702401,
  "slot4_param9": 0.14046815967198464,
  "slot4_param10": 0.9144274709890958,
  "slot4_param11": 0.6665092999064989,
  "slot4_param12": 0.6176252051843657,
  "slot4_param13": 0.5625298982887171,
  "slot4_param14": 0.7459665118999261,
  "slot4_param15": 0.4395109023764444,
  "slot5_engine": 0,
  "slot5_bypass": 1.0,
  "slot5_solo": 0.0,
  "slot5_param1": 0.0,
  "slot5_param2": 0.0,
  "slot5_param3": 0.0,
  "slot5_param4": 0.0,
  "slot5_param5": 0.0,
  "slot5_param6": 0.0,
  "slot5_param7": 0.0,
  "slot5_param8": 0.0,
  "slot5_param9": 0.0,
  "slot5_param10": 0.0,
  "slot5_param11": 0.0,
  "slot5_param12": 0.0,
  "slot5_param13": 0.0,
  "slot5_param14": 0.0,
  "slot5_param15": 0.0,
  "slot6_engine": 0,
  "slot6_bypass": 1.0,
  "slot6_solo": 0.0,
  "slot6_param1": 0.0,
  "slot6_param2": 0.0,
  "slot6_param3": 0.0,
  "slot6_param4": 0.0,
  "slot6_param5": 0.0,
  "slot6_param6": 0.0,
  "slot6_param7": 0.0,
  "slot6_param8": 0.0,
  "slot6_param9": 0.0,
  "slot6_param10": 0.0,
  "slot6_param11": 0.0,
  "slot6_param12": 0.0,
  "slot6_param13": 0.0,
  "slot6_param14": 0.0,
  "slot6_param15": 0.0,
  "id": "GC_0022",
  "index": 21
}