{
  "creative_name": "Prismatic Harmonic Web",
  "category": "Lo-Fi",
  "description": "Complex harmonic textures",
  "tags": [
    "experimental",
    "creative",
    "unconventional",
    "trippy",
    "morphing",
    "colorful"
  ],
  "complexity": 0.9502134638995294,
  "brightness": 0.30944843687489526,
  "warmth": 0.6253584988368394,
  "slot1_engine": 55,
  "slot1_bypass": 0.0,
  "slot1_solo": 0.0,
  "slot1_param1": 0.0,
  "slot1_param2": 0.6423451813423695,
  "slot1_param3": 0.7569676736746987,
  "slot1_param4": 0.18690727629430687,
  "slot1_param5": 0.4964182487780022,
  "slot1_param6": 0.2377787264226111,
  "slot1_param7": 0.6184963962766219,
  "slot1_param8": 0.24173765074149867,
  "slot1_param9": 0.6011659236019244,
  "slot1_param10": 0.4808920707714103,
  "slot1_param11": 0.7436701237373678,
  "slot1_param12": 0.4123258283859744,
  "slot1_param13": 0.2896563304232796,
  "slot1_param14": 0.638277811543442,
  "slot1_param15": 0.794059123971687,
  "slot2_engine": 35,
  "slot2_bypass": 0.0,
  "slot2_solo": 0.0,
  "slot2_param1": 0.7594649392633859,
  "slot2_param2": 0.5752316133642973,
  "slot2_param3": 0.22092270467671463,
  "slot2_param4": 0.8510048766834846,
  "slot2_param5": 0.7108935551274899,
  "slot2_param6": 0.4237497566964812,
  "slot2_param7": 0.9196526533997005,
  "slot2_param8": 0.5267137322912847,
  "slot2_param9": 0.3880292586660029,
  "slot2_param10": 0.729157761286086,
  "slot2_param11": 0.24044819073340395,
  "slot2_param12": 0.5937980533865472,
  "slot2_param13": 1.0,
  "slot2_param14": 0.23712080183841458,
  "slot2_param15": 0.5842257772811766,
  "slot3_engine": 53,
  "slot3_bypass": 0.0,
  "slot3_solo": 0.0,
  "slot3_param1": 0.9326177523397206,
  "slot3_param2": 0.6241655911234565,
  "slot3_param3": 0.681909219638758,
  "slot3_param4": 0.556068874128716,
  "slot3_param5": 0.7171039561812873,
  "slot3_param6": 0.7351643315293757,
  "slot3_param7": 0.06325727114111082,
  "slot3_param8": 0.5197629307091174,
  "slot3_param9": 0.26536172170526273,
  "slot3_param10": 0.8129019831609336,
  "slot3_param11": 1.0,
  "slot3_param12": 0.49714551346346747,
  "slot3_param13": 0.4300497436220674,
  "slot3_param14": 0.5839780177921112,
  "slot3_param15": 0.5174159010925565,
  "slot4_engine": 52,
  "slot4_bypass": 0.0,
  "slot4_solo": 0.0,
  "slot4_param1": 0.0,
  "slot4_param2": 1.0,
  "slot4_param3": 0.6220873436987779,
  "slot4_param4": 0.3056265814498561,
  "slot4_param5": 0.4516321618783549,
  "slot4_param6": 0.2988559286112968,
  "slot4_param7": 0.5039514236374258,
  "slot4_param8": 0.0,
  "slot4_param9": 0.9950744638657057,
  "slot4_param10": 0.284199859593288,
  "slot4_param11": 0.4128589037933352,
  "slot4_param12": 0.515343140605484,
  "slot4_param13": 0.4892244134462387,
  "slot4_param14": 0.6838350089863964,
  "slot4_param15": 0.7193410727369165,
  "slot5_engine": 0,
  "slot5_bypass": 1.0,
  "slot5_solo": 0.0,
  "slot5_param1": 0.0,
  "slot5_param2": 0.0,
  "slot5_param3": 0.0,
  "slot5_param4": 0.0,
  "slot5_param5": 0.0,
  "slot5_param6": 0.0,
  "slot5_param7": 0.0,
  "slot5_param8": 0.0,
  "slot5_param9": 0.0,
  "slot5_param10": 0.0,
  "slot5_param11": 0.0,
  "slot5_param12": 0.0,
  "slot5_param13": 0.0,
  "slot5_param14": 0.0,
  "slot5_param15": 0.0,
  "slot6_engine": 0,
  "slot6_bypass": 1.0,
  "slot6_solo": 0.0,
  "slot6_param1": 0.0,
  "slot6_param2": 0.0,
  "slot6_param3": 0.0,
  "slot6_param4": 0.0,
  "slot6_param5": 0.0,
  "slot6_param6": 0.0,
  "slot6_param7": 0.0,
  "slot6_param8": 0.0,
  "slot6_param9": 0.0,
  "slot6_param10": 0.0,
  "slot6_param11": 0.0,
  "slot6_param12": 0.0,
  "slot6_param13": 0.0,
  "slot6_param14": 0.0,
  "slot6_param15": 0.0,
  "id": "GC_0115",
  "context": "Psychedelic",
  "index": 114
}