{
  "creative_name": "Chromatic Chaotic Spectral Morphing + Lo-Fi Degradation",
  "category": "Ambient",
  "description": "Hybrid: Constantly evolving spectral content with chaotic modulation meets Heavy degradation with vintage character",
  "tags": [
    "experimental",
    "creative",
    "unconventional",
    "hybrid"
  ],
  "complexity": 0.8539901337631319,
  "brightness": 0.493803394247719,
  "warmth": 0.3518003632055434,
  "slot1_engine": 56,
  "slot1_bypass": 0.0,
  "slot1_solo": 0.0,
  "slot1_param1": 0.0,
  "slot1_param2": 0.5177587842990596,
  "slot1_param3": 0.39850135306839896,
  "slot1_param4": 0.32751690743633893,
  "slot1_param5": 0.1885746781387902,
  "slot1_param6": 0.34968633784451647,
  "slot1_param7": 0.435567276599547,
  "slot1_param8": 0.0211320245677655,
  "slot1_param9": 0.8451075162434287,
  "slot1_param10": 0.08022280245090474,
  "slot1_param11": 0.39527824585331095,
  "slot1_param12": 0.2677443103153873,
  "slot1_param13": 0.44509430261304905,
  "slot1_param14": 0.6111826998533133,
  "slot1_param15": 0.7129616497355079,
  "slot2_engine": 18,
  "slot2_bypass": 0.0,
  "slot2_solo": 0.0,
  "slot2_param1": 0.9519784982741903,
  "slot2_param2": 0.32388823576586917,
  "slot2_param3": 1.0,
  "slot2_param4": 0.5373821164612909,
  "slot2_param5": 0.6390157992656917,
  "slot2_param6": 0.06807128884899072,
  "slot2_param7": 1.0,
  "slot2_param8": 0.4074241288314139,
  "slot2_param9": 0.8459871220285224,
  "slot2_param10": 0.03662102123793037,
  "slot2_param11": 0.9041569086687024,
  "slot2_param12": 0.03318331438218641,
  "slot2_param13": 1.0,
  "slot2_param14": 0.24794630027340372,
  "slot2_param15": 0.6618868035199001,
  "slot3_engine": 54,
  "slot3_bypass": 0.0,
  "slot3_solo": 0.0,
  "slot3_param1": 0.4995998152159233,
  "slot3_param2": 0.23511825256409527,
  "slot3_param3": 0.6353010869127143,
  "slot3_param4": 0.5067942169815802,
  "slot3_param5": 1.0,
  "slot3_param6": 0.7048428326456528,
  "slot3_param7": 0.41604426483035056,
  "slot3_param8": 0.6685796622747442,
  "slot3_param9": 0.6692744297520434,
  "slot3_param10": 0.4220059295601641,
  "slot3_param11": 1.0,
  "slot3_param12": 0.5736860840819529,
  "slot3_param13": 0.9984079891425548,
  "slot3_param14": 0.5287020658770565,
  "slot3_param15": 0.6070885166917026,
  "slot4_engine": 41,
  "slot4_bypass": 0.0,
  "slot4_solo": 0.0,
  "slot4_param1": 0.0,
  "slot4_param2": 0.9193476558684277,
  "slot4_param3": 0.4757443190352916,
  "slot4_param4": 0.4265672100001894,
  "slot4_param5": 0.3929367519838202,
  "slot4_param6": 0.7384023513929218,
  "slot4_param7": 0.4746772087621668,
  "slot4_param8": 0.41384198181575194,
  "slot4_param9": 1.0,
  "slot4_param10": 0.8338804989854969,
  "slot4_param11": 0.6462055274760572,
  "slot4_param12": 0.40531033695694074,
  "slot4_param13": 0.42727061957736473,
  "slot4_param14": 0.6151739045415567,
  "slot4_param15": 0.8731828859476122,
  "slot5_engine": 52,
  "slot5_bypass": 0.0,
  "slot5_solo": 0.0,
  "slot5_param1": 0.0,
  "slot5_param2": 0.4803141258012666,
  "slot5_param3": 0.8119061148074516,
  "slot5_param4": 0.2988846123956125,
  "slot5_param5": 0.7656551160778619,
  "slot5_param6": 0.3697621113583086,
  "slot5_param7": 0.7934460303611124,
  "slot5_param8": 0.0,
  "slot5_param9": 0.8290721831903859,
  "slot5_param10": 0.7175420298548015,
  "slot5_param11": 0.8207391960356988,
  "slot5_param12": 0.848951088912426,
  "slot5_param13": 0.42161481838503706,
  "slot5_param14": 0.9802680852315275,
  "slot5_param15": 0.5210001902548624,
  "slot6_engine": 0,
  "slot6_bypass": 1.0,
  "slot6_solo": 0.0,
  "slot6_param1": 0.0,
  "slot6_param2": 0.0,
  "slot6_param3": 0.0,
  "slot6_param4": 0.0,
  "slot6_param5": 0.0,
  "slot6_param6": 0.0,
  "slot6_param7": 0.0,
  "slot6_param8": 0.0,
  "slot6_param9": 0.0,
  "slot6_param10": 0.0,
  "slot6_param11": 0.0,
  "slot6_param12": 0.0,
  "slot6_param13": 0.0,
  "slot6_param14": 0.0,
  "slot6_param15": 0.0,
  "id": "GC_0127",
  "index": 126
}