{
  "creative_name": "Astral Spectral Freeze Stutter",
  "category": "Experimental",
  "description": "Frozen spectral content with chaotic amplitude",
  "tags": [
    "experimental",
    "creative",
    "unconventional",
    "glitch",
    "idm",
    "experimental"
  ],
  "complexity": 0.7503720722917516,
  "brightness": 0.6104061161603473,
  "warmth": 0.3794365975984848,
  "slot1_engine": 54,
  "slot1_bypass": 0.0,
  "slot1_solo": 0.0,
  "slot1_param1": 0.5366395086069802,
  "slot1_param2": 0.5995010389781525,
  "slot1_param3": 1.0,
  "slot1_param4": 0.377862483407315,
  "slot1_param5": 0.9462362962384856,
  "slot1_param6": 0.44676579086612833,
  "slot1_param7": 0.18259581224652088,
  "slot1_param8": 0.5462833162157199,
  "slot1_param9": 0.6936860118470616,
  "slot1_param10": 0.7818199089133184,
  "slot1_param11": 0.6953657853914365,
  "slot1_param12": 0.2173423053860938,
  "slot1_param13": 0.5491265723538107,
  "slot1_param14": 0.6200899829604785,
  "slot1_param15": 0.4212879737138662,
  "slot2_engine": 56,
  "slot2_bypass": 0.0,
  "slot2_solo": 0.0,
  "slot2_param1": 0.5371363495359549,
  "slot2_param2": 0.5322990686456693,
  "slot2_param3": 0.742386757243604,
  "slot2_param4": 0.11360899838416513,
  "slot2_param5": 0.9379428465995603,
  "slot2_param6": 0.6691927557729308,
  "slot2_param7": 0.0,
  "slot2_param8": 0.7689735286674271,
  "slot2_param9": 0.3988171864895178,
  "slot2_param10": 0.5707381955600462,
  "slot2_param11": 0.7634347434637196,
  "slot2_param12": 0.17722735297567893,
  "slot2_param13": 0.8112933480709439,
  "slot2_param14": 0.2806397783178382,
  "slot2_param15": 0.46034416310962567,
  "slot3_engine": 52,
  "slot3_bypass": 0.0,
  "slot3_solo": 0.0,
  "slot3_param1": 0.0,
  "slot3_param2": 0.9706222853565996,
  "slot3_param3": 0.4168419543254143,
  "slot3_param4": 0.4062632068293792,
  "slot3_param5": 0.22362958224447244,
  "slot3_param6": 0.2555688542682889,
  "slot3_param7": 0.4679997749242444,
  "slot3_param8": 0.12274944588048092,
  "slot3_param9": 0.6239156793178371,
  "slot3_param10": 0.6221276068655444,
  "slot3_param11": 0.7422317371737985,
  "slot3_param12": 0.5908461085870497,
  "slot3_param13": 0.5103026934684238,
  "slot3_param14": 1.0,
  "slot3_param15": 0.5300966235091713,
  "slot4_engine": 0,
  "slot4_bypass": 1.0,
  "slot4_solo": 0.0,
  "slot4_param1": 0.0,
  "slot4_param2": 0.0,
  "slot4_param3": 0.0,
  "slot4_param4": 0.0,
  "slot4_param5": 0.0,
  "slot4_param6": 0.0,
  "slot4_param7": 0.0,
  "slot4_param8": 0.0,
  "slot4_param9": 0.0,
  "slot4_param10": 0.0,
  "slot4_param11": 0.0,
  "slot4_param12": 0.0,
  "slot4_param13": 0.0,
  "slot4_param14": 0.0,
  "slot4_param15": 0.0,
  "slot5_engine": 0,
  "slot5_bypass": 1.0,
  "slot5_solo": 0.0,
  "slot5_param1": 0.0,
  "slot5_param2": 0.0,
  "slot5_param3": 0.0,
  "slot5_param4": 0.0,
  "slot5_param5": 0.0,
  "slot5_param6": 0.0,
  "slot5_param7": 0.0,
  "slot5_param8": 0.0,
  "slot5_param9": 0.0,
  "slot5_param10": 0.0,
  "slot5_param11": 0.0,
  "slot5_param12": 0.0,
  "slot5_param13": 0.0,
  "slot5_param14": 0.0,
  "slot5_param15": 0.0,
  "slot6_engine": 0,
  "slot6_bypass": 1.0,
  "slot6_solo": 0.0,
  "slot6_param1": 0.0,
  "slot6_param2": 0.0,
  "slot6_param3": 0.0,
  "slot6_param4": 0.0,
  "slot6_param5": 0.0,
  "slot6_param6": 0.0,
  "slot6_param7": 0.0,
  "slot6_param8": 0.0,
  "slot6_param9": 0.0,
  "slot6_param10": 0.0,
  "slot6_param11": 0.0,
  "slot6_param12": 0.0,
  "slot6_param13": 0.0,
  "slot6_param14": 0.0,
  "slot6_param15": 0.0,
  "id": "GC_0112",
  "context": "Electronic",
  "index": 111
}