{
  "creative_name": "Crystalline Formant Web",
  "category": "Experimental",
  "description": "Formant-shaped feedback network",
  "tags": [
    "experimental",
    "creative",
    "unconventional"
  ],
  "complexity": 0.9970467907383725,
  "brightness": 0.4550080077372714,
  "warmth": 0.3871507704436399,
  "slot1_engine": 32,
  "slot1_bypass": 0.0,
  "slot1_solo": 0.0,
  "slot1_param1": 0.594087762007919,
  "slot1_param2": 0.9628036462767754,
  "slot1_param3": 0.4333728300890459,
  "slot1_param4": 0.9711362470539798,
  "slot1_param5": 0.6084684919693859,
  "slot1_param6": 0.7444816287522107,
  "slot1_param7": 0.13039529931852706,
  "slot1_param8": 1.0,
  "slot1_param9": 0.22838653257991653,
  "slot1_param10": 0.5368676666934603,
  "slot1_param11": 0.4201829167515983,
  "slot1_param12": 0.5198128486194393,
  "slot1_param13": 0.22040838764384366,
  "slot1_param14": 0.666721095864354,
  "slot1_param15": 0.7711161521557304,
  "slot2_engine": 39,
  "slot2_bypass": 0.0,
  "slot2_solo": 0.0,
  "slot2_param1": 0.8968967645887325,
  "slot2_param2": 0.6535401131435686,
  "slot2_param3": 0.8030757863476106,
  "slot2_param4": 0.6069902883091739,
  "slot2_param5": 0.39974012006234494,
  "slot2_param6": 0.7206727640620547,
  "slot2_param7": 0.3071903902781459,
  "slot2_param8": 0.2033085988418371,
  "slot2_param9": 0.8723031200144371,
  "slot2_param10": 0.46524520114604706,
  "slot2_param11": 0.565578083875107,
  "slot2_param12": 0.6607711954142694,
  "slot2_param13": 0.5121165821789402,
  "slot2_param14": 1.0,
  "slot2_param15": 0.4846693429199789,
  "slot3_engine": 45,
  "slot3_bypass": 0.0,
  "slot3_solo": 0.0,
  "slot3_param1": 1.0,
  "slot3_param2": 0.7768860288320658,
  "slot3_param3": 0.26060293884707647,
  "slot3_param4": 0.8153057873024343,
  "slot3_param5": 0.7182449814174855,
  "slot3_param6": 0.8483768504521078,
  "slot3_param7": 0.33924064325546655,
  "slot3_param8": 0.8862693888078157,
  "slot3_param9": 0.4575709718672929,
  "slot3_param10": 0.902860400217997,
  "slot3_param11": 0.5222510723393523,
  "slot3_param12": 0.7466102663931906,
  "slot3_param13": 0.43614728980057227,
  "slot3_param14": 0.6572176587337621,
  "slot3_param15": 0.8422896783403806,
  "slot4_engine": 0,
  "slot4_bypass": 1.0,
  "slot4_solo": 0.0,
  "slot4_param1": 0.0,
  "slot4_param2": 0.0,
  "slot4_param3": 0.0,
  "slot4_param4": 0.0,
  "slot4_param5": 0.0,
  "slot4_param6": 0.0,
  "slot4_param7": 0.0,
  "slot4_param8": 0.0,
  "slot4_param9": 0.0,
  "slot4_param10": 0.0,
  "slot4_param11": 0.0,
  "slot4_param12": 0.0,
  "slot4_param13": 0.0,
  "slot4_param14": 0.0,
  "slot4_param15": 0.0,
  "slot5_engine": 0,
  "slot5_bypass": 1.0,
  "slot5_solo": 0.0,
  "slot5_param1": 0.0,
  "slot5_param2": 0.0,
  "slot5_param3": 0.0,
  "slot5_param4": 0.0,
  "slot5_param5": 0.0,
  "slot5_param6": 0.0,
  "slot5_param7": 0.0,
  "slot5_param8": 0.0,
  "slot5_param9": 0.0,
  "slot5_param10": 0.0,
  "slot5_param11": 0.0,
  "slot5_param12": 0.0,
  "slot5_param13": 0.0,
  "slot5_param14": 0.0,
  "slot5_param15": 0.0,
  "slot6_engine": 0,
  "slot6_bypass": 1.0,
  "slot6_solo": 0.0,
  "slot6_param1": 0.0,
  "slot6_param2": 0.0,
  "slot6_param3": 0.0,
  "slot6_param4": 0.0,
  "slot6_param5": 0.0,
  "slot6_param6": 0.0,
  "slot6_param7": 0.0,
  "slot6_param8": 0.0,
  "slot6_param9": 0.0,
  "slot6_param10": 0.0,
  "slot6_param11": 0.0,
  "slot6_param12": 0.0,
  "slot6_param13": 0.0,
  "slot6_param14": 0.0,
  "slot6_param15": 0.0,
  "id": "GC_0001",
  "index": 0
}