{
  "creative_name": "Vocal Formant Destruction + Lo-Fi Degradation Meditation",
  "category": "Spatial",
  "description": "Hybrid: Vocal formants destroyed and reconstructed meets Heavy degradation with vintage character",
  "tags": [
    "experimental",
    "creative",
    "unconventional",
    "hybrid"
  ],
  "complexity": 0.8244437505007511,
  "brightness": 0.6844094578226618,
  "warmth": 0.4514299263375831,
  "slot1_engine": 32,
  "slot1_bypass": 0.0,
  "slot1_solo": 0.0,
  "slot1_param1": 0.4217489700433227,
  "slot1_param2": 0.7835849120892109,
  "slot1_param3": 0.11397863442720024,
  "slot1_param4": 1.0,
  "slot1_param5": 0.5102675990692922,
  "slot1_param6": 0.6426429265097371,
  "slot1_param7": 0.1942359719428694,
  "slot1_param8": 0.7352496648767741,
  "slot1_param9": 0.33100171257443584,
  "slot1_param10": 0.8638950367867966,
  "slot1_param11": 0.5429277637259102,
  "slot1_param12": 0.4745570933260988,
  "slot1_param13": 0.3185059171968798,
  "slot1_param14": 0.41619815507885805,
  "slot1_param15": 0.7661392351439472,
  "slot2_engine": 18,
  "slot2_bypass": 0.0,
  "slot2_solo": 0.0,
  "slot2_param1": 1.0,
  "slot2_param2": 0.25290633667006207,
  "slot2_param3": 0.8791518349212142,
  "slot2_param4": 0.023113663951476016,
  "slot2_param5": 0.7277271810747729,
  "slot2_param6": 0.7426206721028563,
  "slot2_param7": 0.8365881620304567,
  "slot2_param8": 0.0,
  "slot2_param9": 0.7061043380441606,
  "slot2_param10": 0.3380587978400221,
  "slot2_param11": 0.9850338657506319,
  "slot2_param12": 0.16523246811441233,
  "slot2_param13": 0.8007061966204703,
  "slot2_param14": 0.724489648468441,
  "slot2_param15": 0.5468043891647354,
  "slot3_engine": 37,
  "slot3_bypass": 0.0,
  "slot3_solo": 0.0,
  "slot3_param1": 0.5293677826628638,
  "slot3_param2": 1.0,
  "slot3_param3": 0.3879555210768777,
  "slot3_param4": 0.9172450301407156,
  "slot3_param5": 0.5931573491157407,
  "slot3_param6": 0.12433361213736555,
  "slot3_param7": 0.9243000552867793,
  "slot3_param8": 0.3717475763861836,
  "slot3_param9": 0.15359842827772008,
  "slot3_param10": 0.9426932238688452,
  "slot3_param11": 0.536100913576042,
  "slot3_param12": 0.6566592121104687,
  "slot3_param13": 0.6563008966581593,
  "slot3_param14": 0.24551819047859325,
  "slot3_param15": 0.8518459443252275,
  "slot4_engine": 41,
  "slot4_bypass": 0.0,
  "slot4_solo": 0.0,
  "slot4_param1": 0.19271243555237938,
  "slot4_param2": 1.0,
  "slot4_param3": 0.8392263331592396,
  "slot4_param4": 0.5010432954313895,
  "slot4_param5": 0.7306373947632172,
  "slot4_param6": 0.33659290377694895,
  "slot4_param7": 0.8259987853997047,
  "slot4_param8": 0.14398772091279885,
  "slot4_param9": 0.8416025424053637,
  "slot4_param10": 0.6649870868207446,
  "slot4_param11": 0.9734911682686436,
  "slot4_param12": 0.597910963678306,
  "slot4_param13": 0.4885117942084046,
  "slot4_param14": 1.0,
  "slot4_param15": 0.5828274187293514,
  "slot5_engine": 51,
  "slot5_bypass": 0.0,
  "slot5_solo": 0.0,
  "slot5_param1": 0.41434658355017995,
  "slot5_param2": 0.48525199661411317,
  "slot5_param3": 0.31417775424556027,
  "slot5_param4": 0.4379458103229868,
  "slot5_param5": 0.49089813904489493,
  "slot5_param6": 0.47423894194767396,
  "slot5_param7": 0.8008941553154942,
  "slot5_param8": 0.09265488969309515,
  "slot5_param9": 0.9622342212237575,
  "slot5_param10": 0.7418330142249105,
  "slot5_param11": 0.7882144620861317,
  "slot5_param12": 0.35043462102987755,
  "slot5_param13": 0.5575684698440277,
  "slot5_param14": 0.5214859670690168,
  "slot5_param15": 0.43699732972673533,
  "slot6_engine": 0,
  "slot6_bypass": 1.0,
  "slot6_solo": 0.0,
  "slot6_param1": 0.0,
  "slot6_param2": 0.0,
  "slot6_param3": 0.0,
  "slot6_param4": 0.0,
  "slot6_param5": 0.0,
  "slot6_param6": 0.0,
  "slot6_param7": 0.0,
  "slot6_param8": 0.0,
  "slot6_param9": 0.0,
  "slot6_param10": 0.0,
  "slot6_param11": 0.0,
  "slot6_param12": 0.0,
  "slot6_param13": 0.0,
  "slot6_param14": 0.0,
  "slot6_param15": 0.0,
  "id": "GC_0135",
  "index": 134
}