{
  "creative_name": "Kaleidoscope Ambient Drift",
  "category": "Experimental",
  "description": "Slowly evolving ambient textures",
  "tags": [
    "experimental",
    "creative",
    "unconventional",
    "drone",
    "meditation",
    "soundscape"
  ],
  "complexity": 0.6432662530782194,
  "brightness": 0.6756779417833991,
  "warmth": 0.6817039647392378,
  "slot1_engine": 54,
  "slot1_bypass": 0.0,
  "slot1_solo": 0.0,
  "slot1_param1": 0.9947450058513252,
  "slot1_param2": 0.31877843273111683,
  "slot1_param3": 0.8862872703083791,
  "slot1_param4": 0.5541487999913784,
  "slot1_param5": 0.5810001459963202,
  "slot1_param6": 0.7239594827716038,
  "slot1_param7": 0.013529134885134908,
  "slot1_param8": 0.7436874278376183,
  "slot1_param9": 0.12497328070494301,
  "slot1_param10": 0.5994051106246256,
  "slot1_param11": 0.7741321263405603,
  "slot1_param12": 0.14171925674857225,
  "slot1_param13": 0.8500796302456841,
  "slot1_param14": 0.783596003210572,
  "slot1_param15": 0.8535747848725981,
  "slot2_engine": 44,
  "slot2_bypass": 0.0,
  "slot2_solo": 0.0,
  "slot2_param1": 0.695252879269626,
  "slot2_param2": 0.7933013008620794,
  "slot2_param3": 1.0,
  "slot2_param4": 0.14281269252062442,
  "slot2_param5": 0.5394857991890177,
  "slot2_param6": 0.5816911928496022,
  "slot2_param7": 0.4523258968330625,
  "slot2_param8": 0.2922385043290816,
  "slot2_param9": 1.0,
  "slot2_param10": 0.23427140593620016,
  "slot2_param11": 0.7420852653219413,
  "slot2_param12": 0.3359436958070055,
  "slot2_param13": 0.5714365921018731,
  "slot2_param14": 0.7458714069303272,
  "slot2_param15": 0.4252340986319543,
  "slot3_engine": 56,
  "slot3_bypass": 0.0,
  "slot3_solo": 0.0,
  "slot3_param1": 0.08745343180959278,
  "slot3_param2": 0.5451591672174622,
  "slot3_param3": 0.7138838989059153,
  "slot3_param4": 0.6493036305762194,
  "slot3_param5": 0.5881045922109829,
  "slot3_param6": 0.2855579092385231,
  "slot3_param7": 0.5483334864491313,
  "slot3_param8": 0.15318421324961518,
  "slot3_param9": 0.9284606765311356,
  "slot3_param10": 0.33774904742201867,
  "slot3_param11": 0.4403852824714893,
  "slot3_param12": 0.42757151856097375,
  "slot3_param13": 0.49949416789419304,
  "slot3_param14": 0.7723542784121056,
  "slot3_param15": 0.6843667484882455,
  "slot4_engine": 51,
  "slot4_bypass": 0.0,
  "slot4_solo": 0.0,
  "slot4_param1": 0.30781140803553353,
  "slot4_param2": 0.8126453334487689,
  "slot4_param3": 0.5545818984142012,
  "slot4_param4": 0.27447499230364236,
  "slot4_param5": 0.6938915805229386,
  "slot4_param6": 0.5933325743639912,
  "slot4_param7": 0.5441213716771647,
  "slot4_param8": 0.24774436982926373,
  "slot4_param9": 0.9356316538802728,
  "slot4_param10": 0.3388454993749475,
  "slot4_param11": 0.3266531306344201,
  "slot4_param12": 0.6426047146854325,
  "slot4_param13": 0.5111311352456552,
  "slot4_param14": 0.749194716276588,
  "slot4_param15": 0.44602334188735493,
  "slot5_engine": 52,
  "slot5_bypass": 0.0,
  "slot5_solo": 0.0,
  "slot5_param1": 0.3436113520580478,
  "slot5_param2": 0.6106064404664789,
  "slot5_param3": 0.42828923970536215,
  "slot5_param4": 0.6289282656880666,
  "slot5_param5": 0.35871880786011584,
  "slot5_param6": 0.3845912278471528,
  "slot5_param7": 0.9275064826832715,
  "slot5_param8": 0.05923980839317025,
  "slot5_param9": 0.9101966458942201,
  "slot5_param10": 0.6359434334396858,
  "slot5_param11": 0.6067085041990671,
  "slot5_param12": 0.2953219822049525,
  "slot5_param13": 0.43689300096772504,
  "slot5_param14": 1.0,
  "slot5_param15": 0.6548935489391257,
  "slot6_engine": 0,
  "slot6_bypass": 1.0,
  "slot6_solo": 0.0,
  "slot6_param1": 0.0,
  "slot6_param2": 0.0,
  "slot6_param3": 0.0,
  "slot6_param4": 0.0,
  "slot6_param5": 0.0,
  "slot6_param6": 0.0,
  "slot6_param7": 0.0,
  "slot6_param8": 0.0,
  "slot6_param9": 0.0,
  "slot6_param10": 0.0,
  "slot6_param11": 0.0,
  "slot6_param12": 0.0,
  "slot6_param13": 0.0,
  "slot6_param14": 0.0,
  "slot6_param15": 0.0,
  "id": "GC_0103",
  "context": "Ambient",
  "index": 102
}