{
  "creative_name": "Pitch Spiral Cascade",
  "category": "Harmonic",
  "description": "Ascending pitch spirals with granular texture",
  "tags": [
    "experimental",
    "creative",
    "unconventional"
  ],
  "complexity": 0.6086424140392067,
  "brightness": 0.6666874300675456,
  "warmth": 0.44390833217342673,
  "slot1_engine": 34,
  "slot1_bypass": 0.0,
  "slot1_solo": 0.0,
  "slot1_param1": 0.29914265496129566,
  "slot1_param2": 0.9180876298429639,
  "slot1_param3": 0.1583880752010459,
  "slot1_param4": 0.37743334088785463,
  "slot1_param5": 0.9543403114604114,
  "slot1_param6": 0.16366975786135374,
  "slot1_param7": 0.8179403069689797,
  "slot1_param8": 0.13877499254018583,
  "slot1_param9": 0.46543443443696736,
  "slot1_param10": 0.6538854046408729,
  "slot1_param11": 0.01112403512132859,
  "slot1_param12": 0.4055627207217455,
  "slot1_param13": 1.0,
  "slot1_param14": 0.2556297885373774,
  "slot1_param15": 0.409156415744583,
  "slot2_engine": 55,
  "slot2_bypass": 0.0,
  "slot2_solo": 0.0,
  "slot2_param1": 0.3803612887779354,
  "slot2_param2": 0.5371163944708996,
  "slot2_param3": 0.4479476305267294,
  "slot2_param4": 0.24082515758024464,
  "slot2_param5": 0.7155796899902006,
  "slot2_param6": 0.5285511513396355,
  "slot2_param7": 0.7114635703232188,
  "slot2_param8": 0.14528174714144182,
  "slot2_param9": 1.0,
  "slot2_param10": 0.5833904048696268,
  "slot2_param11": 0.7755659981448468,
  "slot2_param12": 0.7385547940245119,
  "slot2_param13": 0.0975813347647275,
  "slot2_param14": 1.0,
  "slot2_param15": 0.6329326412249545,
  "slot3_engine": 53,
  "slot3_bypass": 0.0,
  "slot3_solo": 0.0,
  "slot3_param1": 1.0,
  "slot3_param2": 0.2274072068658643,
  "slot3_param3": 0.9116545746324161,
  "slot3_param4": 0.13839177859615476,
  "slot3_param5": 0.9261810787247438,
  "slot3_param6": 0.4179516636435894,
  "slot3_param7": 0.22957173796817693,
  "slot3_param8": 0.5814514044640854,
  "slot3_param9": 0.43231415137603896,
  "slot3_param10": 0.8334571701166132,
  "slot3_param11": 1.0,
  "slot3_param12": 0.25639191200273237,
  "slot3_param13": 0.6068130787498464,
  "slot3_param14": 0.5202922546887172,
  "slot3_param15": 0.7952793020247315,
  "slot4_engine": 19,
  "slot4_bypass": 0.0,
  "slot4_solo": 0.0,
  "slot4_param1": 0.8792801534877036,
  "slot4_param2": 0.8997521044636596,
  "slot4_param3": 0.5938978607583543,
  "slot4_param4": 0.6360140734424355,
  "slot4_param5": 0.40739174758636015,
  "slot4_param6": 0.3673148790825713,
  "slot4_param7": 0.19714246033404356,
  "slot4_param8": 0.8890586041926958,
  "slot4_param9": 0.6208698419827217,
  "slot4_param10": 0.45822262515293677,
  "slot4_param11": 0.34317984103270804,
  "slot4_param12": 1.0,
  "slot4_param13": 0.2410017071184101,
  "slot4_param14": 0.6218080947206643,
  "slot4_param15": 0.784727530823693,
  "slot5_engine": 0,
  "slot5_bypass": 1.0,
  "slot5_solo": 0.0,
  "slot5_param1": 0.0,
  "slot5_param2": 0.0,
  "slot5_param3": 0.0,
  "slot5_param4": 0.0,
  "slot5_param5": 0.0,
  "slot5_param6": 0.0,
  "slot5_param7": 0.0,
  "slot5_param8": 0.0,
  "slot5_param9": 0.0,
  "slot5_param10": 0.0,
  "slot5_param11": 0.0,
  "slot5_param12": 0.0,
  "slot5_param13": 0.0,
  "slot5_param14": 0.0,
  "slot5_param15": 0.0,
  "slot6_engine": 0,
  "slot6_bypass": 1.0,
  "slot6_solo": 0.0,
  "slot6_param1": 0.0,
  "slot6_param2": 0.0,
  "slot6_param3": 0.0,
  "slot6_param4": 0.0,
  "slot6_param5": 0.0,
  "slot6_param6": 0.0,
  "slot6_param7": 0.0,
  "slot6_param8": 0.0,
  "slot6_param9": 0.0,
  "slot6_param10": 0.0,
  "slot6_param11": 0.0,
  "slot6_param12": 0.0,
  "slot6_param13": 0.0,
  "slot6_param14": 0.0,
  "slot6_param15": 0.0,
  "id": "GC_0040",
  "index": 39
}