{
  "creative_name": "Formant Web Storm",
  "category": "Experimental",
  "description": "Formant-shaped feedback network",
  "tags": [
    "experimental",
    "creative",
    "unconventional"
  ],
  "complexity": 0.9247658578066523,
  "brightness": 0.421847274883981,
  "warmth": 0.32985606142367263,
  "slot1_engine": 32,
  "slot1_bypass": 0.0,
  "slot1_solo": 0.0,
  "slot1_param1": 0.5261352935771704,
  "slot1_param2": 1.0,
  "slot1_param3": 0.09377637618245982,
  "slot1_param4": 0.8655417906962282,
  "slot1_param5": 0.22161595327842817,
  "slot1_param6": 0.5134208971579352,
  "slot1_param7": 0.23242649613114907,
  "slot1_param8": 1.0,
  "slot1_param9": 0.3581017971145941,
  "slot1_param10": 0.753644540753983,
  "slot1_param11": 0.19664532436440976,
  "slot1_param12": 0.7893117269034993,
  "slot1_param13": 0.2251446910480862,
  "slot1_param14": 0.43125741522864286,
  "slot1_param15": 0.6819608666676776,
  "slot2_engine": 39,
  "slot2_bypass": 0.0,
  "slot2_solo": 0.0,
  "slot2_param1": 0.7762654028961306,
  "slot2_param2": 0.18351676340765039,
  "slot2_param3": 0.45507227327441047,
  "slot2_param4": 0.6641375439458417,
  "slot2_param5": 0.32535316716810453,
  "slot2_param6": 0.6850612708646431,
  "slot2_param7": 0.42426968102246954,
  "slot2_param8": 0.020660271173624956,
  "slot2_param9": 1.0,
  "slot2_param10": 0.8646777661269096,
  "slot2_param11": 0.4353586681293614,
  "slot2_param12": 0.983429515225243,
  "slot2_param13": 0.2911500341131115,
  "slot2_param14": 0.7122788113109619,
  "slot2_param15": 0.7643772178392003,
  "slot3_engine": 45,
  "slot3_bypass": 0.0,
  "slot3_solo": 0.0,
  "slot3_param1": 0.8540742614675052,
  "slot3_param2": 1.0,
  "slot3_param3": 0.4280363708430936,
  "slot3_param4": 0.539870047526977,
  "slot3_param5": 0.3334089384946105,
  "slot3_param6": 0.9653968403474794,
  "slot3_param7": 0.5487383936349097,
  "slot3_param8": 1.0,
  "slot3_param9": 0.11596203237418312,
  "slot3_param10": 0.6783497608013105,
  "slot3_param11": 0.6785749901059389,
  "slot3_param12": 0.5006451413240229,
  "slot3_param13": 0.309291465876349,
  "slot3_param14": 0.6416325025390327,
  "slot3_param15": 0.4086808817954746,
  "slot4_engine": 0,
  "slot4_bypass": 1.0,
  "slot4_solo": 0.0,
  "slot4_param1": 0.0,
  "slot4_param2": 0.0,
  "slot4_param3": 0.0,
  "slot4_param4": 0.0,
  "slot4_param5": 0.0,
  "slot4_param6": 0.0,
  "slot4_param7": 0.0,
  "slot4_param8": 0.0,
  "slot4_param9": 0.0,
  "slot4_param10": 0.0,
  "slot4_param11": 0.0,
  "slot4_param12": 0.0,
  "slot4_param13": 0.0,
  "slot4_param14": 0.0,
  "slot4_param15": 0.0,
  "slot5_engine": 0,
  "slot5_bypass": 1.0,
  "slot5_solo": 0.0,
  "slot5_param1": 0.0,
  "slot5_param2": 0.0,
  "slot5_param3": 0.0,
  "slot5_param4": 0.0,
  "slot5_param5": 0.0,
  "slot5_param6": 0.0,
  "slot5_param7": 0.0,
  "slot5_param8": 0.0,
  "slot5_param9": 0.0,
  "slot5_param10": 0.0,
  "slot5_param11": 0.0,
  "slot5_param12": 0.0,
  "slot5_param13": 0.0,
  "slot5_param14": 0.0,
  "slot5_param15": 0.0,
  "slot6_engine": 0,
  "slot6_bypass": 1.0,
  "slot6_solo": 0.0,
  "slot6_param1": 0.0,
  "slot6_param2": 0.0,
  "slot6_param3": 0.0,
  "slot6_param4": 0.0,
  "slot6_param5": 0.0,
  "slot6_param6": 0.0,
  "slot6_param7": 0.0,
  "slot6_param8": 0.0,
  "slot6_param9": 0.0,
  "slot6_param10": 0.0,
  "slot6_param11": 0.0,
  "slot6_param12": 0.0,
  "slot6_param13": 0.0,
  "slot6_param14": 0.0,
  "slot6_param15": 0.0,
  "id": "GC_0016",
  "index": 15
}