{
  "creative_name": "Astral Ambient Drift",
  "category": "Rhythmic",
  "description": "Slowly evolving ambient textures",
  "tags": [
    "experimental",
    "creative",
    "unconventional",
    "drone",
    "meditation",
    "soundscape"
  ],
  "complexity": 0.7403474247196042,
  "brightness": 0.3139638020539581,
  "warmth": 0.3767603577103623,
  "slot1_engine": 54,
  "slot1_bypass": 0.0,
  "slot1_solo": 0.0,
  "slot1_param1": 0.6411610734283706,
  "slot1_param2": 0.22976138085229636,
  "slot1_param3": 0.6141351311172825,
  "slot1_param4": 0.27088467070710626,
  "slot1_param5": 0.8522457232132201,
  "slot1_param6": 0.5792681388267669,
  "slot1_param7": 0.19361175817615983,
  "slot1_param8": 1.0,
  "slot1_param9": 0.5645559072066718,
  "slot1_param10": 0.5401899213857522,
  "slot1_param11": 0.6184657382165291,
  "slot1_param12": 0.2786404425170608,
  "slot1_param13": 0.8311661819140334,
  "slot1_param14": 0.7004846084608862,
  "slot1_param15": 0.6100344595878864,
  "slot2_engine": 44,
  "slot2_bypass": 0.0,
  "slot2_solo": 0.0,
  "slot2_param1": 1.0,
  "slot2_param2": 0.6946924898211273,
  "slot2_param3": 0.09255750341971722,
  "slot2_param4": 0.5445624835375575,
  "slot2_param5": 0.7934672174021402,
  "slot2_param6": 0.7224052610087007,
  "slot2_param7": 0.17270118799350792,
  "slot2_param8": 0.9472616841339662,
  "slot2_param9": 0.24796213142109003,
  "slot2_param10": 0.6453122119850571,
  "slot2_param11": 0.713363580836855,
  "slot2_param12": 0.6171271196504784,
  "slot2_param13": 0.6541828516561702,
  "slot2_param14": 0.7094687105230554,
  "slot2_param15": 0.5457580505378832,
  "slot3_engine": 56,
  "slot3_bypass": 0.0,
  "slot3_solo": 0.0,
  "slot3_param1": 1.0,
  "slot3_param2": 0.4633368723598024,
  "slot3_param3": 0.8833294238704299,
  "slot3_param4": 0.34192809935284413,
  "slot3_param5": 0.7422143637908325,
  "slot3_param6": 0.6209047168386579,
  "slot3_param7": 0.0,
  "slot3_param8": 0.895930815800674,
  "slot3_param9": 0.20679689561629536,
  "slot3_param10": 0.5712507994682641,
  "slot3_param11": 0.6490110593048422,
  "slot3_param12": 0.38175241161203205,
  "slot3_param13": 0.5667335957980186,
  "slot3_param14": 0.3861505266988694,
  "slot3_param15": 0.41078770734715947,
  "slot4_engine": 51,
  "slot4_bypass": 0.0,
  "slot4_solo": 0.0,
  "slot4_param1": 0.0,
  "slot4_param2": 0.6820332552213642,
  "slot4_param3": 0.30782820414138806,
  "slot4_param4": 0.4476858634274073,
  "slot4_param5": 0.25135019005732023,
  "slot4_param6": 0.08325365978978377,
  "slot4_param7": 0.5027648345727571,
  "slot4_param8": 0.0,
  "slot4_param9": 1.0,
  "slot4_param10": 0.46532923018623373,
  "slot4_param11": 0.7351184189156005,
  "slot4_param12": 0.4625155010176839,
  "slot4_param13": 0.2750607299609241,
  "slot4_param14": 1.0,
  "slot4_param15": 0.49501046972455437,
  "slot5_engine": 52,
  "slot5_bypass": 0.0,
  "slot5_solo": 0.0,
  "slot5_param1": 0.26041279122732064,
  "slot5_param2": 0.8432028117674867,
  "slot5_param3": 0.4151879004157062,
  "slot5_param4": 0.5565697338679332,
  "slot5_param5": 0.7511843272025014,
  "slot5_param6": 0.5440764115007458,
  "slot5_param7": 0.6699446835376287,
  "slot5_param8": 0.3001514019038487,
  "slot5_param9": 1.0,
  "slot5_param10": 0.44591475114551615,
  "slot5_param11": 0.7059879533217304,
  "slot5_param12": 0.41859463556302345,
  "slot5_param13": 0.026855412760213804,
  "slot5_param14": 0.7982033945933958,
  "slot5_param15": 0.47344409695744094,
  "slot6_engine": 0,
  "slot6_bypass": 1.0,
  "slot6_solo": 0.0,
  "slot6_param1": 0.0,
  "slot6_param2": 0.0,
  "slot6_param3": 0.0,
  "slot6_param4": 0.0,
  "slot6_param5": 0.0,
  "slot6_param6": 0.0,
  "slot6_param7": 0.0,
  "slot6_param8": 0.0,
  "slot6_param9": 0.0,
  "slot6_param10": 0.0,
  "slot6_param11": 0.0,
  "slot6_param12": 0.0,
  "slot6_param13": 0.0,
  "slot6_param14": 0.0,
  "slot6_param15": 0.0,
  "id": "GC_0083",
  "context": "Ambient",
  "index": 82
}