{
  "creative_name": "Ambient Drift Horizon",
  "category": "Spatial",
  "description": "Slowly evolving ambient textures",
  "tags": [
    "experimental",
    "creative",
    "unconventional",
    "ambient",
    "tension",
    "atmospheric"
  ],
  "complexity": 0.9889534029095972,
  "brightness": 0.4598216001160124,
  "warmth": 0.5298103086364935,
  "slot1_engine": 54,
  "slot1_bypass": 0.0,
  "slot1_solo": 0.0,
  "slot1_param1": 0.5250826425946367,
  "slot1_param2": 0.6316857408302154,
  "slot1_param3": 0.9090075326631013,
  "slot1_param4": 0.3956266281694196,
  "slot1_param5": 0.9443554860880332,
  "slot1_param6": 0.24910639199766776,
  "slot1_param7": 0.053418619463734524,
  "slot1_param8": 0.9095646605668208,
  "slot1_param9": 0.12651332224955925,
  "slot1_param10": 0.7197238094181555,
  "slot1_param11": 0.9160306493440342,
  "slot1_param12": 0.4372658437517664,
  "slot1_param13": 0.7399407095676637,
  "slot1_param14": 0.5620660776838206,
  "slot1_param15": 0.6787360824988843,
  "slot2_engine": 44,
  "slot2_bypass": 0.0,
  "slot2_solo": 0.0,
  "slot2_param1": 0.32572064621643504,
  "slot2_param2": 0.6436408763075493,
  "slot2_param3": 0.7769525412923579,
  "slot2_param4": 0.15484912503935408,
  "slot2_param5": 0.14116075578996704,
  "slot2_param6": 0.939508859399907,
  "slot2_param7": 0.6057773504344872,
  "slot2_param8": 0.10556751275987117,
  "slot2_param9": 0.8523120545772056,
  "slot2_param10": 0.3245010274821172,
  "slot2_param11": 0.8450881538812336,
  "slot2_param12": 0.5067974469092196,
  "slot2_param13": 0.7570823280156429,
  "slot2_param14": 0.40387622875477736,
  "slot2_param15": 0.6063411123641615,
  "slot3_engine": 56,
  "slot3_bypass": 0.0,
  "slot3_solo": 0.0,
  "slot3_param1": 1.0,
  "slot3_param2": 0.6327263297376751,
  "slot3_param3": 0.8685033676963716,
  "slot3_param4": 0.29613741552352246,
  "slot3_param5": 0.4835677842119422,
  "slot3_param6": 0.5465641032980737,
  "slot3_param7": 0.1277330862007983,
  "slot3_param8": 0.5270334704010804,
  "slot3_param9": 0.40330078627031585,
  "slot3_param10": 0.7419556959238638,
  "slot3_param11": 0.9045310856020783,
  "slot3_param12": 0.3268762010292886,
  "slot3_param13": 0.47568450174525734,
  "slot3_param14": 0.7488520788875495,
  "slot3_param15": 0.669104869621006,
  "slot4_engine": 51,
  "slot4_bypass": 0.0,
  "slot4_solo": 0.0,
  "slot4_param1": 0.399424215067523,
  "slot4_param2": 0.5367334730027074,
  "slot4_param3": 0.49132619457415716,
  "slot4_param4": 0.22645420950060932,
  "slot4_param5": 0.4206784869745641,
  "slot4_param6": 0.07646351881043134,
  "slot4_param7": 0.7769408051911078,
  "slot4_param8": 0.23188305520849617,
  "slot4_param9": 1.0,
  "slot4_param10": 0.6829818481244261,
  "slot4_param11": 0.37411156340194257,
  "slot4_param12": 0.24785757730615388,
  "slot4_param13": 0.0029447296585167204,
  "slot4_param14": 0.7386864064846856,
  "slot4_param15": 0.5585645495658094,
  "slot5_engine": 52,
  "slot5_bypass": 0.0,
  "slot5_solo": 0.0,
  "slot5_param1": 0.10600072870956948,
  "slot5_param2": 0.723845538984775,
  "slot5_param3": 0.4022387498771117,
  "slot5_param4": 0.3191806044491288,
  "slot5_param5": 0.31600109656389364,
  "slot5_param6": 0.22614200208090812,
  "slot5_param7": 0.9610815649394198,
  "slot5_param8": 0.0,
  "slot5_param9": 1.0,
  "slot5_param10": 0.3332567095697663,
  "slot5_param11": 0.8599836871234756,
  "slot5_param12": 0.5993948223139687,
  "slot5_param13": 0.0694800024425295,
  "slot5_param14": 0.8838577063782627,
  "slot5_param15": 0.6779816917240292,
  "slot6_engine": 0,
  "slot6_bypass": 1.0,
  "slot6_solo": 0.0,
  "slot6_param1": 0.0,
  "slot6_param2": 0.0,
  "slot6_param3": 0.0,
  "slot6_param4": 0.0,
  "slot6_param5": 0.0,
  "slot6_param6": 0.0,
  "slot6_param7": 0.0,
  "slot6_param8": 0.0,
  "slot6_param9": 0.0,
  "slot6_param10": 0.0,
  "slot6_param11": 0.0,
  "slot6_param12": 0.0,
  "slot6_param13": 0.0,
  "slot6_param14": 0.0,
  "slot6_param15": 0.0,
  "id": "GC_0096",
  "context": "Film Score",
  "index": 95
}