{
  "creative_name": "Harmonic Web Flux",
  "category": "Ambient",
  "description": "Complex harmonic textures",
  "tags": [
    "experimental",
    "creative",
    "unconventional"
  ],
  "complexity": 0.9045339564870667,
  "brightness": 0.35397549210133467,
  "warmth": 0.3205016131172428,
  "slot1_engine": 55,
  "slot1_bypass": 0.0,
  "slot1_solo": 0.0,
  "slot1_param1": 0.1803399553448127,
  "slot1_param2": 0.5785937790114418,
  "slot1_param3": 0.3667307977803152,
  "slot1_param4": 0.30480701096095264,
  "slot1_param5": 0.44135151691744434,
  "slot1_param6": 0.2894431225540056,
  "slot1_param7": 0.9893928596712978,
  "slot1_param8": 0.354806775031803,
  "slot1_param9": 0.8378171320652104,
  "slot1_param10": 0.36817160348591815,
  "slot1_param11": 0.6642790510366721,
  "slot1_param12": 0.23674808380969897,
  "slot1_param13": 0.1917887204242888,
  "slot1_param14": 0.7177181276228441,
  "slot1_param15": 0.7387664486957698,
  "slot2_engine": 35,
  "slot2_bypass": 0.0,
  "slot2_solo": 0.0,
  "slot2_param1": 0.6223775309828092,
  "slot2_param2": 0.5644630524862333,
  "slot2_param3": 0.6053992710090437,
  "slot2_param4": 1.0,
  "slot2_param5": 0.5242570930070517,
  "slot2_param6": 0.7390997269721318,
  "slot2_param7": 0.3764474098510242,
  "slot2_param8": 0.0,
  "slot2_param9": 0.5744480188941381,
  "slot2_param10": 0.5696384097927614,
  "slot2_param11": 0.7047897874291731,
  "slot2_param12": 0.4884231057203625,
  "slot2_param13": 0.49142981230263827,
  "slot2_param14": 0.651285104192529,
  "slot2_param15": 0.8112563972979918,
  "slot3_engine": 53,
  "slot3_bypass": 0.0,
  "slot3_solo": 0.0,
  "slot3_param1": 0.567046067279874,
  "slot3_param2": 0.5057195577618696,
  "slot3_param3": 0.6439404444218882,
  "slot3_param4": 0.55267295491918,
  "slot3_param5": 0.7126130143895606,
  "slot3_param6": 0.4353814633163702,
  "slot3_param7": 0.24553655295898152,
  "slot3_param8": 0.8300190103695093,
  "slot3_param9": 0.3198192680834907,
  "slot3_param10": 0.4679556241069599,
  "slot3_param11": 0.9741919031556363,
  "slot3_param12": 0.4309081642790818,
  "slot3_param13": 1.0,
  "slot3_param14": 0.22310066122441513,
  "slot3_param15": 0.6829169862205848,
  "slot4_engine": 52,
  "slot4_bypass": 0.0,
  "slot4_solo": 0.0,
  "slot4_param1": 0.14980061232512562,
  "slot4_param2": 0.8814407160855751,
  "slot4_param3": 0.3554883876519906,
  "slot4_param4": 0.48104818158954565,
  "slot4_param5": 0.624969071319755,
  "slot4_param6": 0.2903499037041013,
  "slot4_param7": 0.6767276028597295,
  "slot4_param8": 0.0,
  "slot4_param9": 1.0,
  "slot4_param10": 0.34065032253767213,
  "slot4_param11": 0.3839081929307644,
  "slot4_param12": 0.18733409868852102,
  "slot4_param13": 0.4172479988692816,
  "slot4_param14": 0.6837088059375523,
  "slot4_param15": 0.8411357865936419,
  "slot5_engine": 0,
  "slot5_bypass": 1.0,
  "slot5_solo": 0.0,
  "slot5_param1": 0.0,
  "slot5_param2": 0.0,
  "slot5_param3": 0.0,
  "slot5_param4": 0.0,
  "slot5_param5": 0.0,
  "slot5_param6": 0.0,
  "slot5_param7": 0.0,
  "slot5_param8": 0.0,
  "slot5_param9": 0.0,
  "slot5_param10": 0.0,
  "slot5_param11": 0.0,
  "slot5_param12": 0.0,
  "slot5_param13": 0.0,
  "slot5_param14": 0.0,
  "slot5_param15": 0.0,
  "slot6_engine": 0,
  "slot6_bypass": 1.0,
  "slot6_solo": 0.0,
  "slot6_param1": 0.0,
  "slot6_param2": 0.0,
  "slot6_param3": 0.0,
  "slot6_param4": 0.0,
  "slot6_param5": 0.0,
  "slot6_param6": 0.0,
  "slot6_param7": 0.0,
  "slot6_param8": 0.0,
  "slot6_param9": 0.0,
  "slot6_param10": 0.0,
  "slot6_param11": 0.0,
  "slot6_param12": 0.0,
  "slot6_param13": 0.0,
  "slot6_param14": 0.0,
  "slot6_param15": 0.0,
  "id": "GC_0030",
  "index": 29
}