{
  "creative_name": "Chromatic Granular Feedback Madness",
  "category": "Experimental",
  "description": "Dense granular texture with metallic feedback",
  "tags": [
    "experimental",
    "creative",
    "unconventional"
  ],
  "complexity": 0.9105974405649315,
  "brightness": 0.4233167612203012,
  "warmth": 0.4687477079529193,
  "slot1_engine": 55,
  "slot1_bypass": 0.0,
  "slot1_solo": 0.0,
  "slot1_param1": 0.0,
  "slot1_param2": 0.584567909929578,
  "slot1_param3": 0.8908509457960567,
  "slot1_param4": 0.25058171402481355,
  "slot1_param5": 0.2626945406900053,
  "slot1_param6": 0.517998262891196,
  "slot1_param7": 0.4225647864438598,
  "slot1_param8": 0.0,
  "slot1_param9": 0.7759687578314742,
  "slot1_param10": 0.17165230379729973,
  "slot1_param11": 0.7419738803890349,
  "slot1_param12": 0.7372670548164426,
  "slot1_param13": 0.27866075729255635,
  "slot1_param14": 0.6313904314193006,
  "slot1_param15": 0.6589886557409744,
  "slot2_engine": 53,
  "slot2_bypass": 0.0,
  "slot2_solo": 0.0,
  "slot2_param1": 0.7506922920830783,
  "slot2_param2": 0.6987701280143122,
  "slot2_param3": 1.0,
  "slot2_param4": 0.32764145075521556,
  "slot2_param5": 0.5723970468812454,
  "slot2_param6": 0.5177092940941603,
  "slot2_param7": 0.04398272951043916,
  "slot2_param8": 0.6629964999097937,
  "slot2_param9": 0.30608679055940324,
  "slot2_param10": 0.7624797410636344,
  "slot2_param11": 1.0,
  "slot2_param12": 0.1672601423863616,
  "slot2_param13": 0.49182112338915496,
  "slot2_param14": 0.3396028814121974,
  "slot2_param15": 0.6152678735648065,
  "slot3_engine": 27,
  "slot3_bypass": 0.0,
  "slot3_solo": 0.0,
  "slot3_param1": 0.06620083009727609,
  "slot3_param2": 0.8009273926647167,
  "slot3_param3": 0.871107859979328,
  "slot3_param4": 0.6664370418108156,
  "slot3_param5": 0.7889271634614341,
  "slot3_param6": 0.50253753438948,
  "slot3_param7": 0.47216399698141903,
  "slot3_param8": 0.284273351301498,
  "slot3_param9": 1.0,
  "slot3_param10": 0.34875171744235856,
  "slot3_param11": 0.36963176815776855,
  "slot3_param12": 0.40731649055332564,
  "slot3_param13": 0.02131809738782192,
  "slot3_param14": 0.8085088743854872,
  "slot3_param15": 0.6012180994088512,
  "slot4_engine": 45,
  "slot4_bypass": 0.0,
  "slot4_solo": 0.0,
  "slot4_param1": 0.40958212603024075,
  "slot4_param2": 0.9211922511393422,
  "slot4_param3": 0.8027304061313819,
  "slot4_param4": 0.3835674985171358,
  "slot4_param5": 0.0990367196031316,
  "slot4_param6": 0.6634946917068332,
  "slot4_param7": 0.7633804540357805,
  "slot4_param8": 0.21857254152890843,
  "slot4_param9": 0.6337427473763431,
  "slot4_param10": 0.3040695927005883,
  "slot4_param11": 0.41659191401078444,
  "slot4_param12": 0.1454649646898267,
  "slot4_param13": 0.6469220464643314,
  "slot4_param14": 0.3142067137155281,
  "slot4_param15": 0.4066684588645631,
  "slot5_engine": 0,
  "slot5_bypass": 1.0,
  "slot5_solo": 0.0,
  "slot5_param1": 0.0,
  "slot5_param2": 0.0,
  "slot5_param3": 0.0,
  "slot5_param4": 0.0,
  "slot5_param5": 0.0,
  "slot5_param6": 0.0,
  "slot5_param7": 0.0,
  "slot5_param8": 0.0,
  "slot5_param9": 0.0,
  "slot5_param10": 0.0,
  "slot5_param11": 0.0,
  "slot5_param12": 0.0,
  "slot5_param13": 0.0,
  "slot5_param14": 0.0,
  "slot5_param15": 0.0,
  "slot6_engine": 0,
  "slot6_bypass": 1.0,
  "slot6_solo": 0.0,
  "slot6_param1": 0.0,
  "slot6_param2": 0.0,
  "slot6_param3": 0.0,
  "slot6_param4": 0.0,
  "slot6_param5": 0.0,
  "slot6_param6": 0.0,
  "slot6_param7": 0.0,
  "slot6_param8": 0.0,
  "slot6_param9": 0.0,
  "slot6_param10": 0.0,
  "slot6_param11": 0.0,
  "slot6_param12": 0.0,
  "slot6_param13": 0.0,
  "slot6_param14": 0.0,
  "slot6_param15": 0.0,
  "id": "GC_0014",
  "index": 13
}