{
  "creative_name": "Resonant Modulation + Chaos Field Particles",
  "category": "Experimental",
  "description": "Hybrid: Resonant filtering with chaotic modulation meets Chaotic stereo movement",
  "tags": [
    "experimental",
    "creative",
    "unconventional",
    "hybrid"
  ],
  "complexity": 0.9893843674054311,
  "brightness": 0.39457566337761363,
  "warmth": 0.3910182769992345,
  "slot1_engine": 31,
  "slot1_bypass": 0.0,
  "slot1_solo": 0.0,
  "slot1_param1": 0.827925351557027,
  "slot1_param2": 1.0,
  "slot1_param3": 0.0,
  "slot1_param4": 0.6201021575674217,
  "slot1_param5": 0.586861716416305,
  "slot1_param6": 0.7149316929249963,
  "slot1_param7": 0.20046893194489795,
  "slot1_param8": 0.6760427995804049,
  "slot1_param9": 0.7398563880722538,
  "slot1_param10": 0.6162129749992733,
  "slot1_param11": 0.26069768029567336,
  "slot1_param12": 1.0,
  "slot1_param13": 0.19607509972294906,
  "slot1_param14": 0.9176489816730783,
  "slot1_param15": 0.7197878964225549,
  "slot2_engine": 56,
  "slot2_bypass": 0.0,
  "slot2_solo": 0.0,
  "slot2_param1": 0.44538780678837564,
  "slot2_param2": 0.9784646931921263,
  "slot2_param3": 0.707515241848887,
  "slot2_param4": 0.42797544141996535,
  "slot2_param5": 0.5299041684086989,
  "slot2_param6": 0.2028370471444812,
  "slot2_param7": 0.6395769170479354,
  "slot2_param8": 0.15754005143673283,
  "slot2_param9": 0.9033381473697175,
  "slot2_param10": 0.08258239856736821,
  "slot2_param11": 0.809939600953714,
  "slot2_param12": 0.7935740556068025,
  "slot2_param13": 0.09023436084857794,
  "slot2_param14": 0.5382038741737396,
  "slot2_param15": 0.6482229214835071,
  "slot3_engine": 56,
  "slot3_bypass": 0.0,
  "slot3_solo": 0.0,
  "slot3_param1": 0.5914370206727118,
  "slot3_param2": 0.135337245502975,
  "slot3_param3": 0.6700059118020675,
  "slot3_param4": 0.48511413598587344,
  "slot3_param5": 0.8461920990152072,
  "slot3_param6": 0.5226418623789424,
  "slot3_param7": 0.1293493718747845,
  "slot3_param8": 0.608192624675155,
  "slot3_param9": 0.40437204747475486,
  "slot3_param10": 0.743552053171889,
  "slot3_param11": 1.0,
  "slot3_param12": 0.3213290863242047,
  "slot3_param13": 1.0,
  "slot3_param14": 0.274145646432599,
  "slot3_param15": 0.5105707977358747,
  "slot4_engine": 37,
  "slot4_bypass": 0.0,
  "slot4_solo": 0.0,
  "slot4_param1": 0.63886359992319,
  "slot4_param2": 0.5320185545016367,
  "slot4_param3": 0.3265194885863929,
  "slot4_param4": 0.9863403589324372,
  "slot4_param5": 0.22896247883711746,
  "slot4_param6": 0.7839897402725118,
  "slot4_param7": 0.7762686142848726,
  "slot4_param8": 0.18015629013504708,
  "slot4_param9": 0.8604907456029086,
  "slot4_param10": 0.49547657920961585,
  "slot4_param11": 0.35852011432848613,
  "slot4_param12": 0.6808295822802504,
  "slot4_param13": 0.07872556066521522,
  "slot4_param14": 1.0,
  "slot4_param15": 0.5641206843526054,
  "slot5_engine": 51,
  "slot5_bypass": 0.0,
  "slot5_solo": 0.0,
  "slot5_param1": 0.09007159815797225,
  "slot5_param2": 0.7731526412573819,
  "slot5_param3": 0.839128396068631,
  "slot5_param4": 0.15036611411705852,
  "slot5_param5": 0.5345451319833817,
  "slot5_param6": 0.29832193611499014,
  "slot5_param7": 0.4006154916289052,
  "slot5_param8": 0.42552197578634793,
  "slot5_param9": 0.9471261225002079,
  "slot5_param10": 0.5445488889869092,
  "slot5_param11": 0.5764389104623642,
  "slot5_param12": 0.8131283648466634,
  "slot5_param13": 0.1540444535754066,
  "slot5_param14": 0.7115056414362116,
  "slot5_param15": 0.41219733735450664,
  "slot6_engine": 0,
  "slot6_bypass": 1.0,
  "slot6_solo": 0.0,
  "slot6_param1": 0.0,
  "slot6_param2": 0.0,
  "slot6_param3": 0.0,
  "slot6_param4": 0.0,
  "slot6_param5": 0.0,
  "slot6_param6": 0.0,
  "slot6_param7": 0.0,
  "slot6_param8": 0.0,
  "slot6_param9": 0.0,
  "slot6_param10": 0.0,
  "slot6_param11": 0.0,
  "slot6_param12": 0.0,
  "slot6_param13": 0.0,
  "slot6_param14": 0.0,
  "slot6_param15": 0.0,
  "id": "GC_0131",
  "index": 130
}