{
  "creative_name": "Spectral Freeze Stutter Storm",
  "category": "Ambient",
  "description": "Frozen spectral content with chaotic amplitude",
  "tags": [
    "experimental",
    "creative",
    "unconventional",
    "harsh",
    "metallic",
    "aggressive"
  ],
  "complexity": 0.6534313652581484,
  "brightness": 0.4714402631133679,
  "warmth": 0.6325220552444777,
  "slot1_engine": 54,
  "slot1_bypass": 0.0,
  "slot1_solo": 0.0,
  "slot1_param1": 0.3350160517840016,
  "slot1_param2": 0.5818311667027257,
  "slot1_param3": 0.7275731557181284,
  "slot1_param4": 0.3363562797585206,
  "slot1_param5": 0.2462756292928427,
  "slot1_param6": 0.3328838099118801,
  "slot1_param7": 0.630423060396921,
  "slot1_param8": 0.07485671015787648,
  "slot1_param9": 1.0,
  "slot1_param10": 0.6916194527597053,
  "slot1_param11": 0.5597854594890027,
  "slot1_param12": 0.4182509036551543,
  "slot1_param13": 0.5617393739661386,
  "slot1_param14": 0.9940856888371452,
  "slot1_param15": 0.5018902101118445,
  "slot2_engine": 56,
  "slot2_bypass": 0.0,
  "slot2_solo": 0.0,
  "slot2_param1": 1.0,
  "slot2_param2": 0.5834445893259521,
  "slot2_param3": 0.9924603596991685,
  "slot2_param4": 0.3857339107334545,
  "slot2_param5": 0.59428835144186,
  "slot2_param6": 0.5830254085995953,
  "slot2_param7": 0.12883606524337446,
  "slot2_param8": 0.8071594661936528,
  "slot2_param9": 0.5475023700836092,
  "slot2_param10": 0.4156401773686019,
  "slot2_param11": 1.0,
  "slot2_param12": 0.31245870741953363,
  "slot2_param13": 0.9104068136203143,
  "slot2_param14": 0.5104354553055328,
  "slot2_param15": 0.6787479368702068,
  "slot3_engine": 52,
  "slot3_bypass": 0.0,
  "slot3_solo": 0.0,
  "slot3_param1": 0.02607447601102106,
  "slot3_param2": 0.7980385902431144,
  "slot3_param3": 0.7180976543239292,
  "slot3_param4": 0.45967397378440517,
  "slot3_param5": 0.573769079682277,
  "slot3_param6": 0.47763655742687555,
  "slot3_param7": 0.5482594242795655,
  "slot3_param8": 0.02093501513257917,
  "slot3_param9": 0.8474559411075488,
  "slot3_param10": 0.38589473935825364,
  "slot3_param11": 0.6751076065220936,
  "slot3_param12": 0.3904462126468641,
  "slot3_param13": 0.08296332710069199,
  "slot3_param14": 0.9328568959762444,
  "slot3_param15": 0.6542229799862652,
  "slot4_engine": 0,
  "slot4_bypass": 1.0,
  "slot4_solo": 0.0,
  "slot4_param1": 0.0,
  "slot4_param2": 0.0,
  "slot4_param3": 0.0,
  "slot4_param4": 0.0,
  "slot4_param5": 0.0,
  "slot4_param6": 0.0,
  "slot4_param7": 0.0,
  "slot4_param8": 0.0,
  "slot4_param9": 0.0,
  "slot4_param10": 0.0,
  "slot4_param11": 0.0,
  "slot4_param12": 0.0,
  "slot4_param13": 0.0,
  "slot4_param14": 0.0,
  "slot4_param15": 0.0,
  "slot5_engine": 0,
  "slot5_bypass": 1.0,
  "slot5_solo": 0.0,
  "slot5_param1": 0.0,
  "slot5_param2": 0.0,
  "slot5_param3": 0.0,
  "slot5_param4": 0.0,
  "slot5_param5": 0.0,
  "slot5_param6": 0.0,
  "slot5_param7": 0.0,
  "slot5_param8": 0.0,
  "slot5_param9": 0.0,
  "slot5_param10": 0.0,
  "slot5_param11": 0.0,
  "slot5_param12": 0.0,
  "slot5_param13": 0.0,
  "slot5_param14": 0.0,
  "slot5_param15": 0.0,
  "slot6_engine": 0,
  "slot6_bypass": 1.0,
  "slot6_solo": 0.0,
  "slot6_param1": 0.0,
  "slot6_param2": 0.0,
  "slot6_param3": 0.0,
  "slot6_param4": 0.0,
  "slot6_param5": 0.0,
  "slot6_param6": 0.0,
  "slot6_param7": 0.0,
  "slot6_param8": 0.0,
  "slot6_param9": 0.0,
  "slot6_param10": 0.0,
  "slot6_param11": 0.0,
  "slot6_param12": 0.0,
  "slot6_param13": 0.0,
  "slot6_param14": 0.0,
  "slot6_param15": 0.0,
  "id": "GC_0109",
  "context": "Industrial",
  "index": 108
}