{
  "creative_name": "Formant Web + Chaos Field Waves",
  "category": "Experimental",
  "description": "Hybrid: Formant-shaped feedback network meets Chaotic stereo movement",
  "tags": [
    "experimental",
    "creative",
    "unconventional",
    "hybrid"
  ],
  "complexity": 0.7984736906143738,
  "brightness": 0.4974376170346968,
  "warmth": 0.5631612783330953,
  "slot1_engine": 32,
  "slot1_bypass": 0.0,
  "slot1_solo": 0.0,
  "slot1_param1": 0.7117885360604174,
  "slot1_param2": 0.8869950106188578,
  "slot1_param3": 0.5283709496411229,
  "slot1_param4": 1.0,
  "slot1_param5": 0.30276137889187055,
  "slot1_param6": 1.0,
  "slot1_param7": 0.2730096641208227,
  "slot1_param8": 1.0,
  "slot1_param9": 0.29924969237570787,
  "slot1_param10": 0.5640768374468635,
  "slot1_param11": 0.5076020170576625,
  "slot1_param12": 0.7967616017402631,
  "slot1_param13": 0.081641889809276,
  "slot1_param14": 0.9238717289940876,
  "slot1_param15": 0.684913260333778,
  "slot2_engine": 56,
  "slot2_bypass": 0.0,
  "slot2_solo": 0.0,
  "slot2_param1": 0.0,
  "slot2_param2": 0.9761477840194732,
  "slot2_param3": 0.42693663704830187,
  "slot2_param4": 0.3149572056223996,
  "slot2_param5": 0.6103623718083172,
  "slot2_param6": 0.22546832825417606,
  "slot2_param7": 0.9581562795215082,
  "slot2_param8": 0.2332505101215528,
  "slot2_param9": 0.9548907698573406,
  "slot2_param10": 0.3463704767663059,
  "slot2_param11": 0.30842277866728285,
  "slot2_param12": 0.682124882282928,
  "slot2_param13": 0.03605140778295879,
  "slot2_param14": 0.6424191582430969,
  "slot2_param15": 0.4497811191641053,
  "slot3_engine": 39,
  "slot3_bypass": 0.0,
  "slot3_solo": 0.0,
  "slot3_param1": 0.3388101640985104,
  "slot3_param2": 0.7523810761085169,
  "slot3_param3": 0.3460603664243668,
  "slot3_param4": 0.6672166192120781,
  "slot3_param5": 1.0,
  "slot3_param6": 0.4338041392352136,
  "slot3_param7": 0.5963115628210974,
  "slot3_param8": 0.44684612363767695,
  "slot3_param9": 0.7218317227006462,
  "slot3_param10": 0.8939534228575141,
  "slot3_param11": 0.1495820121268809,
  "slot3_param12": 0.2820200307655404,
  "slot3_param13": 0.8966585069321915,
  "slot3_param14": 0.057983570765431536,
  "slot3_param15": 0.8740675891364922,
  "slot4_engine": 37,
  "slot4_bypass": 0.0,
  "slot4_solo": 0.0,
  "slot4_param1": 0.21408846792555775,
  "slot4_param2": 0.9892854789012928,
  "slot4_param3": 0.15187235016120912,
  "slot4_param4": 0.760676136316202,
  "slot4_param5": 0.85698858707439,
  "slot4_param6": 0.4030184793072143,
  "slot4_param7": 1.0,
  "slot4_param8": 0.11166600977426033,
  "slot4_param9": 0.5235140882017904,
  "slot4_param10": 1.0,
  "slot4_param11": 0.6324414292048015,
  "slot4_param12": 0.609965949426251,
  "slot4_param13": 1.0,
  "slot4_param14": 0.4812690644753827,
  "slot4_param15": 0.47984127907229507,
  "slot5_engine": 47,
  "slot5_bypass": 0.0,
  "slot5_solo": 0.0,
  "slot5_param1": 0.1511396237760753,
  "slot5_param2": 0.7564856898698936,
  "slot5_param3": 0.4524889815516471,
  "slot5_param4": 0.06332202694347377,
  "slot5_param5": 0.2795399056389099,
  "slot5_param6": 0.08793581063336856,
  "slot5_param7": 0.5872849988019191,
  "slot5_param8": 0.35894642932532245,
  "slot5_param9": 1.0,
  "slot5_param10": 0.050604170738411725,
  "slot5_param11": 0.9124589797497527,
  "slot5_param12": 0.7069083131441929,
  "slot5_param13": 0.5970810744795922,
  "slot5_param14": 0.598615451634523,
  "slot5_param15": 0.6501779124465306,
  "slot6_engine": 0,
  "slot6_bypass": 1.0,
  "slot6_solo": 0.0,
  "slot6_param1": 0.0,
  "slot6_param2": 0.0,
  "slot6_param3": 0.0,
  "slot6_param4": 0.0,
  "slot6_param5": 0.0,
  "slot6_param6": 0.0,
  "slot6_param7": 0.0,
  "slot6_param8": 0.0,
  "slot6_param9": 0.0,
  "slot6_param10": 0.0,
  "slot6_param11": 0.0,
  "slot6_param12": 0.0,
  "slot6_param13": 0.0,
  "slot6_param14": 0.0,
  "slot6_param15": 0.0,
  "id": "GC_0150",
  "index": 149
}