{
  "creative_name": "Granular Feedback Madness Horizon",
  "category": "Experimental",
  "description": "Dense granular texture with metallic feedback",
  "tags": [
    "experimental",
    "creative",
    "unconventional"
  ],
  "complexity": 0.8189118659633428,
  "brightness": 0.37636361177827293,
  "warmth": 0.49740605884035316,
  "slot1_engine": 55,
  "slot1_bypass": 0.0,
  "slot1_solo": 0.0,
  "slot1_param1": 0.41144556132018095,
  "slot1_param2": 1.0,
  "slot1_param3": 0.8399594244046893,
  "slot1_param4": 0.07880259223364594,
  "slot1_param5": 0.5981391009645727,
  "slot1_param6": 0.18342721950997642,
  "slot1_param7": 0.7351715588030117,
  "slot1_param8": 0.35791551028903595,
  "slot1_param9": 0.8391571448567781,
  "slot1_param10": 0.5449044832588943,
  "slot1_param11": 0.49302806163150936,
  "slot1_param12": 0.19533052084471553,
  "slot1_param13": 0.4839225050429234,
  "slot1_param14": 0.8943796144905742,
  "slot1_param15": 0.6507372299015654,
  "slot2_engine": 53,
  "slot2_bypass": 0.0,
  "slot2_solo": 0.0,
  "slot2_param1": 0.8775737466885996,
  "slot2_param2": 0.6905737157387933,
  "slot2_param3": 0.7716418510948684,
  "slot2_param4": 0.31523097723112986,
  "slot2_param5": 1.0,
  "slot2_param6": 0.771681091049268,
  "slot2_param7": 0.020999788367990685,
  "slot2_param8": 0.8465321824441234,
  "slot2_param9": 0.5949826945864584,
  "slot2_param10": 0.47972688021206006,
  "slot2_param11": 0.7612577667522794,
  "slot2_param12": 0.0650329381564898,
  "slot2_param13": 0.639739243984853,
  "slot2_param14": 0.5558885115729135,
  "slot2_param15": 0.8857584164121528,
  "slot3_engine": 27,
  "slot3_bypass": 0.0,
  "slot3_solo": 0.0,
  "slot3_param1": 0.0,
  "slot3_param2": 0.6907896770819574,
  "slot3_param3": 0.8725068973382355,
  "slot3_param4": 0.5466152207021033,
  "slot3_param5": 0.46651390216305155,
  "slot3_param6": 0.5642599724812258,
  "slot3_param7": 0.733267585406356,
  "slot3_param8": 0.2351688155378901,
  "slot3_param9": 0.8165225828956943,
  "slot3_param10": 0.25751943047643316,
  "slot3_param11": 0.46335202959687694,
  "slot3_param12": 0.6967865399514318,
  "slot3_param13": 0.15069317197513013,
  "slot3_param14": 0.9625534451763686,
  "slot3_param15": 0.5142417354788287,
  "slot4_engine": 45,
  "slot4_bypass": 0.0,
  "slot4_solo": 0.0,
  "slot4_param1": 1.0,
  "slot4_param2": 1.0,
  "slot4_param3": 0.3788586678480583,
  "slot4_param4": 0.9369048184953392,
  "slot4_param5": 0.3958936769888729,
  "slot4_param6": 0.8192213311262195,
  "slot4_param7": 0.39409847990908425,
  "slot4_param8": 0.731322998825686,
  "slot4_param9": 0.4601414257950442,
  "slot4_param10": 0.7507715110312633,
  "slot4_param11": 0.30293549497649286,
  "slot4_param12": 0.803529728840518,
  "slot4_param13": 0.7831587247689183,
  "slot4_param14": 1.0,
  "slot4_param15": 0.7255645702113962,
  "slot5_engine": 0,
  "slot5_bypass": 1.0,
  "slot5_solo": 0.0,
  "slot5_param1": 0.0,
  "slot5_param2": 0.0,
  "slot5_param3": 0.0,
  "slot5_param4": 0.0,
  "slot5_param5": 0.0,
  "slot5_param6": 0.0,
  "slot5_param7": 0.0,
  "slot5_param8": 0.0,
  "slot5_param9": 0.0,
  "slot5_param10": 0.0,
  "slot5_param11": 0.0,
  "slot5_param12": 0.0,
  "slot5_param13": 0.0,
  "slot5_param14": 0.0,
  "slot5_param15": 0.0,
  "slot6_engine": 0,
  "slot6_bypass": 1.0,
  "slot6_solo": 0.0,
  "slot6_param1": 0.0,
  "slot6_param2": 0.0,
  "slot6_param3": 0.0,
  "slot6_param4": 0.0,
  "slot6_param5": 0.0,
  "slot6_param6": 0.0,
  "slot6_param7": 0.0,
  "slot6_param8": 0.0,
  "slot6_param9": 0.0,
  "slot6_param10": 0.0,
  "slot6_param11": 0.0,
  "slot6_param12": 0.0,
  "slot6_param13": 0.0,
  "slot6_param14": 0.0,
  "slot6_param15": 0.0,
  "id": "GC_0027",
  "index": 26
}