{
  "creative_name": "Nebula Chaos Field",
  "category": "Lo-Fi",
  "description": "Chaotic stereo movement",
  "tags": [
    "experimental",
    "creative",
    "unconventional"
  ],
  "complexity": 0.9239210569840359,
  "brightness": 0.4706036565592237,
  "warmth": 0.3928754215341723,
  "slot1_engine": 56,
  "slot1_bypass": 0.0,
  "slot1_solo": 0.0,
  "slot1_param1": 0.9068130102115788,
  "slot1_param2": 0.6869776671555214,
  "slot1_param3": 0.6091167024549093,
  "slot1_param4": 0.11244953501352895,
  "slot1_param5": 0.57526839962983,
  "slot1_param6": 0.3641342550272472,
  "slot1_param7": 0.0,
  "slot1_param8": 1.0,
  "slot1_param9": 0.6336772386880611,
  "slot1_param10": 0.7512286429155222,
  "slot1_param11": 0.930806620377181,
  "slot1_param12": 0.3087309941021312,
  "slot1_param13": 0.97555298763435,
  "slot1_param14": 0.1961167705101977,
  "slot1_param15": 0.5402064722205838,
  "slot2_engine": 52,
  "slot2_bypass": 0.0,
  "slot2_solo": 0.0,
  "slot2_param1": 0.2951058783854382,
  "slot2_param2": 1.0,
  "slot2_param3": 0.680904592853584,
  "slot2_param4": 0.17517933291061571,
  "slot2_param5": 0.32289233327829986,
  "slot2_param6": 0.183127544582317,
  "slot2_param7": 0.6733155768775412,
  "slot2_param8": 0.13747373814136393,
  "slot2_param9": 0.806896230242282,
  "slot2_param10": 0.12462189076806107,
  "slot2_param11": 0.8043917436450823,
  "slot2_param12": 0.6997432929808767,
  "slot2_param13": 0.1130934527410592,
  "slot2_param14": 0.5957209824984684,
  "slot2_param15": 0.7747854434849305,
  "slot3_engine": 37,
  "slot3_bypass": 0.0,
  "slot3_solo": 0.0,
  "slot3_param1": 0.44306205494419926,
  "slot3_param2": 0.8675553561080452,
  "slot3_param3": 0.4041676126117539,
  "slot3_param4": 0.8622172300390474,
  "slot3_param5": 0.7832782118270715,
  "slot3_param6": 0.1527459337125195,
  "slot3_param7": 0.9448841081392958,
  "slot3_param8": 0.3837662874112582,
  "slot3_param9": 0.6367213035598733,
  "slot3_param10": 0.9649521984039148,
  "slot3_param11": 0.45716658809756994,
  "slot3_param12": 0.7489663337021322,
  "slot3_param13": 0.9712202290979471,
  "slot3_param14": 0.5559563329134226,
  "slot3_param15": 0.7767843317060501,
  "slot4_engine": 47,
  "slot4_bypass": 0.0,
  "slot4_solo": 0.0,
  "slot4_param1": 0.0,
  "slot4_param2": 0.5566305901009894,
  "slot4_param3": 0.3028156939529826,
  "slot4_param4": 0.6677211564351786,
  "slot4_param5": 0.30729028626799987,
  "slot4_param6": 0.5800854454725042,
  "slot4_param7": 0.5612665308853311,
  "slot4_param8": 0.35641488698321355,
  "slot4_param9": 0.8680085592765341,
  "slot4_param10": 0.29978502596514855,
  "slot4_param11": 0.7086815277871569,
  "slot4_param12": 0.5255339971336616,
  "slot4_param13": 0.15975951561683951,
  "slot4_param14": 1.0,
  "slot4_param15": 0.7230333518856021,
  "slot5_engine": 0,
  "slot5_bypass": 1.0,
  "slot5_solo": 0.0,
  "slot5_param1": 0.0,
  "slot5_param2": 0.0,
  "slot5_param3": 0.0,
  "slot5_param4": 0.0,
  "slot5_param5": 0.0,
  "slot5_param6": 0.0,
  "slot5_param7": 0.0,
  "slot5_param8": 0.0,
  "slot5_param9": 0.0,
  "slot5_param10": 0.0,
  "slot5_param11": 0.0,
  "slot5_param12": 0.0,
  "slot5_param13": 0.0,
  "slot5_param14": 0.0,
  "slot5_param15": 0.0,
  "slot6_engine": 0,
  "slot6_bypass": 1.0,
  "slot6_solo": 0.0,
  "slot6_param1": 0.0,
  "slot6_param2": 0.0,
  "slot6_param3": 0.0,
  "slot6_param4": 0.0,
  "slot6_param5": 0.0,
  "slot6_param6": 0.0,
  "slot6_param7": 0.0,
  "slot6_param8": 0.0,
  "slot6_param9": 0.0,
  "slot6_param10": 0.0,
  "slot6_param11": 0.0,
  "slot6_param12": 0.0,
  "slot6_param13": 0.0,
  "slot6_param14": 0.0,
  "slot6_param15": 0.0,
  "id": "GC_0011",
  "index": 10
}