{
  "creative_name": "Engineering Test 7 Echo",
  "category": "Ambient",
  "description": "Systematic exploration of GranularCloud",
  "tags": [
    "experimental",
    "creative",
    "unconventional",
    "systematic"
  ],
  "complexity": 0.6111967227959173,
  "brightness": 0.43657071233240363,
  "warmth": 0.4001664436631679,
  "slot1_engine": 55,
  "slot1_bypass": 0.0,
  "slot1_solo": 0.0,
  "slot1_param1": 0.9902551268653328,
  "slot1_param2": 0.5196990594049364,
  "slot1_param3": 0.7787695188882109,
  "slot1_param4": 0.406923557109227,
  "slot1_param5": 0.8176101808694531,
  "slot1_param6": 0.49317102955197073,
  "slot1_param7": 0.18642807492207542,
  "slot1_param8": 0.9926612124018559,
  "slot1_param9": 0.5783695164651765,
  "slot1_param10": 0.5101865586230914,
  "slot1_param11": 1.0,
  "slot1_param12": 0.3554302411967459,
  "slot1_param13": 0.6636973595806595,
  "slot1_param14": 0.36442449866905424,
  "slot1_param15": 0.6565382767240433,
  "slot2_engine": 35,
  "slot2_bypass": 0.0,
  "slot2_solo": 0.0,
  "slot2_param1": 0.49039982541845567,
  "slot2_param2": 0.9805367024344394,
  "slot2_param3": 0.155864032467042,
  "slot2_param4": 0.4937662927775543,
  "slot2_param5": 1.0,
  "slot2_param6": 0.4145424271090287,
  "slot2_param7": 0.7112077805338798,
  "slot2_param8": 0.34667557380635144,
  "slot2_param9": 0.609737730818908,
  "slot2_param10": 0.990431735070311,
  "slot2_param11": 0.4844660394901831,
  "slot2_param12": 0.6310545294964471,
  "slot2_param13": 0.6818242396733531,
  "slot2_param14": 0.5592014668058108,
  "slot2_param15": 0.8520588517764225,
  "slot3_engine": 43,
  "slot3_bypass": 0.0,
  "slot3_solo": 0.0,
  "slot3_param1": 1.0,
  "slot3_param2": 1.0,
  "slot3_param3": 0.23001187114691946,
  "slot3_param4": 0.6491367090616995,
  "slot3_param5": 0.5315448812098189,
  "slot3_param6": 0.6118732612677121,
  "slot3_param7": 0.22066966826162254,
  "slot3_param8": 0.975490871463931,
  "slot3_param9": 0.5404755188193329,
  "slot3_param10": 0.8671064643333153,
  "slot3_param11": 0.4910351886739099,
  "slot3_param12": 0.755117680281405,
  "slot3_param13": 0.8434460411488531,
  "slot3_param14": 0.6959981194438538,
  "slot3_param15": 0.6411649527883816,
  "slot4_engine": 51,
  "slot4_bypass": 0.0,
  "slot4_solo": 0.0,
  "slot4_param1": 0.0,
  "slot4_param2": 0.787475789598657,
  "slot4_param3": 0.51975942244795,
  "slot4_param4": 0.17885654358605263,
  "slot4_param5": 0.32785089587574656,
  "slot4_param6": 0.25218709334456907,
  "slot4_param7": 0.6218668329389248,
  "slot4_param8": 0.4355313139862209,
  "slot4_param9": 0.7696697668045448,
  "slot4_param10": 0.18415133080969354,
  "slot4_param11": 0.5910657114070406,
  "slot4_param12": 0.6592035604591685,
  "slot4_param13": 0.06027882484916003,
  "slot4_param14": 0.7891822427960229,
  "slot4_param15": 0.4655406708900766,
  "slot5_engine": 0,
  "slot5_bypass": 1.0,
  "slot5_solo": 0.0,
  "slot5_param1": 0.0,
  "slot5_param2": 0.0,
  "slot5_param3": 0.0,
  "slot5_param4": 0.0,
  "slot5_param5": 0.0,
  "slot5_param6": 0.0,
  "slot5_param7": 0.0,
  "slot5_param8": 0.0,
  "slot5_param9": 0.0,
  "slot5_param10": 0.0,
  "slot5_param11": 0.0,
  "slot5_param12": 0.0,
  "slot5_param13": 0.0,
  "slot5_param14": 0.0,
  "slot5_param15": 0.0,
  "slot6_engine": 0,
  "slot6_bypass": 1.0,
  "slot6_solo": 0.0,
  "slot6_param1": 0.0,
  "slot6_param2": 0.0,
  "slot6_param3": 0.0,
  "slot6_param4": 0.0,
  "slot6_param5": 0.0,
  "slot6_param6": 0.0,
  "slot6_param7": 0.0,
  "slot6_param8": 0.0,
  "slot6_param9": 0.0,
  "slot6_param10": 0.0,
  "slot6_param11": 0.0,
  "slot6_param12": 0.0,
  "slot6_param13": 0.0,
  "slot6_param14": 0.0,
  "slot6_param15": 0.0,
  "id": "GC_0057",
  "index": 56
}