{
  "creative_name": "Chromatic Ambient Drift",
  "category": "Ambient",
  "description": "Slowly evolving ambient textures",
  "tags": [
    "experimental",
    "creative",
    "unconventional",
    "trippy",
    "morphing",
    "colorful"
  ],
  "complexity": 0.989521410904013,
  "brightness": 0.345816357893066,
  "warmth": 0.6363254802458775,
  "slot1_engine": 54,
  "slot1_bypass": 0.0,
  "slot1_solo": 0.0,
  "slot1_param1": 0.2505539452694875,
  "slot1_param2": 0.9501478725177996,
  "slot1_param3": 0.39247045182833096,
  "slot1_param4": 0.18993078923363305,
  "slot1_param5": 0.4198920142976317,
  "slot1_param6": 0.13454092211571048,
  "slot1_param7": 0.7878357583948128,
  "slot1_param8": 0.0,
  "slot1_param9": 1.0,
  "slot1_param10": 0.36176379589677743,
  "slot1_param11": 0.45972666406161733,
  "slot1_param12": 0.7339401105224455,
  "slot1_param13": 0.40781367390785267,
  "slot1_param14": 0.5771601379259694,
  "slot1_param15": 0.857308395279619,
  "slot2_engine": 44,
  "slot2_bypass": 0.0,
  "slot2_solo": 0.0,
  "slot2_param1": 0.32668442896022265,
  "slot2_param2": 0.6530572760388356,
  "slot2_param3": 1.0,
  "slot2_param4": 0.32919001290936023,
  "slot2_param5": 0.11023425894681405,
  "slot2_param6": 0.6720750949552431,
  "slot2_param7": 0.8112459510208001,
  "slot2_param8": 0.03659557155156806,
  "slot2_param9": 0.9649184590427169,
  "slot2_param10": 0.6174012046085184,
  "slot2_param11": 0.719535417243802,
  "slot2_param12": 0.07146096874585578,
  "slot2_param13": 0.9962358483550012,
  "slot2_param14": 0.40392264671899836,
  "slot2_param15": 0.4613167479554963,
  "slot3_engine": 56,
  "slot3_bypass": 0.0,
  "slot3_solo": 0.0,
  "slot3_param1": 1.0,
  "slot3_param2": 0.14887127759920543,
  "slot3_param3": 0.8325160649771648,
  "slot3_param4": 0.1568657942332567,
  "slot3_param5": 0.44700764778588614,
  "slot3_param6": 0.25044379879715656,
  "slot3_param7": 0.3042897473176573,
  "slot3_param8": 0.5970181856601744,
  "slot3_param9": 0.602558675998764,
  "slot3_param10": 0.40557704244496273,
  "slot3_param11": 0.6385222829825028,
  "slot3_param12": 0.21592194709787585,
  "slot3_param13": 0.7069156821270601,
  "slot3_param14": 0.744521918567375,
  "slot3_param15": 0.6851215540981794,
  "slot4_engine": 51,
  "slot4_bypass": 0.0,
  "slot4_solo": 0.0,
  "slot4_param1": 0.12202330824808519,
  "slot4_param2": 0.7163210057145477,
  "slot4_param3": 0.8121756327393888,
  "slot4_param4": 0.5511314459637058,
  "slot4_param5": 0.2798049908286848,
  "slot4_param6": 0.1800301152801986,
  "slot4_param7": 0.5606926705349685,
  "slot4_param8": 0.4457689729786154,
  "slot4_param9": 0.9005983095343015,
  "slot4_param10": 0.20149988029865695,
  "slot4_param11": 0.6954092616578504,
  "slot4_param12": 0.23778626497901906,
  "slot4_param13": 0.35364261269935754,
  "slot4_param14": 0.5889716032304215,
  "slot4_param15": 0.5991075539071361,
  "slot5_engine": 52,
  "slot5_bypass": 0.0,
  "slot5_solo": 0.0,
  "slot5_param1": 0.11553689467498299,
  "slot5_param2": 0.8466434125822465,
  "slot5_param3": 0.4547667323945036,
  "slot5_param4": 0.6552157028892833,
  "slot5_param5": 0.6123298020363339,
  "slot5_param6": 0.41509435952880724,
  "slot5_param7": 0.5863473608800311,
  "slot5_param8": 0.04297122722624894,
  "slot5_param9": 0.8766636965281986,
  "slot5_param10": 0.4579626931655217,
  "slot5_param11": 0.4747511388823765,
  "slot5_param12": 0.6834405789583373,
  "slot5_param13": 0.1030981432569471,
  "slot5_param14": 0.9120840072906078,
  "slot5_param15": 0.7584716063304459,
  "slot6_engine": 0,
  "slot6_bypass": 1.0,
  "slot6_solo": 0.0,
  "slot6_param1": 0.0,
  "slot6_param2": 0.0,
  "slot6_param3": 0.0,
  "slot6_param4": 0.0,
  "slot6_param5": 0.0,
  "slot6_param6": 0.0,
  "slot6_param7": 0.0,
  "slot6_param8": 0.0,
  "slot6_param9": 0.0,
  "slot6_param10": 0.0,
  "slot6_param11": 0.0,
  "slot6_param12": 0.0,
  "slot6_param13": 0.0,
  "slot6_param14": 0.0,
  "slot6_param15": 0.0,
  "id": "GC_0085",
  "context": "Psychedelic",
  "index": 84
}