{
  "creative_name": "Prismatic Glitch Matrix",
  "category": "Experimental",
  "description": "Micro-stutters with digital artifacts",
  "tags": [
    "experimental",
    "creative",
    "unconventional",
    "glitch",
    "idm",
    "experimental"
  ],
  "complexity": 0.8368626657231918,
  "brightness": 0.5167739875116473,
  "warmth": 0.2973793490908098,
  "slot1_engine": 55,
  "slot1_bypass": 0.0,
  "slot1_solo": 0.0,
  "slot1_param1": 0.2763082096993166,
  "slot1_param2": 1.0,
  "slot1_param3": 0.4336570183838051,
  "slot1_param4": 0.14785189829485001,
  "slot1_param5": 0.22874316359399122,
  "slot1_param6": 0.31761134404688685,
  "slot1_param7": 0.8663087216640137,
  "slot1_param8": 0.39090473871515596,
  "slot1_param9": 0.6528078303660019,
  "slot1_param10": 0.3597350234294593,
  "slot1_param11": 0.36253979969225403,
  "slot1_param12": 0.26068057888109525,
  "slot1_param13": 0.2784029718291945,
  "slot1_param14": 0.8165188266855326,
  "slot1_param15": 0.40053835195411264,
  "slot2_engine": 18,
  "slot2_bypass": 0.0,
  "slot2_solo": 0.0,
  "slot2_param1": 0.8546873779478079,
  "slot2_param2": 0.5295792019075463,
  "slot2_param3": 0.12842628057703737,
  "slot2_param4": 0.7357383023656181,
  "slot2_param5": 0.49621830860152555,
  "slot2_param6": 0.43558281069933835,
  "slot2_param7": 0.07735707156753688,
  "slot2_param8": 0.9817284754057889,
  "slot2_param9": 0.260007245539192,
  "slot2_param10": 0.3219783347999801,
  "slot2_param11": 0.20420056962850586,
  "slot2_param12": 0.5447825600276621,
  "slot2_param13": 0.20561501638535642,
  "slot2_param14": 0.47571970850761136,
  "slot2_param15": 0.767524047294408,
  "slot3_engine": 27,
  "slot3_bypass": 0.0,
  "slot3_solo": 0.0,
  "slot3_param1": 0.0,
  "slot3_param2": 0.9692160923517894,
  "slot3_param3": 0.6947171626535555,
  "slot3_param4": 0.10991258377208418,
  "slot3_param5": 0.5362086212094457,
  "slot3_param6": 0.35509122022462375,
  "slot3_param7": 0.7427705002950946,
  "slot3_param8": 0.27847825886358346,
  "slot3_param9": 0.6783314496260139,
  "slot3_param10": 0.44117738466995043,
  "slot3_param11": 0.8179376571900845,
  "slot3_param12": 0.6966087541699146,
  "slot3_param13": 0.3399134440799546,
  "slot3_param14": 0.9812118217302985,
  "slot3_param15": 0.4052818713379224,
  "slot4_engine": 53,
  "slot4_bypass": 0.0,
  "slot4_solo": 0.0,
  "slot4_param1": 0.9549918818671813,
  "slot4_param2": 0.6640354454720547,
  "slot4_param3": 1.0,
  "slot4_param4": 0.10406547837990704,
  "slot4_param5": 0.8216752429401816,
  "slot4_param6": 0.5790386367227855,
  "slot4_param7": 0.31870103263523025,
  "slot4_param8": 1.0,
  "slot4_param9": 0.49588682216841956,
  "slot4_param10": 0.5492319896101654,
  "slot4_param11": 0.7335737892529616,
  "slot4_param12": 0.24841569267100638,
  "slot4_param13": 0.8458253110042551,
  "slot4_param14": 0.30541834807771323,
  "slot4_param15": 0.772284677533184,
  "slot5_engine": 0,
  "slot5_bypass": 1.0,
  "slot5_solo": 0.0,
  "slot5_param1": 0.0,
  "slot5_param2": 0.0,
  "slot5_param3": 0.0,
  "slot5_param4": 0.0,
  "slot5_param5": 0.0,
  "slot5_param6": 0.0,
  "slot5_param7": 0.0,
  "slot5_param8": 0.0,
  "slot5_param9": 0.0,
  "slot5_param10": 0.0,
  "slot5_param11": 0.0,
  "slot5_param12": 0.0,
  "slot5_param13": 0.0,
  "slot5_param14": 0.0,
  "slot5_param15": 0.0,
  "slot6_engine": 0,
  "slot6_bypass": 1.0,
  "slot6_solo": 0.0,
  "slot6_param1": 0.0,
  "slot6_param2": 0.0,
  "slot6_param3": 0.0,
  "slot6_param4": 0.0,
  "slot6_param5": 0.0,
  "slot6_param6": 0.0,
  "slot6_param7": 0.0,
  "slot6_param8": 0.0,
  "slot6_param9": 0.0,
  "slot6_param10": 0.0,
  "slot6_param11": 0.0,
  "slot6_param12": 0.0,
  "slot6_param13": 0.0,
  "slot6_param14": 0.0,
  "slot6_param15": 0.0,
  "id": "GC_0087",
  "context": "Electronic",
  "index": 86
}