{
  "creative_name": "Engineering Test 1 Cascade",
  "category": "Experimental",
  "description": "Systematic exploration of SpectralFreeze",
  "tags": [
    "experimental",
    "creative",
    "unconventional",
    "systematic"
  ],
  "complexity": 0.6565730736944958,
  "brightness": 0.556604169849261,
  "warmth": 0.44045891308776386,
  "slot1_engine": 54,
  "slot1_bypass": 0.0,
  "slot1_solo": 0.0,
  "slot1_param1": 0.6662933333929038,
  "slot1_param2": 0.3650659343639864,
  "slot1_param3": 1.0,
  "slot1_param4": 0.47918513850182803,
  "slot1_param5": 0.6690567230229507,
  "slot1_param6": 0.34053994017646316,
  "slot1_param7": 0.0,
  "slot1_param8": 0.7786493906133973,
  "slot1_param9": 0.35107922250744167,
  "slot1_param10": 0.6565467790367837,
  "slot1_param11": 0.8916975718364856,
  "slot1_param12": 0.11530211718798122,
  "slot1_param13": 0.6192157976295711,
  "slot1_param14": 0.511826816713602,
  "slot1_param15": 0.8403088076618137,
  "slot2_engine": 55,
  "slot2_bypass": 0.0,
  "slot2_solo": 0.0,
  "slot2_param1": 0.6163030526797674,
  "slot2_param2": 0.26973692370572055,
  "slot2_param3": 0.7133247390005422,
  "slot2_param4": 0.1676259016342309,
  "slot2_param5": 0.9158307444145031,
  "slot2_param6": 0.3656360693817266,
  "slot2_param7": 0.0063793421605065626,
  "slot2_param8": 0.9127385535190564,
  "slot2_param9": 0.23848772893446318,
  "slot2_param10": 0.7539640081534699,
  "slot2_param11": 0.9281588790696296,
  "slot2_param12": 0.05086188860657742,
  "slot2_param13": 0.810784104323988,
  "slot2_param14": 0.5670825025048701,
  "slot2_param15": 0.4833429498928193,
  "slot3_engine": 42,
  "slot3_bypass": 0.0,
  "slot3_solo": 0.0,
  "slot3_param1": 0.39107964354316405,
  "slot3_param2": 0.6565181515873026,
  "slot3_param3": 0.6618477051775444,
  "slot3_param4": 0.09367417746792814,
  "slot3_param5": 0.31619571381282946,
  "slot3_param6": 0.6820986195160366,
  "slot3_param7": 0.6766210506107039,
  "slot3_param8": 0.41743459466481864,
  "slot3_param9": 1.0,
  "slot3_param10": 0.3300532040247778,
  "slot3_param11": 0.8660118290312393,
  "slot3_param12": 0.46338022028542336,
  "slot3_param13": 0.8034842836795181,
  "slot3_param14": 0.45048770413737593,
  "slot3_param15": 0.710561641990059,
  "slot4_engine": 51,
  "slot4_bypass": 0.0,
  "slot4_solo": 0.0,
  "slot4_param1": 0.0,
  "slot4_param2": 0.7485329910670161,
  "slot4_param3": 0.475228132319224,
  "slot4_param4": 0.41127367536172116,
  "slot4_param5": 0.579933331957057,
  "slot4_param6": 0.14190500839868658,
  "slot4_param7": 0.6151046917279608,
  "slot4_param8": 0.4301685606675525,
  "slot4_param9": 0.9897417753202705,
  "slot4_param10": 0.2858701244076489,
  "slot4_param11": 0.6764447600265217,
  "slot4_param12": 0.6473402698097703,
  "slot4_param13": 0.22007458936742974,
  "slot4_param14": 0.9225844882637293,
  "slot4_param15": 0.7147461039991536,
  "slot5_engine": 0,
  "slot5_bypass": 1.0,
  "slot5_solo": 0.0,
  "slot5_param1": 0.0,
  "slot5_param2": 0.0,
  "slot5_param3": 0.0,
  "slot5_param4": 0.0,
  "slot5_param5": 0.0,
  "slot5_param6": 0.0,
  "slot5_param7": 0.0,
  "slot5_param8": 0.0,
  "slot5_param9": 0.0,
  "slot5_param10": 0.0,
  "slot5_param11": 0.0,
  "slot5_param12": 0.0,
  "slot5_param13": 0.0,
  "slot5_param14": 0.0,
  "slot5_param15": 0.0,
  "slot6_engine": 0,
  "slot6_bypass": 1.0,
  "slot6_solo": 0.0,
  "slot6_param1": 0.0,
  "slot6_param2": 0.0,
  "slot6_param3": 0.0,
  "slot6_param4": 0.0,
  "slot6_param5": 0.0,
  "slot6_param6": 0.0,
  "slot6_param7": 0.0,
  "slot6_param8": 0.0,
  "slot6_param9": 0.0,
  "slot6_param10": 0.0,
  "slot6_param11": 0.0,
  "slot6_param12": 0.0,
  "slot6_param13": 0.0,
  "slot6_param14": 0.0,
  "slot6_param15": 0.0,
  "id": "GC_0051",
  "index": 50
}