{
  "creative_name": "Morphing Engineering Test 14",
  "category": "Experimental",
  "description": "Systematic exploration of DimensionExpander",
  "tags": [
    "experimental",
    "creative",
    "unconventional",
    "systematic"
  ],
  "complexity": 0.7686224896093481,
  "brightness": 0.4578258205018141,
  "warmth": 0.6119515961772295,
  "slot1_engine": 52,
  "slot1_bypass": 0.0,
  "slot1_solo": 0.0,
  "slot1_param1": 0.0,
  "slot1_param2": 1.0,
  "slot1_param3": 0.6847507911931081,
  "slot1_param4": 0.15832575749303557,
  "slot1_param5": 0.6610696584780367,
  "slot1_param6": 0.42232430688162215,
  "slot1_param7": 0.5603919240012672,
  "slot1_param8": 0.41217974227583654,
  "slot1_param9": 0.9991139395200649,
  "slot1_param10": 0.5934074931822388,
  "slot1_param11": 0.6003073894630333,
  "slot1_param12": 0.3575432972964651,
  "slot1_param13": 0.07328823343893148,
  "slot1_param14": 0.8351941260374647,
  "slot1_param15": 0.8064051505285699,
  "slot2_engine": 0,
  "slot2_bypass": 1.0,
  "slot2_solo": 0.0,
  "slot2_param1": 0.0,
  "slot2_param2": 0.0,
  "slot2_param3": 0.0,
  "slot2_param4": 0.0,
  "slot2_param5": 0.0,
  "slot2_param6": 0.0,
  "slot2_param7": 0.0,
  "slot2_param8": 0.0,
  "slot2_param9": 0.0,
  "slot2_param10": 0.0,
  "slot2_param11": 0.0,
  "slot2_param12": 0.0,
  "slot2_param13": 0.0,
  "slot2_param14": 0.0,
  "slot2_param15": 0.0,
  "slot3_engine": 45,
  "slot3_bypass": 0.0,
  "slot3_solo": 0.0,
  "slot3_param1": 1.0,
  "slot3_param2": 0.7431703727101764,
  "slot3_param3": 0.312545045408867,
  "slot3_param4": 0.9443729191043491,
  "slot3_param5": 0.4820988672742345,
  "slot3_param6": 0.6482834773940671,
  "slot3_param7": 0.45842445889651723,
  "slot3_param8": 1.0,
  "slot3_param9": 0.30730929237562654,
  "slot3_param10": 0.6855594581881498,
  "slot3_param11": 0.4759620610714826,
  "slot3_param12": 0.4584666077399427,
  "slot3_param13": 0.8212926176871314,
  "slot3_param14": 0.908459509243293,
  "slot3_param15": 0.7390138864102492,
  "slot4_engine": 47,
  "slot4_bypass": 0.0,
  "slot4_solo": 0.0,
  "slot4_param1": 0.16245602930729006,
  "slot4_param2": 0.8492834145098964,
  "slot4_param3": 0.5804067379928649,
  "slot4_param4": 0.22962228356161213,
  "slot4_param5": 0.7020792767426387,
  "slot4_param6": 0.3861458213632752,
  "slot4_param7": 0.8798775125647931,
  "slot4_param8": 0.2856914650006139,
  "slot4_param9": 0.6743299209167822,
  "slot4_param10": 0.16526189445046485,
  "slot4_param11": 0.3545247209494118,
  "slot4_param12": 0.63368226189355,
  "slot4_param13": 0.41762183523319807,
  "slot4_param14": 0.7209516448771492,
  "slot4_param15": 0.7327673109077715,
  "slot5_engine": 0,
  "slot5_bypass": 1.0,
  "slot5_solo": 0.0,
  "slot5_param1": 0.0,
  "slot5_param2": 0.0,
  "slot5_param3": 0.0,
  "slot5_param4": 0.0,
  "slot5_param5": 0.0,
  "slot5_param6": 0.0,
  "slot5_param7": 0.0,
  "slot5_param8": 0.0,
  "slot5_param9": 0.0,
  "slot5_param10": 0.0,
  "slot5_param11": 0.0,
  "slot5_param12": 0.0,
  "slot5_param13": 0.0,
  "slot5_param14": 0.0,
  "slot5_param15": 0.0,
  "slot6_engine": 0,
  "slot6_bypass": 1.0,
  "slot6_solo": 0.0,
  "slot6_param1": 0.0,
  "slot6_param2": 0.0,
  "slot6_param3": 0.0,
  "slot6_param4": 0.0,
  "slot6_param5": 0.0,
  "slot6_param6": 0.0,
  "slot6_param7": 0.0,
  "slot6_param8": 0.0,
  "slot6_param9": 0.0,
  "slot6_param10": 0.0,
  "slot6_param11": 0.0,
  "slot6_param12": 0.0,
  "slot6_param13": 0.0,
  "slot6_param14": 0.0,
  "slot6_param15": 0.0,
  "id": "GC_0064",
  "index": 63
}