{
  "creative_name": "Engineering Test 8 Storm",
  "category": "Experimental",
  "description": "Systematic exploration of ChaosGenerator",
  "tags": [
    "experimental",
    "creative",
    "unconventional",
    "systematic"
  ],
  "complexity": 0.8847498588199004,
  "brightness": 0.7391852579274556,
  "warmth": 0.45382735109390354,
  "slot1_engine": 56,
  "slot1_bypass": 0.0,
  "slot1_solo": 0.0,
  "slot1_param1": 0.14310194329359263,
  "slot1_param2": 0.6877062312077726,
  "slot1_param3": 0.6860896865279583,
  "slot1_param4": 0.4814309283299574,
  "slot1_param5": 0.40742884677206337,
  "slot1_param6": 0.07661176344788495,
  "slot1_param7": 0.739856402000437,
  "slot1_param8": 0.33816508700311665,
  "slot1_param9": 0.7072557307805956,
  "slot1_param10": 0.5675341196479063,
  "slot1_param11": 0.3914491600758041,
  "slot1_param12": 0.6486736461494718,
  "slot1_param13": 0.19390201496174148,
  "slot1_param14": 1.0,
  "slot1_param15": 0.8557834085839373,
  "slot2_engine": 27,
  "slot2_bypass": 0.0,
  "slot2_solo": 0.0,
  "slot2_param1": 0.24062757723594516,
  "slot2_param2": 0.6031863475560861,
  "slot2_param3": 0.7675913067949018,
  "slot2_param4": 0.6482944113085837,
  "slot2_param5": 0.302108290270463,
  "slot2_param6": 0.1442939153741989,
  "slot2_param7": 0.7563580609318157,
  "slot2_param8": 0.11137919387130807,
  "slot2_param9": 1.0,
  "slot2_param10": 0.16507867395461379,
  "slot2_param11": 0.5553927705049919,
  "slot2_param12": 0.50980080711087,
  "slot2_param13": 0.05173830136701485,
  "slot2_param14": 0.6204356143455085,
  "slot2_param15": 0.8566463801839819,
  "slot3_engine": 46,
  "slot3_bypass": 0.0,
  "slot3_solo": 0.0,
  "slot3_param1": 1.0,
  "slot3_param2": 1.0,
  "slot3_param3": 0.08337019091274217,
  "slot3_param4": 0.6422027999815144,
  "slot3_param5": 0.6774319585189528,
  "slot3_param6": 0.735852703768306,
  "slot3_param7": 0.2615750177653652,
  "slot3_param8": 0.6817527945170374,
  "slot3_param9": 0.21747808766957277,
  "slot3_param10": 0.6481709070680448,
  "slot3_param11": 0.6441892014444703,
  "slot3_param12": 0.8668323689596437,
  "slot3_param13": 0.44184211061424095,
  "slot3_param14": 0.7707057124938885,
  "slot3_param15": 0.47584340241600653,
  "slot4_engine": 52,
  "slot4_bypass": 0.0,
  "slot4_solo": 0.0,
  "slot4_param1": 0.211902845271742,
  "slot4_param2": 0.7534296705224791,
  "slot4_param3": 0.7254604437519849,
  "slot4_param4": 0.2870569501399719,
  "slot4_param5": 0.7198409444089455,
  "slot4_param6": 0.2561253174390655,
  "slot4_param7": 0.7503320783514581,
  "slot4_param8": 0.4020976536019656,
  "slot4_param9": 0.9737658539655233,
  "slot4_param10": 0.2718143631714982,
  "slot4_param11": 0.6680951016587742,
  "slot4_param12": 0.3478896967945314,
  "slot4_param13": 0.4552452550606639,
  "slot4_param14": 0.9265753537991501,
  "slot4_param15": 0.5920329336030248,
  "slot5_engine": 0,
  "slot5_bypass": 1.0,
  "slot5_solo": 0.0,
  "slot5_param1": 0.0,
  "slot5_param2": 0.0,
  "slot5_param3": 0.0,
  "slot5_param4": 0.0,
  "slot5_param5": 0.0,
  "slot5_param6": 0.0,
  "slot5_param7": 0.0,
  "slot5_param8": 0.0,
  "slot5_param9": 0.0,
  "slot5_param10": 0.0,
  "slot5_param11": 0.0,
  "slot5_param12": 0.0,
  "slot5_param13": 0.0,
  "slot5_param14": 0.0,
  "slot5_param15": 0.0,
  "slot6_engine": 0,
  "slot6_bypass": 1.0,
  "slot6_solo": 0.0,
  "slot6_param1": 0.0,
  "slot6_param2": 0.0,
  "slot6_param3": 0.0,
  "slot6_param4": 0.0,
  "slot6_param5": 0.0,
  "slot6_param6": 0.0,
  "slot6_param7": 0.0,
  "slot6_param8": 0.0,
  "slot6_param9": 0.0,
  "slot6_param10": 0.0,
  "slot6_param11": 0.0,
  "slot6_param12": 0.0,
  "slot6_param13": 0.0,
  "slot6_param14": 0.0,
  "slot6_param15": 0.0,
  "id": "GC_0058",
  "index": 57
}