{
  "creative_name": "Glitch Matrix + Formant Web Storm",
  "category": "Experimental",
  "description": "Hybrid: Micro-stutters with digital artifacts meets Formant-shaped feedback network",
  "tags": [
    "experimental",
    "creative",
    "unconventional",
    "hybrid"
  ],
  "complexity": 0.709646154806723,
  "brightness": 0.6222919619502232,
  "warmth": 0.3265015399490787,
  "slot1_engine": 55,
  "slot1_bypass": 0.0,
  "slot1_solo": 0.0,
  "slot1_param1": 0.4312603353234866,
  "slot1_param2": 0.6542508032095652,
  "slot1_param3": 0.5931629134457996,
  "slot1_param4": 0.333948626687453,
  "slot1_param5": 0.2909954220134087,
  "slot1_param6": 0.31847090476312045,
  "slot1_param7": 0.6369647399530629,
  "slot1_param8": 0.46332267947140554,
  "slot1_param9": 0.9281850940856525,
  "slot1_param10": 0.415958108750092,
  "slot1_param11": 0.33465022216004364,
  "slot1_param12": 0.45400116125647716,
  "slot1_param13": 0.16338595986241763,
  "slot1_param14": 1.0,
  "slot1_param15": 0.8892839016770335,
  "slot2_engine": 32,
  "slot2_bypass": 0.0,
  "slot2_solo": 0.0,
  "slot2_param1": 0.06300616096453501,
  "slot2_param2": 0.8145049869227281,
  "slot2_param3": 0.4733649264246576,
  "slot2_param4": 0.5963332198026094,
  "slot2_param5": 0.48209569958687337,
  "slot2_param6": 0.0765582056681533,
  "slot2_param7": 0.5774702684025863,
  "slot2_param8": 0.30475101261946386,
  "slot2_param9": 0.48900047700040095,
  "slot2_param10": 0.5540846311439793,
  "slot2_param11": 1.0,
  "slot2_param12": 0.6121108908378425,
  "slot2_param13": 0.8693221463751817,
  "slot2_param14": 0.4868855731299521,
  "slot2_param15": 0.542755709906546,
  "slot3_engine": 18,
  "slot3_bypass": 0.0,
  "slot3_solo": 0.0,
  "slot3_param1": 1.0,
  "slot3_param2": 0.13634092449270926,
  "slot3_param3": 1.0,
  "slot3_param4": 0.0,
  "slot3_param5": 1.0,
  "slot3_param6": 0.20262911509394585,
  "slot3_param7": 0.9777893397589662,
  "slot3_param8": 0.0,
  "slot3_param9": 0.5934411437910825,
  "slot3_param10": 0.44063423804748314,
  "slot3_param11": 1.0,
  "slot3_param12": 0.5109498282289733,
  "slot3_param13": 1.0,
  "slot3_param14": 0.5781501848592775,
  "slot3_param15": 0.4500329651455825,
  "slot4_engine": 45,
  "slot4_bypass": 0.0,
  "slot4_solo": 0.0,
  "slot4_param1": 0.7490800761808588,
  "slot4_param2": 0.8224502206360381,
  "slot4_param3": 0.8316046705413447,
  "slot4_param4": 0.37211913492204707,
  "slot4_param5": 0.3450529810641428,
  "slot4_param6": 0.6035082964411216,
  "slot4_param7": 0.8889083370172927,
  "slot4_param8": 0.16874297666674104,
  "slot4_param9": 0.8612250613820334,
  "slot4_param10": 0.3197003407868612,
  "slot4_param11": 0.610269912161487,
  "slot4_param12": 0.6343670890710646,
  "slot4_param13": 1.0,
  "slot4_param14": 0.20737289281342947,
  "slot4_param15": 0.609825303883418,
  "slot5_engine": 51,
  "slot5_bypass": 0.0,
  "slot5_solo": 0.0,
  "slot5_param1": 0.0,
  "slot5_param2": 0.711012404067776,
  "slot5_param3": 0.3673022950138761,
  "slot5_param4": 0.5543832791279498,
  "slot5_param5": 0.4671919948734,
  "slot5_param6": 0.0,
  "slot5_param7": 0.45212313484269023,
  "slot5_param8": 0.1637441496345567,
  "slot5_param9": 0.6593510270718854,
  "slot5_param10": 0.5898027392045919,
  "slot5_param11": 0.2595665108772291,
  "slot5_param12": 0.7356975296441918,
  "slot5_param13": 0.0,
  "slot5_param14": 1.0,
  "slot5_param15": 0.5944738067795394,
  "slot6_engine": 0,
  "slot6_bypass": 1.0,
  "slot6_solo": 0.0,
  "slot6_param1": 0.0,
  "slot6_param2": 0.0,
  "slot6_param3": 0.0,
  "slot6_param4": 0.0,
  "slot6_param5": 0.0,
  "slot6_param6": 0.0,
  "slot6_param7": 0.0,
  "slot6_param8": 0.0,
  "slot6_param9": 0.0,
  "slot6_param10": 0.0,
  "slot6_param11": 0.0,
  "slot6_param12": 0.0,
  "slot6_param13": 0.0,
  "slot6_param14": 0.0,
  "slot6_param15": 0.0,
  "id": "GC_0122",
  "index": 121
}