{
  "creative_name": "Pitch Spiral Flux",
  "category": "Harmonic",
  "description": "Ascending pitch spirals with granular texture",
  "tags": [
    "experimental",
    "creative",
    "unconventional",
    "trippy",
    "morphing",
    "colorful"
  ],
  "complexity": 0.6348385796859983,
  "brightness": 0.5261414464498383,
  "warmth": 0.24298593502075028,
  "slot1_engine": 34,
  "slot1_bypass": 0.0,
  "slot1_solo": 0.0,
  "slot1_param1": 0.4143651641708154,
  "slot1_param2": 0.5110197368614373,
  "slot1_param3": 0.3566074697458555,
  "slot1_param4": 0.7065067058853474,
  "slot1_param5": 0.7683159541077109,
  "slot1_param6": 0.35620766552631095,
  "slot1_param7": 0.8056043031195983,
  "slot1_param8": 0.2688387086765258,
  "slot1_param9": 0.6747065497603335,
  "slot1_param10": 0.9229076184623752,
  "slot1_param11": 0.5671583908701505,
  "slot1_param12": 0.3540968292749731,
  "slot1_param13": 1.0,
  "slot1_param14": 0.6692550401893291,
  "slot1_param15": 0.8646642233674136,
  "slot2_engine": 55,
  "slot2_bypass": 0.0,
  "slot2_solo": 0.0,
  "slot2_param1": 0.2585442507468163,
  "slot2_param2": 0.6677569870296172,
  "slot2_param3": 0.6020493620946934,
  "slot2_param4": 0.12424888885897589,
  "slot2_param5": 0.5583475534638616,
  "slot2_param6": 0.12433459985015533,
  "slot2_param7": 0.6184363548386159,
  "slot2_param8": 0.3863318502208247,
  "slot2_param9": 0.6225056738691291,
  "slot2_param10": 0.6187294247321007,
  "slot2_param11": 0.31187723132048034,
  "slot2_param12": 0.6780656514025432,
  "slot2_param13": 0.02451317116862134,
  "slot2_param14": 0.8073411508999766,
  "slot2_param15": 0.5213213401433834,
  "slot3_engine": 53,
  "slot3_bypass": 0.0,
  "slot3_solo": 0.0,
  "slot3_param1": 0.2088489815428994,
  "slot3_param2": 0.9626066456071098,
  "slot3_param3": 0.5325423816750683,
  "slot3_param4": 0.6653572118198303,
  "slot3_param5": 0.6264893473735391,
  "slot3_param6": 0.5565150310303938,
  "slot3_param7": 0.8382201287523123,
  "slot3_param8": 0.1069096894223143,
  "slot3_param9": 0.6587110504273318,
  "slot3_param10": 0.3565048075977988,
  "slot3_param11": 0.7838466050391493,
  "slot3_param12": 0.31841409555736605,
  "slot3_param13": 0.4208912519461017,
  "slot3_param14": 0.9278072129516544,
  "slot3_param15": 0.728269295211468,
  "slot4_engine": 19,
  "slot4_bypass": 0.0,
  "slot4_solo": 0.0,
  "slot4_param1": 0.8033826323127624,
  "slot4_param2": 0.48953120230572167,
  "slot4_param3": 0.9394556049299867,
  "slot4_param4": 0.3299379842885829,
  "slot4_param5": 0.7469433065592859,
  "slot4_param6": 0.4301023684926837,
  "slot4_param7": 0.9853761013071791,
  "slot4_param8": 0.304413231324809,
  "slot4_param9": 0.8880859816497622,
  "slot4_param10": 0.17379876880072312,
  "slot4_param11": 0.5765096102335423,
  "slot4_param12": 0.3457836863878107,
  "slot4_param13": 0.8601054690645002,
  "slot4_param14": 0.3034533303514476,
  "slot4_param15": 0.8488993772839426,
  "slot5_engine": 0,
  "slot5_bypass": 1.0,
  "slot5_solo": 0.0,
  "slot5_param1": 0.0,
  "slot5_param2": 0.0,
  "slot5_param3": 0.0,
  "slot5_param4": 0.0,
  "slot5_param5": 0.0,
  "slot5_param6": 0.0,
  "slot5_param7": 0.0,
  "slot5_param8": 0.0,
  "slot5_param9": 0.0,
  "slot5_param10": 0.0,
  "slot5_param11": 0.0,
  "slot5_param12": 0.0,
  "slot5_param13": 0.0,
  "slot5_param14": 0.0,
  "slot5_param15": 0.0,
  "slot6_engine": 0,
  "slot6_bypass": 1.0,
  "slot6_solo": 0.0,
  "slot6_param1": 0.0,
  "slot6_param2": 0.0,
  "slot6_param3": 0.0,
  "slot6_param4": 0.0,
  "slot6_param5": 0.0,
  "slot6_param6": 0.0,
  "slot6_param7": 0.0,
  "slot6_param8": 0.0,
  "slot6_param9": 0.0,
  "slot6_param10": 0.0,
  "slot6_param11": 0.0,
  "slot6_param12": 0.0,
  "slot6_param13": 0.0,
  "slot6_param14": 0.0,
  "slot6_param15": 0.0,
  "id": "GC_0105",
  "context": "Psychedelic",
  "index": 104
}