{
  "creative_name": "Spectral Freeze Stutter Horizon",
  "category": "Harmonic",
  "description": "Frozen spectral content with chaotic amplitude",
  "tags": [
    "experimental",
    "creative",
    "unconventional"
  ],
  "complexity": 0.9488424782836035,
  "brightness": 0.5781919993113122,
  "warmth": 0.5697889459300063,
  "slot1_engine": 54,
  "slot1_bypass": 0.0,
  "slot1_solo": 0.0,
  "slot1_param1": 0.874584249924581,
  "slot1_param2": 0.3244792994776717,
  "slot1_param3": 0.9075227102916055,
  "slot1_param4": 0.21497388403628426,
  "slot1_param5": 0.8976151935354455,
  "slot1_param6": 0.33164143216874153,
  "slot1_param7": 0.10296983449250163,
  "slot1_param8": 0.8307166875288541,
  "slot1_param9": 0.6363521591757403,
  "slot1_param10": 0.7066304424251364,
  "slot1_param11": 0.7783283865889721,
  "slot1_param12": 0.33126250612362296,
  "slot1_param13": 0.846003659214957,
  "slot1_param14": 0.36868225533865007,
  "slot1_param15": 0.6329610494034068,
  "slot2_engine": 56,
  "slot2_bypass": 0.0,
  "slot2_solo": 0.0,
  "slot2_param1": 0.13561446619784187,
  "slot2_param2": 0.7124669518278914,
  "slot2_param3": 0.7246647743703398,
  "slot2_param4": 0.5111450549504997,
  "slot2_param5": 0.30341269023119655,
  "slot2_param6": 0.1864841153282863,
  "slot2_param7": 0.5072679532630877,
  "slot2_param8": 0.0,
  "slot2_param9": 0.6521292543903467,
  "slot2_param10": 0.6129471316831763,
  "slot2_param11": 0.6123540993970155,
  "slot2_param12": 0.4348225312697044,
  "slot2_param13": 0.4792434035004451,
  "slot2_param14": 0.8063739808954205,
  "slot2_param15": 0.4562671191067307,
  "slot3_engine": 52,
  "slot3_bypass": 0.0,
  "slot3_solo": 0.0,
  "slot3_param1": 0.3662510756562122,
  "slot3_param2": 0.9079813610842977,
  "slot3_param3": 0.7184255118197265,
  "slot3_param4": 0.4653534092922425,
  "slot3_param5": 0.5856213987776042,
  "slot3_param6": 0.3693453845867916,
  "slot3_param7": 0.7155678081471211,
  "slot3_param8": 0.25809578088742796,
  "slot3_param9": 1.0,
  "slot3_param10": 0.3642140314160573,
  "slot3_param11": 0.3799916971027921,
  "slot3_param12": 0.5722480171077582,
  "slot3_param13": 0.07393306608483377,
  "slot3_param14": 0.5967696657470871,
  "slot3_param15": 0.576771003889553,
  "slot4_engine": 0,
  "slot4_bypass": 1.0,
  "slot4_solo": 0.0,
  "slot4_param1": 0.0,
  "slot4_param2": 0.0,
  "slot4_param3": 0.0,
  "slot4_param4": 0.0,
  "slot4_param5": 0.0,
  "slot4_param6": 0.0,
  "slot4_param7": 0.0,
  "slot4_param8": 0.0,
  "slot4_param9": 0.0,
  "slot4_param10": 0.0,
  "slot4_param11": 0.0,
  "slot4_param12": 0.0,
  "slot4_param13": 0.0,
  "slot4_param14": 0.0,
  "slot4_param15": 0.0,
  "slot5_engine": 0,
  "slot5_bypass": 1.0,
  "slot5_solo": 0.0,
  "slot5_param1": 0.0,
  "slot5_param2": 0.0,
  "slot5_param3": 0.0,
  "slot5_param4": 0.0,
  "slot5_param5": 0.0,
  "slot5_param6": 0.0,
  "slot5_param7": 0.0,
  "slot5_param8": 0.0,
  "slot5_param9": 0.0,
  "slot5_param10": 0.0,
  "slot5_param11": 0.0,
  "slot5_param12": 0.0,
  "slot5_param13": 0.0,
  "slot5_param14": 0.0,
  "slot5_param15": 0.0,
  "slot6_engine": 0,
  "slot6_bypass": 1.0,
  "slot6_solo": 0.0,
  "slot6_param1": 0.0,
  "slot6_param2": 0.0,
  "slot6_param3": 0.0,
  "slot6_param4": 0.0,
  "slot6_param5": 0.0,
  "slot6_param6": 0.0,
  "slot6_param7": 0.0,
  "slot6_param8": 0.0,
  "slot6_param9": 0.0,
  "slot6_param10": 0.0,
  "slot6_param11": 0.0,
  "slot6_param12": 0.0,
  "slot6_param13": 0.0,
  "slot6_param14": 0.0,
  "slot6_param15": 0.0,
  "id": "GC_0007",
  "index": 6
}