{
  "creative_name": "Engineering Test 19 Flux",
  "category": "Textural",
  "description": "Systematic exploration of DimensionExpander",
  "tags": [
    "experimental",
    "creative",
    "unconventional",
    "systematic"
  ],
  "complexity": 0.9763092504475439,
  "brightness": 0.3044375355971662,
  "warmth": 0.26409867255429215,
  "slot1_engine": 52,
  "slot1_bypass": 0.0,
  "slot1_solo": 0.0,
  "slot1_param1": 0.16219401068999625,
  "slot1_param2": 0.6570421070929584,
  "slot1_param3": 0.8378106374306222,
  "slot1_param4": 0.20753321433737776,
  "slot1_param5": 0.3496898237708576,
  "slot1_param6": 0.32552394104173543,
  "slot1_param7": 0.7426531464136916,
  "slot1_param8": 0.04577389934531756,
  "slot1_param9": 0.9325059743028381,
  "slot1_param10": 0.48415202010934183,
  "slot1_param11": 0.6085875853790997,
  "slot1_param12": 0.5647267090484194,
  "slot1_param13": 0.10856030265765071,
  "slot1_param14": 0.7520888409688994,
  "slot1_param15": 0.6962578074691079,
  "slot2_engine": 0,
  "slot2_bypass": 1.0,
  "slot2_solo": 0.0,
  "slot2_param1": 0.0,
  "slot2_param2": 0.0,
  "slot2_param3": 0.0,
  "slot2_param4": 0.0,
  "slot2_param5": 0.0,
  "slot2_param6": 0.0,
  "slot2_param7": 0.0,
  "slot2_param8": 0.0,
  "slot2_param9": 0.0,
  "slot2_param10": 0.0,
  "slot2_param11": 0.0,
  "slot2_param12": 0.0,
  "slot2_param13": 0.0,
  "slot2_param14": 0.0,
  "slot2_param15": 0.0,
  "slot3_engine": 45,
  "slot3_bypass": 0.0,
  "slot3_solo": 0.0,
  "slot3_param1": 0.436597434339775,
  "slot3_param2": 0.6086284773764665,
  "slot3_param3": 0.912231222505486,
  "slot3_param4": 0.0,
  "slot3_param5": 0.4796649807796415,
  "slot3_param6": 0.6930991508310947,
  "slot3_param7": 0.6493970573430505,
  "slot3_param8": 0.2607848246844577,
  "slot3_param9": 0.7687903779802779,
  "slot3_param10": 0.34142146047756594,
  "slot3_param11": 0.5651004333255705,
  "slot3_param12": 0.4751557919871043,
  "slot3_param13": 0.7698630723291167,
  "slot3_param14": 0.4162020750438289,
  "slot3_param15": 0.4910316195627011,
  "slot4_engine": 47,
  "slot4_bypass": 0.0,
  "slot4_solo": 0.0,
  "slot4_param1": 0.14002179991587269,
  "slot4_param2": 1.0,
  "slot4_param3": 0.7049940779908024,
  "slot4_param4": 0.4337252897840573,
  "slot4_param5": 0.37465219446511905,
  "slot4_param6": 0.05527691321084521,
  "slot4_param7": 0.542704923787219,
  "slot4_param8": 0.35909089758592116,
  "slot4_param9": 0.9633258243419245,
  "slot4_param10": 0.49769455419201425,
  "slot4_param11": 0.38917077266264444,
  "slot4_param12": 0.3605094222360009,
  "slot4_param13": 0.18978112560382937,
  "slot4_param14": 0.809842961626453,
  "slot4_param15": 0.7252561859477955,
  "slot5_engine": 0,
  "slot5_bypass": 1.0,
  "slot5_solo": 0.0,
  "slot5_param1": 0.0,
  "slot5_param2": 0.0,
  "slot5_param3": 0.0,
  "slot5_param4": 0.0,
  "slot5_param5": 0.0,
  "slot5_param6": 0.0,
  "slot5_param7": 0.0,
  "slot5_param8": 0.0,
  "slot5_param9": 0.0,
  "slot5_param10": 0.0,
  "slot5_param11": 0.0,
  "slot5_param12": 0.0,
  "slot5_param13": 0.0,
  "slot5_param14": 0.0,
  "slot5_param15": 0.0,
  "slot6_engine": 0,
  "slot6_bypass": 1.0,
  "slot6_solo": 0.0,
  "slot6_param1": 0.0,
  "slot6_param2": 0.0,
  "slot6_param3": 0.0,
  "slot6_param4": 0.0,
  "slot6_param5": 0.0,
  "slot6_param6": 0.0,
  "slot6_param7": 0.0,
  "slot6_param8": 0.0,
  "slot6_param9": 0.0,
  "slot6_param10": 0.0,
  "slot6_param11": 0.0,
  "slot6_param12": 0.0,
  "slot6_param13": 0.0,
  "slot6_param14": 0.0,
  "slot6_param15": 0.0,
  "id": "GC_0069",
  "index": 68
}