{
  "creative_name": "Quantum Formant Web",
  "category": "Glitch",
  "description": "Formant-shaped feedback network",
  "tags": [
    "experimental",
    "creative",
    "unconventional"
  ],
  "complexity": 0.7103091418755727,
  "brightness": 0.46552909949041194,
  "warmth": 0.6127606271815489,
  "slot1_engine": 32,
  "slot1_bypass": 0.0,
  "slot1_solo": 0.0,
  "slot1_param1": 0.0,
  "slot1_param2": 0.9354539858776376,
  "slot1_param3": 1.0,
  "slot1_param4": 0.6307523914178628,
  "slot1_param5": 0.9377446738309081,
  "slot1_param6": 0.3540896305641687,
  "slot1_param7": 0.8530551442371777,
  "slot1_param8": 0.13436227095474212,
  "slot1_param9": 0.9706055597959957,
  "slot1_param10": 0.2146832465975138,
  "slot1_param11": 1.0,
  "slot1_param12": 0.39887428162748845,
  "slot1_param13": 0.5354056840269633,
  "slot1_param14": 0.22177640031878776,
  "slot1_param15": 0.5830756698741134,
  "slot2_engine": 39,
  "slot2_bypass": 0.0,
  "slot2_solo": 0.0,
  "slot2_param1": 1.0,
  "slot2_param2": 0.575617932656572,
  "slot2_param3": 0.4165059035445782,
  "slot2_param4": 0.6343842962544376,
  "slot2_param5": 0.5680629132246912,
  "slot2_param6": 0.3645407566836454,
  "slot2_param7": 0.31172450859723944,
  "slot2_param8": 0.3437955238776357,
  "slot2_param9": 0.849354649897472,
  "slot2_param10": 0.27725497026602053,
  "slot2_param11": 0.1839136714773585,
  "slot2_param12": 0.8685105983410055,
  "slot2_param13": 0.2018038474436754,
  "slot2_param14": 0.7753842775897024,
  "slot2_param15": 0.4962168486740287,
  "slot3_engine": 45,
  "slot3_bypass": 0.0,
  "slot3_solo": 0.0,
  "slot3_param1": 0.4333258843279235,
  "slot3_param2": 0.6851129842166569,
  "slot3_param3": 1.0,
  "slot3_param4": 0.27419699761723826,
  "slot3_param5": 0.4913229825998522,
  "slot3_param6": 1.0,
  "slot3_param7": 0.8617038063292171,
  "slot3_param8": 0.3552852877457854,
  "slot3_param9": 0.7745418587255872,
  "slot3_param10": 0.35539061387536547,
  "slot3_param11": 1.0,
  "slot3_param12": 0.056987138461503856,
  "slot3_param13": 0.7862847161982068,
  "slot3_param14": 0.6555357335011001,
  "slot3_param15": 0.7244281525669536,
  "slot4_engine": 0,
  "slot4_bypass": 1.0,
  "slot4_solo": 0.0,
  "slot4_param1": 0.0,
  "slot4_param2": 0.0,
  "slot4_param3": 0.0,
  "slot4_param4": 0.0,
  "slot4_param5": 0.0,
  "slot4_param6": 0.0,
  "slot4_param7": 0.0,
  "slot4_param8": 0.0,
  "slot4_param9": 0.0,
  "slot4_param10": 0.0,
  "slot4_param11": 0.0,
  "slot4_param12": 0.0,
  "slot4_param13": 0.0,
  "slot4_param14": 0.0,
  "slot4_param15": 0.0,
  "slot5_engine": 0,
  "slot5_bypass": 1.0,
  "slot5_solo": 0.0,
  "slot5_param1": 0.0,
  "slot5_param2": 0.0,
  "slot5_param3": 0.0,
  "slot5_param4": 0.0,
  "slot5_param5": 0.0,
  "slot5_param6": 0.0,
  "slot5_param7": 0.0,
  "slot5_param8": 0.0,
  "slot5_param9": 0.0,
  "slot5_param10": 0.0,
  "slot5_param11": 0.0,
  "slot5_param12": 0.0,
  "slot5_param13": 0.0,
  "slot5_param14": 0.0,
  "slot5_param15": 0.0,
  "slot6_engine": 0,
  "slot6_bypass": 1.0,
  "slot6_solo": 0.0,
  "slot6_param1": 0.0,
  "slot6_param2": 0.0,
  "slot6_param3": 0.0,
  "slot6_param4": 0.0,
  "slot6_param5": 0.0,
  "slot6_param6": 0.0,
  "slot6_param7": 0.0,
  "slot6_param8": 0.0,
  "slot6_param9": 0.0,
  "slot6_param10": 0.0,
  "slot6_param11": 0.0,
  "slot6_param12": 0.0,
  "slot6_param13": 0.0,
  "slot6_param14": 0.0,
  "slot6_param15": 0.0,
  "id": "GC_0047",
  "index": 46
}