{
  "creative_name": "Kaleidoscope Engineering Test 9",
  "category": "Ambient",
  "description": "Systematic exploration of DimensionExpander",
  "tags": [
    "experimental",
    "creative",
    "unconventional",
    "systematic"
  ],
  "complexity": 0.713844743698657,
  "brightness": 0.5456884141521842,
  "warmth": 0.38359856723513563,
  "slot1_engine": 52,
  "slot1_bypass": 0.0,
  "slot1_solo": 0.0,
  "slot1_param1": 0.10229962392453554,
  "slot1_param2": 0.9009032026529671,
  "slot1_param3": 0.35057258646139333,
  "slot1_param4": 0.39732724643475725,
  "slot1_param5": 0.5065206354996602,
  "slot1_param6": 0.34075145698907466,
  "slot1_param7": 0.8280953387569393,
  "slot1_param8": 0.30476402108422324,
  "slot1_param9": 0.9324301325556255,
  "slot1_param10": 0.4259043565223678,
  "slot1_param11": 0.37279043237389264,
  "slot1_param12": 0.6516414096973722,
  "slot1_param13": 0.3709966410401691,
  "slot1_param14": 0.8528568006495217,
  "slot1_param15": 0.44299472246796856,
  "slot2_engine": 0,
  "slot2_bypass": 1.0,
  "slot2_solo": 0.0,
  "slot2_param1": 0.0,
  "slot2_param2": 0.0,
  "slot2_param3": 0.0,
  "slot2_param4": 0.0,
  "slot2_param5": 0.0,
  "slot2_param6": 0.0,
  "slot2_param7": 0.0,
  "slot2_param8": 0.0,
  "slot2_param9": 0.0,
  "slot2_param10": 0.0,
  "slot2_param11": 0.0,
  "slot2_param12": 0.0,
  "slot2_param13": 0.0,
  "slot2_param14": 0.0,
  "slot2_param15": 0.0,
  "slot3_engine": 43,
  "slot3_bypass": 0.0,
  "slot3_solo": 0.0,
  "slot3_param1": 0.2692560856539219,
  "slot3_param2": 0.7536027923100419,
  "slot3_param3": 0.673448002048763,
  "slot3_param4": 0.0,
  "slot3_param5": 0.547416716926767,
  "slot3_param6": 0.9476012125060355,
  "slot3_param7": 0.7237827628698956,
  "slot3_param8": 0.26955233745177765,
  "slot3_param9": 1.0,
  "slot3_param10": 0.32700766065513864,
  "slot3_param11": 0.5128764058074947,
  "slot3_param12": 0.3031467872684889,
  "slot3_param13": 0.7163015733126972,
  "slot3_param14": 0.3376363545077171,
  "slot3_param15": 0.722619458067961,
  "slot4_engine": 51,
  "slot4_bypass": 0.0,
  "slot4_solo": 0.0,
  "slot4_param1": 0.1386053241212473,
  "slot4_param2": 0.7503089478012956,
  "slot4_param3": 0.4241025910245554,
  "slot4_param4": 0.30414101950558486,
  "slot4_param5": 0.6674997417473079,
  "slot4_param6": 0.1465450302883874,
  "slot4_param7": 0.49601210406779517,
  "slot4_param8": 0.09947022913041215,
  "slot4_param9": 0.9254042721084497,
  "slot4_param10": 0.6360101981004062,
  "slot4_param11": 0.4205187180804239,
  "slot4_param12": 0.38479886299936056,
  "slot4_param13": 0.09009251390097678,
  "slot4_param14": 0.6648640869958524,
  "slot4_param15": 0.70582385056426,
  "slot5_engine": 0,
  "slot5_bypass": 1.0,
  "slot5_solo": 0.0,
  "slot5_param1": 0.0,
  "slot5_param2": 0.0,
  "slot5_param3": 0.0,
  "slot5_param4": 0.0,
  "slot5_param5": 0.0,
  "slot5_param6": 0.0,
  "slot5_param7": 0.0,
  "slot5_param8": 0.0,
  "slot5_param9": 0.0,
  "slot5_param10": 0.0,
  "slot5_param11": 0.0,
  "slot5_param12": 0.0,
  "slot5_param13": 0.0,
  "slot5_param14": 0.0,
  "slot5_param15": 0.0,
  "slot6_engine": 0,
  "slot6_bypass": 1.0,
  "slot6_solo": 0.0,
  "slot6_param1": 0.0,
  "slot6_param2": 0.0,
  "slot6_param3": 0.0,
  "slot6_param4": 0.0,
  "slot6_param5": 0.0,
  "slot6_param6": 0.0,
  "slot6_param7": 0.0,
  "slot6_param8": 0.0,
  "slot6_param9": 0.0,
  "slot6_param10": 0.0,
  "slot6_param11": 0.0,
  "slot6_param12": 0.0,
  "slot6_param13": 0.0,
  "slot6_param14": 0.0,
  "slot6_param15": 0.0,
  "id": "GC_0059",
  "index": 58
}