{
  "creative_name": "Prismatic Engineering Test 12",
  "category": "Glitch",
  "description": "Systematic exploration of GranularCloud",
  "tags": [
    "experimental",
    "creative",
    "unconventional",
    "systematic"
  ],
  "complexity": 0.7899649653292989,
  "brightness": 0.5015648474143046,
  "warmth": 0.4448160971597631,
  "slot1_engine": 55,
  "slot1_bypass": 0.0,
  "slot1_solo": 0.0,
  "slot1_param1": 0.6967079385362087,
  "slot1_param2": 0.26880292955929036,
  "slot1_param3": 0.6504841407069939,
  "slot1_param4": 0.16208875971906717,
  "slot1_param5": 0.6189235174337224,
  "slot1_param6": 0.31904202511896873,
  "slot1_param7": 0.06245035464737447,
  "slot1_param8": 0.9134935699610633,
  "slot1_param9": 0.5534421290132796,
  "slot1_param10": 0.5047375533219859,
  "slot1_param11": 1.0,
  "slot1_param12": 0.3984383440690539,
  "slot1_param13": 0.554416708780077,
  "slot1_param14": 0.288266502172728,
  "slot1_param15": 0.6210885681985456,
  "slot2_engine": 53,
  "slot2_bypass": 0.0,
  "slot2_solo": 0.0,
  "slot2_param1": 0.9988354230441862,
  "slot2_param2": 0.6488527308328964,
  "slot2_param3": 0.7154723633227134,
  "slot2_param4": 0.41072813597817914,
  "slot2_param5": 0.8372511341601754,
  "slot2_param6": 0.635184688292596,
  "slot2_param7": 0.07074219296748907,
  "slot2_param8": 0.9738642625645113,
  "slot2_param9": 0.42844705256980875,
  "slot2_param10": 0.6697536672176339,
  "slot2_param11": 0.7400044431259472,
  "slot2_param12": 0.2264598525882826,
  "slot2_param13": 0.6835807046570618,
  "slot2_param14": 0.5668582420639265,
  "slot2_param15": 0.8881567151027495,
  "slot3_engine": 44,
  "slot3_bypass": 0.0,
  "slot3_solo": 0.0,
  "slot3_param1": 0.19007553759909956,
  "slot3_param2": 0.9604351196649981,
  "slot3_param3": 0.9966321981338093,
  "slot3_param4": 0.26674274058866354,
  "slot3_param5": 0.1389927054998083,
  "slot3_param6": 0.6071861208865226,
  "slot3_param7": 0.4800062340721497,
  "slot3_param8": 0.0,
  "slot3_param9": 0.816241249754371,
  "slot3_param10": 0.3747788287332245,
  "slot3_param11": 0.8572373055143544,
  "slot3_param12": 0.20579796829202024,
  "slot3_param13": 0.6598310334766011,
  "slot3_param14": 0.5458140286351686,
  "slot3_param15": 0.5544416075228611,
  "slot4_engine": 52,
  "slot4_bypass": 0.0,
  "slot4_solo": 0.0,
  "slot4_param1": 0.0,
  "slot4_param2": 0.9961941848722937,
  "slot4_param3": 0.7038956486043034,
  "slot4_param4": 0.2707686400539066,
  "slot4_param5": 0.691280741159969,
  "slot4_param6": 0.4003890894659821,
  "slot4_param7": 0.4644656397385285,
  "slot4_param8": 0.17572541352048054,
  "slot4_param9": 1.0,
  "slot4_param10": 0.43766975581597667,
  "slot4_param11": 0.7091830356899791,
  "slot4_param12": 0.6129371718921828,
  "slot4_param13": 0.15139020662319663,
  "slot4_param14": 0.8530097698220603,
  "slot4_param15": 0.6962275351668334,
  "slot5_engine": 0,
  "slot5_bypass": 1.0,
  "slot5_solo": 0.0,
  "slot5_param1": 0.0,
  "slot5_param2": 0.0,
  "slot5_param3": 0.0,
  "slot5_param4": 0.0,
  "slot5_param5": 0.0,
  "slot5_param6": 0.0,
  "slot5_param7": 0.0,
  "slot5_param8": 0.0,
  "slot5_param9": 0.0,
  "slot5_param10": 0.0,
  "slot5_param11": 0.0,
  "slot5_param12": 0.0,
  "slot5_param13": 0.0,
  "slot5_param14": 0.0,
  "slot5_param15": 0.0,
  "slot6_engine": 0,
  "slot6_bypass": 1.0,
  "slot6_solo": 0.0,
  "slot6_param1": 0.0,
  "slot6_param2": 0.0,
  "slot6_param3": 0.0,
  "slot6_param4": 0.0,
  "slot6_param5": 0.0,
  "slot6_param6": 0.0,
  "slot6_param7": 0.0,
  "slot6_param8": 0.0,
  "slot6_param9": 0.0,
  "slot6_param10": 0.0,
  "slot6_param11": 0.0,
  "slot6_param12": 0.0,
  "slot6_param13": 0.0,
  "slot6_param14": 0.0,
  "slot6_param15": 0.0,
  "id": "GC_0062",
  "index": 61
}