{
  "creative_name": "Quantum Pitch Spiral + Formant Web",
  "category": "Experimental",
  "description": "Hybrid: Ascending pitch spirals with granular texture meets Formant-shaped feedback network",
  "tags": [
    "experimental",
    "creative",
    "unconventional",
    "hybrid"
  ],
  "complexity": 0.9059824046110259,
  "brightness": 0.5484735175909095,
  "warmth": 0.612832432500507,
  "slot1_engine": 34,
  "slot1_bypass": 0.0,
  "slot1_solo": 0.0,
  "slot1_param1": 0.25020032362018507,
  "slot1_param2": 0.5832401142500823,
  "slot1_param3": 0.0,
  "slot1_param4": 0.836388856850828,
  "slot1_param5": 0.8476380388630668,
  "slot1_param6": 0.5233923179540405,
  "slot1_param7": 0.6459813401425369,
  "slot1_param8": 0.09968737568563801,
  "slot1_param9": 0.7359354244247831,
  "slot1_param10": 0.7179346173027334,
  "slot1_param11": 0.5166876854621578,
  "slot1_param12": 0.7047252873086264,
  "slot1_param13": 0.9673537031137455,
  "slot1_param14": 0.26806663076357795,
  "slot1_param15": 0.7286827064503445,
  "slot2_engine": 32,
  "slot2_bypass": 0.0,
  "slot2_solo": 0.0,
  "slot2_param1": 0.18257824381462007,
  "slot2_param2": 1.0,
  "slot2_param3": 0.03817870346031249,
  "slot2_param4": 1.0,
  "slot2_param5": 0.28272735067603394,
  "slot2_param6": 0.5841621559090827,
  "slot2_param7": 0.3251061912747625,
  "slot2_param8": 0.6358576852596585,
  "slot2_param9": 0.7117563810678657,
  "slot2_param10": 0.41739424002700226,
  "slot2_param11": 0.4221487573036954,
  "slot2_param12": 0.5544812550993445,
  "slot2_param13": 0.7263103634480482,
  "slot2_param14": 0.6417006595899583,
  "slot2_param15": 0.46354199539358076,
  "slot3_engine": 55,
  "slot3_bypass": 0.0,
  "slot3_solo": 0.0,
  "slot3_param1": 0.09512805368926056,
  "slot3_param2": 0.7972487870380078,
  "slot3_param3": 0.6534368644370613,
  "slot3_param4": 0.1870605265819061,
  "slot3_param5": 0.7374157059385155,
  "slot3_param6": 0.5688661982268954,
  "slot3_param7": 0.9171256776819054,
  "slot3_param8": 0.4880221269261536,
  "slot3_param9": 0.8717922852682315,
  "slot3_param10": 0.6138982127238871,
  "slot3_param11": 0.6961559799312417,
  "slot3_param12": 0.7005679787084247,
  "slot3_param13": 0.5385594169664907,
  "slot3_param14": 0.7957396649104009,
  "slot3_param15": 0.8417285393382448,
  "slot4_engine": 45,
  "slot4_bypass": 0.0,
  "slot4_solo": 0.0,
  "slot4_param1": 0.5759073702882341,
  "slot4_param2": 0.617737659480767,
  "slot4_param3": 1.0,
  "slot4_param4": 0.0,
  "slot4_param5": 0.0,
  "slot4_param6": 0.7217371700126788,
  "slot4_param7": 0.27977313308553153,
  "slot4_param8": 0.06791995160400446,
  "slot4_param9": 0.8105164120324835,
  "slot4_param10": 0.17399230570108343,
  "slot4_param11": 0.9041665979845925,
  "slot4_param12": 0.01447164303270615,
  "slot4_param13": 0.9265404789130864,
  "slot4_param14": 0.3509951453945679,
  "slot4_param15": 0.641530568525599,
  "slot5_engine": 51,
  "slot5_bypass": 0.0,
  "slot5_solo": 0.0,
  "slot5_param1": 0.10723398190312747,
  "slot5_param2": 1.0,
  "slot5_param3": 0.6976187099972146,
  "slot5_param4": 0.35675870889929956,
  "slot5_param5": 0.3243510763003804,
  "slot5_param6": 0.6087481843935432,
  "slot5_param7": 0.568392800606415,
  "slot5_param8": 0.14349245319817716,
  "slot5_param9": 0.6117163232567884,
  "slot5_param10": 0.3167318193496431,
  "slot5_param11": 0.556550791497862,
  "slot5_param12": 0.31733212595084725,
  "slot5_param13": 0.13376178637781497,
  "slot5_param14": 0.7734643443937191,
  "slot5_param15": 0.6511258180557649,
  "slot6_engine": 0,
  "slot6_bypass": 1.0,
  "slot6_solo": 0.0,
  "slot6_param1": 0.0,
  "slot6_param2": 0.0,
  "slot6_param3": 0.0,
  "slot6_param4": 0.0,
  "slot6_param5": 0.0,
  "slot6_param6": 0.0,
  "slot6_param7": 0.0,
  "slot6_param8": 0.0,
  "slot6_param9": 0.0,
  "slot6_param10": 0.0,
  "slot6_param11": 0.0,
  "slot6_param12": 0.0,
  "slot6_param13": 0.0,
  "slot6_param14": 0.0,
  "slot6_param15": 0.0,
  "id": "GC_0124",
  "index": 123
}