{
  "creative_name": "Fractal Pitch Spiral",
  "category": "Spatial",
  "description": "Ascending pitch spirals with granular texture",
  "tags": [
    "experimental",
    "creative",
    "unconventional"
  ],
  "complexity": 0.7807573133043427,
  "brightness": 0.6426031643177978,
  "warmth": 0.6820859943207832,
  "slot1_engine": 34,
  "slot1_bypass": 0.0,
  "slot1_solo": 0.0,
  "slot1_param1": 0.29415495190123786,
  "slot1_param2": 0.6177991909206456,
  "slot1_param3": 0.5269792146897846,
  "slot1_param4": 0.797631712394761,
  "slot1_param5": 0.9393996209418761,
  "slot1_param6": 0.1504994100001728,
  "slot1_param7": 0.6592586305604513,
  "slot1_param8": 0.3054732609522658,
  "slot1_param9": 0.62924967401723,
  "slot1_param10": 1.0,
  "slot1_param11": 0.3042335058357766,
  "slot1_param12": 0.6958111581948278,
  "slot1_param13": 0.8657843865388208,
  "slot1_param14": 0.3761873692228188,
  "slot1_param15": 0.4127154790616492,
  "slot2_engine": 55,
  "slot2_bypass": 0.0,
  "slot2_solo": 0.0,
  "slot2_param1": 0.9598362394208569,
  "slot2_param2": 0.5096598157405726,
  "slot2_param3": 1.0,
  "slot2_param4": 0.41909579905689887,
  "slot2_param5": 0.7350275794759884,
  "slot2_param6": 0.36890153518644864,
  "slot2_param7": 0.0,
  "slot2_param8": 0.7234816788633225,
  "slot2_param9": 0.42852580449679845,
  "slot2_param10": 0.7208945650688299,
  "slot2_param11": 0.7275252674888043,
  "slot2_param12": 0.3070755990359173,
  "slot2_param13": 0.6896024873199814,
  "slot2_param14": 0.604957466425459,
  "slot2_param15": 0.869837149190082,
  "slot3_engine": 53,
  "slot3_bypass": 0.0,
  "slot3_solo": 0.0,
  "slot3_param1": 0.3304739127971651,
  "slot3_param2": 0.623734644909129,
  "slot3_param3": 0.46775920393846343,
  "slot3_param4": 0.19508855299308014,
  "slot3_param5": 0.2850499133557493,
  "slot3_param6": 0.3798416104012238,
  "slot3_param7": 0.47322941424594434,
  "slot3_param8": 0.38137064827380285,
  "slot3_param9": 0.6954232732236696,
  "slot3_param10": 0.5306950946858743,
  "slot3_param11": 0.5017867991239049,
  "slot3_param12": 0.38585114191824854,
  "slot3_param13": 0.21502089562618867,
  "slot3_param14": 0.945833468036304,
  "slot3_param15": 0.6642462726252147,
  "slot4_engine": 19,
  "slot4_bypass": 0.0,
  "slot4_solo": 0.0,
  "slot4_param1": 0.923350001128306,
  "slot4_param2": 0.3217456920771753,
  "slot4_param3": 0.9886946519225116,
  "slot4_param4": 0.10639849836101634,
  "slot4_param5": 1.0,
  "slot4_param6": 0.5790096131809807,
  "slot4_param7": 0.5810564227118784,
  "slot4_param8": 0.2840255622385564,
  "slot4_param9": 0.7599507604343991,
  "slot4_param10": 0.4984951193036544,
  "slot4_param11": 0.844247615959142,
  "slot4_param12": 0.09442450036196082,
  "slot4_param13": 0.7115513616528966,
  "slot4_param14": 0.3064721732155187,
  "slot4_param15": 0.5628898977285489,
  "slot5_engine": 0,
  "slot5_bypass": 1.0,
  "slot5_solo": 0.0,
  "slot5_param1": 0.0,
  "slot5_param2": 0.0,
  "slot5_param3": 0.0,
  "slot5_param4": 0.0,
  "slot5_param5": 0.0,
  "slot5_param6": 0.0,
  "slot5_param7": 0.0,
  "slot5_param8": 0.0,
  "slot5_param9": 0.0,
  "slot5_param10": 0.0,
  "slot5_param11": 0.0,
  "slot5_param12": 0.0,
  "slot5_param13": 0.0,
  "slot5_param14": 0.0,
  "slot5_param15": 0.0,
  "slot6_engine": 0,
  "slot6_bypass": 1.0,
  "slot6_solo": 0.0,
  "slot6_param1": 0.0,
  "slot6_param2": 0.0,
  "slot6_param3": 0.0,
  "slot6_param4": 0.0,
  "slot6_param5": 0.0,
  "slot6_param6": 0.0,
  "slot6_param7": 0.0,
  "slot6_param8": 0.0,
  "slot6_param9": 0.0,
  "slot6_param10": 0.0,
  "slot6_param11": 0.0,
  "slot6_param12": 0.0,
  "slot6_param13": 0.0,
  "slot6_param14": 0.0,
  "slot6_param15": 0.0,
  "id": "GC_0039",
  "index": 38
}