{
  "creative_name": "Glitch Matrix Horizon",
  "category": "Lo-Fi",
  "description": "Micro-stutters with digital artifacts",
  "tags": [
    "experimental",
    "creative",
    "unconventional",
    "harsh",
    "metallic",
    "aggressive"
  ],
  "complexity": 0.6751989887344795,
  "brightness": 0.7202326559104948,
  "warmth": 0.3268409688828825,
  "slot1_engine": 55,
  "slot1_bypass": 0.0,
  "slot1_solo": 0.0,
  "slot1_param1": 0.8847869180335474,
  "slot1_param2": 0.36557743544946864,
  "slot1_param3": 1.0,
  "slot1_param4": 0.3785084297408771,
  "slot1_param5": 0.7263997766738972,
  "slot1_param6": 0.5564601212748816,
  "slot1_param7": 0.49416118698520006,
  "slot1_param8": 0.5801962919840615,
  "slot1_param9": 0.3533566297372718,
  "slot1_param10": 0.8116992471897249,
  "slot1_param11": 1.0,
  "slot1_param12": 0.19728808692673558,
  "slot1_param13": 0.6633291461127893,
  "slot1_param14": 0.599066603230876,
  "slot1_param15": 0.4987630048195739,
  "slot2_engine": 18,
  "slot2_bypass": 0.0,
  "slot2_solo": 0.0,
  "slot2_param1": 0.6169020628467131,
  "slot2_param2": 0.9222207686562267,
  "slot2_param3": 0.22552534126410992,
  "slot2_param4": 1.0,
  "slot2_param5": 0.5903265221180753,
  "slot2_param6": 0.5122173388975562,
  "slot2_param7": 0.2379844055555897,
  "slot2_param8": 0.5192061163275999,
  "slot2_param9": 0.10177938027330413,
  "slot2_param10": 0.44985454588005436,
  "slot2_param11": 0.6299777560723625,
  "slot2_param12": 0.6666278110094228,
  "slot2_param13": 0.300502006508911,
  "slot2_param14": 0.4672730711700094,
  "slot2_param15": 0.8218602795762568,
  "slot3_engine": 27,
  "slot3_bypass": 0.0,
  "slot3_solo": 0.0,
  "slot3_param1": 0.39573014556173314,
  "slot3_param2": 0.5065926357069945,
  "slot3_param3": 0.5733063365721413,
  "slot3_param4": 0.2541529078949638,
  "slot3_param5": 0.5807454701067347,
  "slot3_param6": 0.5758934304724634,
  "slot3_param7": 0.6055717429395249,
  "slot3_param8": 0.44796974077063156,
  "slot3_param9": 1.0,
  "slot3_param10": 0.29070855277412877,
  "slot3_param11": 0.8854960757301791,
  "slot3_param12": 0.611815231692617,
  "slot3_param13": 0.3173952711490515,
  "slot3_param14": 0.7683907455178786,
  "slot3_param15": 0.4567993318843638,
  "slot4_engine": 53,
  "slot4_bypass": 0.0,
  "slot4_solo": 0.0,
  "slot4_param1": 0.765628370349217,
  "slot4_param2": 0.2729411012964863,
  "slot4_param3": 1.0,
  "slot4_param4": 0.40426393459619053,
  "slot4_param5": 0.7902993407107666,
  "slot4_param6": 0.734410563051288,
  "slot4_param7": 0.0,
  "slot4_param8": 0.5721252378555234,
  "slot4_param9": 0.27617349041327915,
  "slot4_param10": 0.7313438903049038,
  "slot4_param11": 1.0,
  "slot4_param12": 0.3444785156390191,
  "slot4_param13": 0.4713344073938118,
  "slot4_param14": 0.741373927054086,
  "slot4_param15": 0.6313838026623497,
  "slot5_engine": 0,
  "slot5_bypass": 1.0,
  "slot5_solo": 0.0,
  "slot5_param1": 0.0,
  "slot5_param2": 0.0,
  "slot5_param3": 0.0,
  "slot5_param4": 0.0,
  "slot5_param5": 0.0,
  "slot5_param6": 0.0,
  "slot5_param7": 0.0,
  "slot5_param8": 0.0,
  "slot5_param9": 0.0,
  "slot5_param10": 0.0,
  "slot5_param11": 0.0,
  "slot5_param12": 0.0,
  "slot5_param13": 0.0,
  "slot5_param14": 0.0,
  "slot5_param15": 0.0,
  "slot6_engine": 0,
  "slot6_bypass": 1.0,
  "slot6_solo": 0.0,
  "slot6_param1": 0.0,
  "slot6_param2": 0.0,
  "slot6_param3": 0.0,
  "slot6_param4": 0.0,
  "slot6_param5": 0.0,
  "slot6_param6": 0.0,
  "slot6_param7": 0.0,
  "slot6_param8": 0.0,
  "slot6_param9": 0.0,
  "slot6_param10": 0.0,
  "slot6_param11": 0.0,
  "slot6_param12": 0.0,
  "slot6_param13": 0.0,
  "slot6_param14": 0.0,
  "slot6_param15": 0.0,
  "id": "GC_0119",
  "context": "Industrial",
  "index": 118
}