{
  "creative_name": "Ambient Drift Waves",
  "category": "Spatial",
  "description": "Slowly evolving ambient textures",
  "tags": [
    "experimental",
    "creative",
    "unconventional",
    "ambient",
    "tension",
    "atmospheric"
  ],
  "complexity": 0.7697711323421397,
  "brightness": 0.6657355228488939,
  "warmth": 0.6117505535874755,
  "slot1_engine": 54,
  "slot1_bypass": 0.0,
  "slot1_solo": 0.0,
  "slot1_param1": 0.9655763473093002,
  "slot1_param2": 0.22714540931223676,
  "slot1_param3": 0.7679787408944867,
  "slot1_param4": 0.17534098555518132,
  "slot1_param5": 0.7391057858075698,
  "slot1_param6": 0.4395102613403998,
  "slot1_param7": 0.2875560706993307,
  "slot1_param8": 0.9023586375047032,
  "slot1_param9": 0.6357474443440476,
  "slot1_param10": 0.6957239158854089,
  "slot1_param11": 1.0,
  "slot1_param12": 0.12030756573195561,
  "slot1_param13": 0.867376601114777,
  "slot1_param14": 0.21289891131951527,
  "slot1_param15": 0.49201150595375986,
  "slot2_engine": 44,
  "slot2_bypass": 0.0,
  "slot2_solo": 0.0,
  "slot2_param1": 0.20522929578631405,
  "slot2_param2": 1.0,
  "slot2_param3": 0.614982753300808,
  "slot2_param4": 0.0,
  "slot2_param5": 0.47999303343664534,
  "slot2_param6": 0.6640203613262268,
  "slot2_param7": 0.4934037149496809,
  "slot2_param8": 0.02583592961574535,
  "slot2_param9": 1.0,
  "slot2_param10": 0.18462420982177621,
  "slot2_param11": 0.689270124065097,
  "slot2_param12": 0.2874346290854826,
  "slot2_param13": 1.0,
  "slot2_param14": 0.6347462449486452,
  "slot2_param15": 0.6124254539914176,
  "slot3_engine": 56,
  "slot3_bypass": 0.0,
  "slot3_solo": 0.0,
  "slot3_param1": 0.9104224160176725,
  "slot3_param2": 0.3570842364669023,
  "slot3_param3": 0.9198535908957528,
  "slot3_param4": 0.18546772033232425,
  "slot3_param5": 0.5388809789678164,
  "slot3_param6": 0.5925870788990173,
  "slot3_param7": 0.22178575238206277,
  "slot3_param8": 0.9834322738517083,
  "slot3_param9": 0.26365232967202046,
  "slot3_param10": 0.47949973133254775,
  "slot3_param11": 0.6906169556524707,
  "slot3_param12": 0.3546758817106604,
  "slot3_param13": 0.6200926194314819,
  "slot3_param14": 0.4458709625956514,
  "slot3_param15": 0.5269067631383058,
  "slot4_engine": 51,
  "slot4_bypass": 0.0,
  "slot4_solo": 0.0,
  "slot4_param1": 0.22900780065722384,
  "slot4_param2": 0.9887347252950588,
  "slot4_param3": 0.5220608497769179,
  "slot4_param4": 0.459301686099458,
  "slot4_param5": 0.4854472020275888,
  "slot4_param6": 0.14261989797896327,
  "slot4_param7": 0.9646404303201586,
  "slot4_param8": 0.4023515916583421,
  "slot4_param9": 0.8367698996305548,
  "slot4_param10": 0.44465011781137853,
  "slot4_param11": 0.38218502104807844,
  "slot4_param12": 0.34582600377254447,
  "slot4_param13": 0.0141932244378139,
  "slot4_param14": 1.0,
  "slot4_param15": 0.8058080961926233,
  "slot5_engine": 52,
  "slot5_bypass": 0.0,
  "slot5_solo": 0.0,
  "slot5_param1": 0.2732629432306539,
  "slot5_param2": 0.5929780935083651,
  "slot5_param3": 0.6023785491627127,
  "slot5_param4": 0.3014941554065922,
  "slot5_param5": 0.20630273986930586,
  "slot5_param6": 0.21543349456672817,
  "slot5_param7": 0.5805884814156343,
  "slot5_param8": 0.24304727995709824,
  "slot5_param9": 0.8700541568768693,
  "slot5_param10": 0.5455309231958285,
  "slot5_param11": 0.5640596379560343,
  "slot5_param12": 0.7056664682121911,
  "slot5_param13": 0.3115961084767707,
  "slot5_param14": 0.7549207129980127,
  "slot5_param15": 0.5520660528112262,
  "slot6_engine": 0,
  "slot6_bypass": 1.0,
  "slot6_solo": 0.0,
  "slot6_param1": 0.0,
  "slot6_param2": 0.0,
  "slot6_param3": 0.0,
  "slot6_param4": 0.0,
  "slot6_param5": 0.0,
  "slot6_param6": 0.0,
  "slot6_param7": 0.0,
  "slot6_param8": 0.0,
  "slot6_param9": 0.0,
  "slot6_param10": 0.0,
  "slot6_param11": 0.0,
  "slot6_param12": 0.0,
  "slot6_param13": 0.0,
  "slot6_param14": 0.0,
  "slot6_param15": 0.0,
  "id": "GC_0116",
  "context": "Film Score",
  "index": 115
}