{
  "creative_name": "Glitch Matrix Storm",
  "category": "Glitch",
  "description": "Micro-stutters with digital artifacts",
  "tags": [
    "experimental",
    "creative",
    "unconventional",
    "glitch",
    "idm",
    "experimental"
  ],
  "complexity": 0.9366850686047334,
  "brightness": 0.5978047318735384,
  "warmth": 0.4746081806774759,
  "slot1_engine": 55,
  "slot1_bypass": 0.0,
  "slot1_solo": 0.0,
  "slot1_param1": 0.18880011425936313,
  "slot1_param2": 1.0,
  "slot1_param3": 0.44756532144356553,
  "slot1_param4": 0.6507441492657169,
  "slot1_param5": 0.21561842507420098,
  "slot1_param6": 0.17565276654621714,
  "slot1_param7": 0.4655146422969711,
  "slot1_param8": 0.1373964919860108,
  "slot1_param9": 1.0,
  "slot1_param10": 0.35552278468635196,
  "slot1_param11": 0.7455785578054257,
  "slot1_param12": 0.26911097292969066,
  "slot1_param13": 0.38195429778429535,
  "slot1_param14": 0.7569792203939585,
  "slot1_param15": 0.8235175648544655,
  "slot2_engine": 18,
  "slot2_bypass": 0.0,
  "slot2_solo": 0.0,
  "slot2_param1": 0.8372803092574583,
  "slot2_param2": 0.6752872953535219,
  "slot2_param3": 0.29166316118159613,
  "slot2_param4": 0.6983268058136339,
  "slot2_param5": 0.4340477462225652,
  "slot2_param6": 0.3826660715330707,
  "slot2_param7": 0.34451094750701733,
  "slot2_param8": 0.5103981934458928,
  "slot2_param9": 0.10349628221129781,
  "slot2_param10": 0.7443817903537214,
  "slot2_param11": 0.6976333106640191,
  "slot2_param12": 1.0,
  "slot2_param13": 0.33654424412278855,
  "slot2_param14": 0.7290795803198902,
  "slot2_param15": 0.752032026724835,
  "slot3_engine": 27,
  "slot3_bypass": 0.0,
  "slot3_solo": 0.0,
  "slot3_param1": 0.3625455630474459,
  "slot3_param2": 0.8624532683266517,
  "slot3_param3": 0.8683615851895323,
  "slot3_param4": 0.270662275357349,
  "slot3_param5": 0.7810905586590791,
  "slot3_param6": 0.5523491273054488,
  "slot3_param7": 0.803055943436156,
  "slot3_param8": 0.15237676283272217,
  "slot3_param9": 1.0,
  "slot3_param10": 0.13928554107639163,
  "slot3_param11": 0.4273388553234594,
  "slot3_param12": 0.7978210871700031,
  "slot3_param13": 0.3496612646338107,
  "slot3_param14": 0.9930018030456527,
  "slot3_param15": 0.7545264656807331,
  "slot4_engine": 53,
  "slot4_bypass": 0.0,
  "slot4_solo": 0.0,
  "slot4_param1": 0.0,
  "slot4_param2": 0.6812608231208784,
  "slot4_param3": 0.6230772653070209,
  "slot4_param4": 0.6380558972445878,
  "slot4_param5": 0.2122608099034256,
  "slot4_param6": 0.12255399483721663,
  "slot4_param7": 0.5210687521961493,
  "slot4_param8": 0.13842366474431542,
  "slot4_param9": 1.0,
  "slot4_param10": 0.6653157270890702,
  "slot4_param11": 0.7400492572275243,
  "slot4_param12": 0.6032386772289928,
  "slot4_param13": 0.0018323190900632613,
  "slot4_param14": 0.688223675411463,
  "slot4_param15": 0.8260678972571899,
  "slot5_engine": 0,
  "slot5_bypass": 1.0,
  "slot5_solo": 0.0,
  "slot5_param1": 0.0,
  "slot5_param2": 0.0,
  "slot5_param3": 0.0,
  "slot5_param4": 0.0,
  "slot5_param5": 0.0,
  "slot5_param6": 0.0,
  "slot5_param7": 0.0,
  "slot5_param8": 0.0,
  "slot5_param9": 0.0,
  "slot5_param10": 0.0,
  "slot5_param11": 0.0,
  "slot5_param12": 0.0,
  "slot5_param13": 0.0,
  "slot5_param14": 0.0,
  "slot5_param15": 0.0,
  "slot6_engine": 0,
  "slot6_bypass": 1.0,
  "slot6_solo": 0.0,
  "slot6_param1": 0.0,
  "slot6_param2": 0.0,
  "slot6_param3": 0.0,
  "slot6_param4": 0.0,
  "slot6_param5": 0.0,
  "slot6_param6": 0.0,
  "slot6_param7": 0.0,
  "slot6_param8": 0.0,
  "slot6_param9": 0.0,
  "slot6_param10": 0.0,
  "slot6_param11": 0.0,
  "slot6_param12": 0.0,
  "slot6_param13": 0.0,
  "slot6_param14": 0.0,
  "slot6_param15": 0.0,
  "id": "GC_0107",
  "context": "Electronic",
  "index": 106
}