{
  "creative_name": "Glitch Matrix Horizon",
  "category": "Ambient",
  "description": "Micro-stutters with digital artifacts",
  "tags": [
    "experimental",
    "creative",
    "unconventional",
    "glitch",
    "idm",
    "experimental"
  ],
  "complexity": 0.6773055165951073,
  "brightness": 0.5957501183675873,
  "warmth": 0.3027285541946364,
  "slot1_engine": 55,
  "slot1_bypass": 0.0,
  "slot1_solo": 0.0,
  "slot1_param1": 0.0,
  "slot1_param2": 0.6567167870386708,
  "slot1_param3": 0.5863220732675238,
  "slot1_param4": 0.19471213890229339,
  "slot1_param5": 0.4304350557113832,
  "slot1_param6": 0.0712081135679779,
  "slot1_param7": 0.7770520201871589,
  "slot1_param8": 0.18697972363317228,
  "slot1_param9": 1.0,
  "slot1_param10": 0.19293047740316419,
  "slot1_param11": 0.8837564218537759,
  "slot1_param12": 0.7173148390683128,
  "slot1_param13": 0.5462407325785482,
  "slot1_param14": 0.5975297226319385,
  "slot1_param15": 0.851519613145856,
  "slot2_engine": 18,
  "slot2_bypass": 0.0,
  "slot2_solo": 0.0,
  "slot2_param1": 1.0,
  "slot2_param2": 0.5223023420562504,
  "slot2_param3": 0.5207893417548928,
  "slot2_param4": 0.06344755117568993,
  "slot2_param5": 0.7081895340394084,
  "slot2_param6": 0.5975661476673104,
  "slot2_param7": 0.7790395157845635,
  "slot2_param8": 0.0,
  "slot2_param9": 0.9208642205854796,
  "slot2_param10": 0.34838801983373796,
  "slot2_param11": 0.5953316114724612,
  "slot2_param12": 0.23740443221594237,
  "slot2_param13": 0.675570583459408,
  "slot2_param14": 0.15998843726461892,
  "slot2_param15": 0.5771049038972338,
  "slot3_engine": 27,
  "slot3_bypass": 0.0,
  "slot3_solo": 0.0,
  "slot3_param1": 0.08632060594456173,
  "slot3_param2": 0.9235971799704051,
  "slot3_param3": 0.69958533487312,
  "slot3_param4": 0.543746582285788,
  "slot3_param5": 0.6344183724361898,
  "slot3_param6": 0.5539897932153417,
  "slot3_param7": 0.7895300406559793,
  "slot3_param8": 0.0,
  "slot3_param9": 0.7126020749930674,
  "slot3_param10": 0.11222910872768893,
  "slot3_param11": 0.4032022569726437,
  "slot3_param12": 0.21507458241088162,
  "slot3_param13": 0.06244633891794554,
  "slot3_param14": 0.6976206714247297,
  "slot3_param15": 0.4884308119532246,
  "slot4_engine": 53,
  "slot4_bypass": 0.0,
  "slot4_solo": 0.0,
  "slot4_param1": 0.39284891825196955,
  "slot4_param2": 0.7900811276469242,
  "slot4_param3": 0.6758619331474682,
  "slot4_param4": 0.12674230725675606,
  "slot4_param5": 0.27665402928958355,
  "slot4_param6": 0.5912624458979119,
  "slot4_param7": 0.6968881966180731,
  "slot4_param8": 0.11222051933212973,
  "slot4_param9": 0.6915130159787063,
  "slot4_param10": 0.34706449066165446,
  "slot4_param11": 0.818130705494446,
  "slot4_param12": 0.5587882562227162,
  "slot4_param13": 0.2560536128543285,
  "slot4_param14": 0.5114107692580195,
  "slot4_param15": 0.5569487357720059,
  "slot5_engine": 0,
  "slot5_bypass": 1.0,
  "slot5_solo": 0.0,
  "slot5_param1": 0.0,
  "slot5_param2": 0.0,
  "slot5_param3": 0.0,
  "slot5_param4": 0.0,
  "slot5_param5": 0.0,
  "slot5_param6": 0.0,
  "slot5_param7": 0.0,
  "slot5_param8": 0.0,
  "slot5_param9": 0.0,
  "slot5_param10": 0.0,
  "slot5_param11": 0.0,
  "slot5_param12": 0.0,
  "slot5_param13": 0.0,
  "slot5_param14": 0.0,
  "slot5_param15": 0.0,
  "slot6_engine": 0,
  "slot6_bypass": 1.0,
  "slot6_solo": 0.0,
  "slot6_param1": 0.0,
  "slot6_param2": 0.0,
  "slot6_param3": 0.0,
  "slot6_param4": 0.0,
  "slot6_param5": 0.0,
  "slot6_param6": 0.0,
  "slot6_param7": 0.0,
  "slot6_param8": 0.0,
  "slot6_param9": 0.0,
  "slot6_param10": 0.0,
  "slot6_param11": 0.0,
  "slot6_param12": 0.0,
  "slot6_param13": 0.0,
  "slot6_param14": 0.0,
  "slot6_param15": 0.0,
  "id": "GC_0117",
  "context": "Electronic",
  "index": 116
}