{
  "creative_name": "Quantum Vocal Formant Destruction",
  "category": "Experimental",
  "description": "Vocal formants destroyed and reconstructed",
  "tags": [
    "experimental",
    "creative",
    "unconventional",
    "trippy",
    "morphing",
    "colorful"
  ],
  "complexity": 0.7049994878622767,
  "brightness": 0.5368135249018868,
  "warmth": 0.46674712905084603,
  "slot1_engine": 32,
  "slot1_bypass": 0.0,
  "slot1_solo": 0.0,
  "slot1_param1": 0.0,
  "slot1_param2": 0.7274224013352969,
  "slot1_param3": 0.9288842952791235,
  "slot1_param4": 0.34116603762075726,
  "slot1_param5": 0.630298807838669,
  "slot1_param6": 0.4301168336209242,
  "slot1_param7": 1.0,
  "slot1_param8": 0.27319094341724215,
  "slot1_param9": 0.7053863667315013,
  "slot1_param10": 0.26990932231710957,
  "slot1_param11": 0.7369074453851754,
  "slot1_param12": 0.36355592919060176,
  "slot1_param13": 0.8005285800802617,
  "slot1_param14": 0.4974816575405404,
  "slot1_param15": 0.4658326771752331,
  "slot2_engine": 37,
  "slot2_bypass": 0.0,
  "slot2_solo": 0.0,
  "slot2_param1": 0.5115039744625096,
  "slot2_param2": 0.6514569141676643,
  "slot2_param3": 0.2440264793274895,
  "slot2_param4": 0.6382580704058154,
  "slot2_param5": 0.6345694817214197,
  "slot2_param6": 0.38061964865026393,
  "slot2_param7": 0.443524849710667,
  "slot2_param8": 0.35607708929745163,
  "slot2_param9": 0.7768669988389265,
  "slot2_param10": 0.6601460696089251,
  "slot2_param11": 0.49938843679217926,
  "slot2_param12": 0.8890176541480339,
  "slot2_param13": 1.0,
  "slot2_param14": 0.13687817666213586,
  "slot2_param15": 0.49805202359104567,
  "slot3_engine": 54,
  "slot3_bypass": 0.0,
  "slot3_solo": 0.0,
  "slot3_param1": 0.0,
  "slot3_param2": 0.8671129355353925,
  "slot3_param3": 0.8670196952403659,
  "slot3_param4": 0.46840453966546064,
  "slot3_param5": 0.3327699006447786,
  "slot3_param6": 0.48296220767050646,
  "slot3_param7": 0.4598671129690689,
  "slot3_param8": 0.4686434687897304,
  "slot3_param9": 0.786216803637559,
  "slot3_param10": 0.5295572716831924,
  "slot3_param11": 0.747678212743008,
  "slot3_param12": 0.4091318883491426,
  "slot3_param13": 0.35130783385471936,
  "slot3_param14": 1.0,
  "slot3_param15": 0.5240156699413678,
  "slot4_engine": 53,
  "slot4_bypass": 0.0,
  "slot4_solo": 0.0,
  "slot4_param1": 0.7722955247524079,
  "slot4_param2": 0.6629290880333254,
  "slot4_param3": 1.0,
  "slot4_param4": 0.32681363706162303,
  "slot4_param5": 0.8702561144887089,
  "slot4_param6": 0.7836070674761131,
  "slot4_param7": 0.4300824192959276,
  "slot4_param8": 0.6665092768728283,
  "slot4_param9": 0.5090736671444289,
  "slot4_param10": 0.35056227246154326,
  "slot4_param11": 0.6484839397434286,
  "slot4_param12": 0.37675997003421385,
  "slot4_param13": 0.5886043180188162,
  "slot4_param14": 0.22139995418454633,
  "slot4_param15": 0.549526092850039,
  "slot5_engine": 0,
  "slot5_bypass": 1.0,
  "slot5_solo": 0.0,
  "slot5_param1": 0.0,
  "slot5_param2": 0.0,
  "slot5_param3": 0.0,
  "slot5_param4": 0.0,
  "slot5_param5": 0.0,
  "slot5_param6": 0.0,
  "slot5_param7": 0.0,
  "slot5_param8": 0.0,
  "slot5_param9": 0.0,
  "slot5_param10": 0.0,
  "slot5_param11": 0.0,
  "slot5_param12": 0.0,
  "slot5_param13": 0.0,
  "slot5_param14": 0.0,
  "slot5_param15": 0.0,
  "slot6_engine": 0,
  "slot6_bypass": 1.0,
  "slot6_solo": 0.0,
  "slot6_param1": 0.0,
  "slot6_param2": 0.0,
  "slot6_param3": 0.0,
  "slot6_param4": 0.0,
  "slot6_param5": 0.0,
  "slot6_param6": 0.0,
  "slot6_param7": 0.0,
  "slot6_param8": 0.0,
  "slot6_param9": 0.0,
  "slot6_param10": 0.0,
  "slot6_param11": 0.0,
  "slot6_param12": 0.0,
  "slot6_param13": 0.0,
  "slot6_param14": 0.0,
  "slot6_param15": 0.0,
  "id": "GC_0120",
  "context": "Psychedelic",
  "index": 119
}