{
  "creative_name": "Fractal Ambient Drift",
  "category": "Experimental",
  "description": "Slowly evolving ambient textures",
  "tags": [
    "experimental",
    "creative",
    "unconventional",
    "drone",
    "meditation",
    "soundscape"
  ],
  "complexity": 0.8604551909675536,
  "brightness": 0.5806719599001156,
  "warmth": 0.3694960322745643,
  "slot1_engine": 54,
  "slot1_bypass": 0.0,
  "slot1_solo": 0.0,
  "slot1_param1": 0.0,
  "slot1_param2": 0.7192949308501982,
  "slot1_param3": 0.5219046228837774,
  "slot1_param4": 0.5771496622722844,
  "slot1_param5": 0.39663807276403995,
  "slot1_param6": 0.4658665332113643,
  "slot1_param7": 0.645697133700715,
  "slot1_param8": 0.0,
  "slot1_param9": 1.0,
  "slot1_param10": 0.25992138524348285,
  "slot1_param11": 0.4869221214545064,
  "slot1_param12": 0.4996482193154342,
  "slot1_param13": 0.4001377501240499,
  "slot1_param14": 0.519768061832905,
  "slot1_param15": 0.58154921511215,
  "slot2_engine": 44,
  "slot2_bypass": 0.0,
  "slot2_solo": 0.0,
  "slot2_param1": 1.0,
  "slot2_param2": 0.817591395777838,
  "slot2_param3": 0.0,
  "slot2_param4": 0.9163410356756053,
  "slot2_param5": 0.45513348685264443,
  "slot2_param6": 0.6442288660994863,
  "slot2_param7": 0.35679020942495343,
  "slot2_param8": 1.0,
  "slot2_param9": 0.49424657595203986,
  "slot2_param10": 1.0,
  "slot2_param11": 0.5168011884890067,
  "slot2_param12": 0.5126182098993799,
  "slot2_param13": 0.787165591287363,
  "slot2_param14": 0.6558173542881616,
  "slot2_param15": 0.6340971927471468,
  "slot3_engine": 56,
  "slot3_bypass": 0.0,
  "slot3_solo": 0.0,
  "slot3_param1": 0.2515962180863742,
  "slot3_param2": 0.90120850010885,
  "slot3_param3": 0.620559207728485,
  "slot3_param4": 0.23578187167752362,
  "slot3_param5": 0.7958374527324246,
  "slot3_param6": 0.39522398312749846,
  "slot3_param7": 0.5019336698319962,
  "slot3_param8": 0.15478542139218893,
  "slot3_param9": 0.6166169297665967,
  "slot3_param10": 0.40172831330857056,
  "slot3_param11": 0.43226220768476553,
  "slot3_param12": 0.49492010847468265,
  "slot3_param13": 0.2638791193990633,
  "slot3_param14": 0.9998977253098646,
  "slot3_param15": 0.6296704998971141,
  "slot4_engine": 51,
  "slot4_bypass": 0.0,
  "slot4_solo": 0.0,
  "slot4_param1": 0.032874183452848815,
  "slot4_param2": 0.9073921712766433,
  "slot4_param3": 0.8723884133311985,
  "slot4_param4": 0.45890900354930564,
  "slot4_param5": 0.7230304181087801,
  "slot4_param6": 0.4713413328470607,
  "slot4_param7": 0.40827873948744936,
  "slot4_param8": 0.005748480727255617,
  "slot4_param9": 1.0,
  "slot4_param10": 0.22728377811314526,
  "slot4_param11": 0.8841033790719646,
  "slot4_param12": 0.36461171618393695,
  "slot4_param13": 0.18056580938344233,
  "slot4_param14": 0.956470877982614,
  "slot4_param15": 0.5194287730724869,
  "slot5_engine": 52,
  "slot5_bypass": 0.0,
  "slot5_solo": 0.0,
  "slot5_param1": 0.1256279122986287,
  "slot5_param2": 0.7270828812950567,
  "slot5_param3": 0.7262747224798582,
  "slot5_param4": 0.3165550118094056,
  "slot5_param5": 0.652431512682333,
  "slot5_param6": 0.5698939676327761,
  "slot5_param7": 0.9973309994291923,
  "slot5_param8": 0.24897235749050156,
  "slot5_param9": 0.8346188364527216,
  "slot5_param10": 0.5520854544103331,
  "slot5_param11": 0.6055402752974328,
  "slot5_param12": 0.7239216405118369,
  "slot5_param13": 0.40581150150218576,
  "slot5_param14": 0.9854500054034414,
  "slot5_param15": 0.8384254190417171,
  "slot6_engine": 0,
  "slot6_bypass": 1.0,
  "slot6_solo": 0.0,
  "slot6_param1": 0.0,
  "slot6_param2": 0.0,
  "slot6_param3": 0.0,
  "slot6_param4": 0.0,
  "slot6_param5": 0.0,
  "slot6_param6": 0.0,
  "slot6_param7": 0.0,
  "slot6_param8": 0.0,
  "slot6_param9": 0.0,
  "slot6_param10": 0.0,
  "slot6_param11": 0.0,
  "slot6_param12": 0.0,
  "slot6_param13": 0.0,
  "slot6_param14": 0.0,
  "slot6_param15": 0.0,
  "id": "GC_0118",
  "context": "Ambient",
  "index": 117
}