{
  "creative_name": "Ethereal Chaotic Spectral Morphing",
  "category": "Experimental",
  "description": "Constantly evolving spectral content with chaotic modulation",
  "tags": [
    "experimental",
    "creative",
    "unconventional"
  ],
  "complexity": 0.8340943379049944,
  "brightness": 0.3566724453029095,
  "warmth": 0.5462270397344606,
  "slot1_engine": 56,
  "slot1_bypass": 0.0,
  "slot1_solo": 0.0,
  "slot1_param1": 0.9774215407845316,
  "slot1_param2": 0.4053538670402487,
  "slot1_param3": 1.0,
  "slot1_param4": 0.32000478638772767,
  "slot1_param5": 0.9135683664279828,
  "slot1_param6": 0.30993917492230844,
  "slot1_param7": 0.16592207636552977,
  "slot1_param8": 0.6130429112093061,
  "slot1_param9": 0.34508599773814264,
  "slot1_param10": 0.5703315307160689,
  "slot1_param11": 0.7403234690972684,
  "slot1_param12": 0.12630407873322017,
  "slot1_param13": 0.8067142508292107,
  "slot1_param14": 0.5631260092045554,
  "slot1_param15": 0.6863267515620682,
  "slot2_engine": 54,
  "slot2_bypass": 0.0,
  "slot2_solo": 0.0,
  "slot2_param1": 0.2244920417335246,
  "slot2_param2": 0.8474151280173147,
  "slot2_param3": 0.6473752066573468,
  "slot2_param4": 0.6374365740272887,
  "slot2_param5": 0.2645373646548705,
  "slot2_param6": 0.3060154271500236,
  "slot2_param7": 0.8427816170074399,
  "slot2_param8": 0.18643556672980766,
  "slot2_param9": 0.8634987913916838,
  "slot2_param10": 0.3334477151750545,
  "slot2_param11": 0.4868435039279606,
  "slot2_param12": 0.49824934389490205,
  "slot2_param13": 0.11439317944069216,
  "slot2_param14": 1.0,
  "slot2_param15": 0.8875487478571833,
  "slot3_engine": 44,
  "slot3_bypass": 0.0,
  "slot3_solo": 0.0,
  "slot3_param1": 0.34509976369167894,
  "slot3_param2": 1.0,
  "slot3_param3": 1.0,
  "slot3_param4": 0.0,
  "slot3_param5": 0.4780730670659964,
  "slot3_param6": 0.9582198911108264,
  "slot3_param7": 0.5738860963130838,
  "slot3_param8": 0.36127896786718305,
  "slot3_param9": 0.9092394386346881,
  "slot3_param10": 0.6121993608104702,
  "slot3_param11": 0.7581531741159994,
  "slot3_param12": 0.4505730231673537,
  "slot3_param13": 1.0,
  "slot3_param14": 0.533294412149456,
  "slot3_param15": 0.4274192498354796,
  "slot4_engine": 0,
  "slot4_bypass": 1.0,
  "slot4_solo": 0.0,
  "slot4_param1": 0.0,
  "slot4_param2": 0.0,
  "slot4_param3": 0.0,
  "slot4_param4": 0.0,
  "slot4_param5": 0.0,
  "slot4_param6": 0.0,
  "slot4_param7": 0.0,
  "slot4_param8": 0.0,
  "slot4_param9": 0.0,
  "slot4_param10": 0.0,
  "slot4_param11": 0.0,
  "slot4_param12": 0.0,
  "slot4_param13": 0.0,
  "slot4_param14": 0.0,
  "slot4_param15": 0.0,
  "slot5_engine": 0,
  "slot5_bypass": 1.0,
  "slot5_solo": 0.0,
  "slot5_param1": 0.0,
  "slot5_param2": 0.0,
  "slot5_param3": 0.0,
  "slot5_param4": 0.0,
  "slot5_param5": 0.0,
  "slot5_param6": 0.0,
  "slot5_param7": 0.0,
  "slot5_param8": 0.0,
  "slot5_param9": 0.0,
  "slot5_param10": 0.0,
  "slot5_param11": 0.0,
  "slot5_param12": 0.0,
  "slot5_param13": 0.0,
  "slot5_param14": 0.0,
  "slot5_param15": 0.0,
  "slot6_engine": 0,
  "slot6_bypass": 1.0,
  "slot6_solo": 0.0,
  "slot6_param1": 0.0,
  "slot6_param2": 0.0,
  "slot6_param3": 0.0,
  "slot6_param4": 0.0,
  "slot6_param5": 0.0,
  "slot6_param6": 0.0,
  "slot6_param7": 0.0,
  "slot6_param8": 0.0,
  "slot6_param9": 0.0,
  "slot6_param10": 0.0,
  "slot6_param11": 0.0,
  "slot6_param12": 0.0,
  "slot6_param13": 0.0,
  "slot6_param14": 0.0,
  "slot6_param15": 0.0,
  "id": "GC_0029",
  "index": 28
}