{
  "creative_name": "Spectral Freeze Stutter + Spectral Freeze Stutter Flux",
  "category": "Experimental",
  "description": "Hybrid: Frozen spectral content with chaotic amplitude meets Frozen spectral content with chaotic amplitude",
  "tags": [
    "experimental",
    "creative",
    "unconventional",
    "hybrid"
  ],
  "complexity": 0.6582676681543772,
  "brightness": 0.3919989401092533,
  "warmth": 0.5992836435547821,
  "slot1_engine": 54,
  "slot1_bypass": 0.0,
  "slot1_solo": 0.0,
  "slot1_param1": 0.2978970185375076,
  "slot1_param2": 0.5917121385433535,
  "slot1_param3": 0.3257154108220603,
  "slot1_param4": 0.6560314807672105,
  "slot1_param5": 0.21715394330171683,
  "slot1_param6": 0.0992126202113211,
  "slot1_param7": 0.5394588413960943,
  "slot1_param8": 0.5076399737750019,
  "slot1_param9": 1.0,
  "slot1_param10": 0.18731771797724608,
  "slot1_param11": 0.7633055082276566,
  "slot1_param12": 0.6618200720116765,
  "slot1_param13": 0.632245018800895,
  "slot1_param14": 0.5175524116516999,
  "slot1_param15": 0.8519695482012977,
  "slot2_engine": 56,
  "slot2_bypass": 0.0,
  "slot2_solo": 0.0,
  "slot2_param1": 0.39084560159878334,
  "slot2_param2": 0.8104999548264807,
  "slot2_param3": 0.5450186451045407,
  "slot2_param4": 0.1321710987849513,
  "slot2_param5": 0.3812347006902371,
  "slot2_param6": 0.6184882067109416,
  "slot2_param7": 0.5196922559305814,
  "slot2_param8": 0.416751951786229,
  "slot2_param9": 0.8986621139441149,
  "slot2_param10": 0.1036300737257026,
  "slot2_param11": 0.580332378336698,
  "slot2_param12": 0.6140193097002242,
  "slot2_param13": 0.2647946275700458,
  "slot2_param14": 0.4710680040430759,
  "slot2_param15": 0.5877609866477196,
  "slot3_engine": 56,
  "slot3_bypass": 0.0,
  "slot3_solo": 0.0,
  "slot3_param1": 0.7002759043653658,
  "slot3_param2": 0.7374384960712923,
  "slot3_param3": 0.7130230451873154,
  "slot3_param4": 0.06609874739942495,
  "slot3_param5": 0.9698264144508062,
  "slot3_param6": 0.6315906184098772,
  "slot3_param7": 0.0,
  "slot3_param8": 0.5806858671905932,
  "slot3_param9": 0.2595909590471811,
  "slot3_param10": 0.39578300934782973,
  "slot3_param11": 0.7983632743649927,
  "slot3_param12": 0.206719153601448,
  "slot3_param13": 0.7674055320923328,
  "slot3_param14": 0.6220493427038177,
  "slot3_param15": 0.4100053048021898,
  "slot4_engine": 52,
  "slot4_bypass": 0.0,
  "slot4_solo": 0.0,
  "slot4_param1": 0.0,
  "slot4_param2": 0.8672462390849724,
  "slot4_param3": 0.6108865892598182,
  "slot4_param4": 0.28862749725649606,
  "slot4_param5": 0.18911456992420417,
  "slot4_param6": 0.33805899967293734,
  "slot4_param7": 0.6365449073298539,
  "slot4_param8": 0.0,
  "slot4_param9": 0.8345874865216352,
  "slot4_param10": 0.5185525394926571,
  "slot4_param11": 0.694432325089744,
  "slot4_param12": 0.5390854369414058,
  "slot4_param13": 0.4994245443556666,
  "slot4_param14": 0.4979418324206484,
  "slot4_param15": 0.611993451751309,
  "slot5_engine": 52,
  "slot5_bypass": 0.0,
  "slot5_solo": 0.0,
  "slot5_param1": 0.3147855809720944,
  "slot5_param2": 0.46896127821375744,
  "slot5_param3": 0.5406138727524878,
  "slot5_param4": 0.2471045764080768,
  "slot5_param5": 0.1505556635724809,
  "slot5_param6": 0.22239147951688604,
  "slot5_param7": 0.8789314820448073,
  "slot5_param8": 0.405881052003569,
  "slot5_param9": 0.5818434702707356,
  "slot5_param10": 0.05393708553600923,
  "slot5_param11": 0.9318613977576848,
  "slot5_param12": 0.809024909176584,
  "slot5_param13": 0.33073457815359664,
  "slot5_param14": 0.5879732056977236,
  "slot5_param15": 0.5522074603043836,
  "slot6_engine": 0,
  "slot6_bypass": 1.0,
  "slot6_solo": 0.0,
  "slot6_param1": 0.0,
  "slot6_param2": 0.0,
  "slot6_param3": 0.0,
  "slot6_param4": 0.0,
  "slot6_param5": 0.0,
  "slot6_param6": 0.0,
  "slot6_param7": 0.0,
  "slot6_param8": 0.0,
  "slot6_param9": 0.0,
  "slot6_param10": 0.0,
  "slot6_param11": 0.0,
  "slot6_param12": 0.0,
  "slot6_param13": 0.0,
  "slot6_param14": 0.0,
  "slot6_param15": 0.0,
  "id": "GC_0123",
  "index": 122
}