{
  "creative_name": "Chromatic Engineering Test 27",
  "category": "Spatial",
  "description": "Systematic exploration of GranularCloud",
  "tags": [
    "experimental",
    "creative",
    "unconventional",
    "systematic"
  ],
  "complexity": 0.7764002301920007,
  "brightness": 0.39784326793683805,
  "warmth": 0.493489791943771,
  "slot1_engine": 55,
  "slot1_bypass": 0.0,
  "slot1_solo": 0.0,
  "slot1_param1": 0.9728334183628358,
  "slot1_param2": 0.16642405799782622,
  "slot1_param3": 1.0,
  "slot1_param4": 0.35744394641922506,
  "slot1_param5": 0.9239103117465056,
  "slot1_param6": 0.47457471587463224,
  "slot1_param7": 0.0,
  "slot1_param8": 0.8140909641148786,
  "slot1_param9": 0.5205120471551568,
  "slot1_param10": 0.5013162857685285,
  "slot1_param11": 0.9597070813442486,
  "slot1_param12": 0.47842396788981645,
  "slot1_param13": 0.7119328949615558,
  "slot1_param14": 0.7077063800460681,
  "slot1_param15": 0.5365333131526666,
  "slot2_engine": 19,
  "slot2_bypass": 0.0,
  "slot2_solo": 0.0,
  "slot2_param1": 0.4610684450663153,
  "slot2_param2": 0.5616065653309199,
  "slot2_param3": 0.3798694697409578,
  "slot2_param4": 0.9100558893929691,
  "slot2_param5": 0.5022382038207949,
  "slot2_param6": 0.8308170929851059,
  "slot2_param7": 0.31183900193394015,
  "slot2_param8": 0.5922701730557998,
  "slot2_param9": 0.3343518150311056,
  "slot2_param10": 0.5139442819526772,
  "slot2_param11": 0.31830687306513644,
  "slot2_param12": 0.6411849580971001,
  "slot2_param13": 0.5281692159965237,
  "slot2_param14": 0.8418744331432104,
  "slot2_param15": 0.6908547314041109,
  "slot3_engine": 44,
  "slot3_bypass": 0.0,
  "slot3_solo": 0.0,
  "slot3_param1": 0.4624121239976645,
  "slot3_param2": 0.9721075128468686,
  "slot3_param3": 1.0,
  "slot3_param4": 0.0,
  "slot3_param5": 0.5159071221687804,
  "slot3_param6": 0.7488729350054573,
  "slot3_param7": 0.8242411086366513,
  "slot3_param8": 0.43253670387108634,
  "slot3_param9": 0.9121558266827288,
  "slot3_param10": 0.648900248427197,
  "slot3_param11": 0.912722800058622,
  "slot3_param12": 0.2953901645536522,
  "slot3_param13": 0.7023910212339975,
  "slot3_param14": 0.5462836150803987,
  "slot3_param15": 0.6084473844390215,
  "slot4_engine": 51,
  "slot4_bypass": 0.0,
  "slot4_solo": 0.0,
  "slot4_param1": 0.0,
  "slot4_param2": 1.0,
  "slot4_param3": 0.41160949510856754,
  "slot4_param4": 0.4893920981425195,
  "slot4_param5": 0.300105941352869,
  "slot4_param6": 0.2934190156685855,
  "slot4_param7": 0.8157378337373808,
  "slot4_param8": 0.013938738712107546,
  "slot4_param9": 1.0,
  "slot4_param10": 0.36312854401086697,
  "slot4_param11": 0.8408271341583948,
  "slot4_param12": 0.6153498909775665,
  "slot4_param13": 0.17093589786401675,
  "slot4_param14": 0.6960350734679133,
  "slot4_param15": 0.7125544672262436,
  "slot5_engine": 0,
  "slot5_bypass": 1.0,
  "slot5_solo": 0.0,
  "slot5_param1": 0.0,
  "slot5_param2": 0.0,
  "slot5_param3": 0.0,
  "slot5_param4": 0.0,
  "slot5_param5": 0.0,
  "slot5_param6": 0.0,
  "slot5_param7": 0.0,
  "slot5_param8": 0.0,
  "slot5_param9": 0.0,
  "slot5_param10": 0.0,
  "slot5_param11": 0.0,
  "slot5_param12": 0.0,
  "slot5_param13": 0.0,
  "slot5_param14": 0.0,
  "slot5_param15": 0.0,
  "slot6_engine": 0,
  "slot6_bypass": 1.0,
  "slot6_solo": 0.0,
  "slot6_param1": 0.0,
  "slot6_param2": 0.0,
  "slot6_param3": 0.0,
  "slot6_param4": 0.0,
  "slot6_param5": 0.0,
  "slot6_param6": 0.0,
  "slot6_param7": 0.0,
  "slot6_param8": 0.0,
  "slot6_param9": 0.0,
  "slot6_param10": 0.0,
  "slot6_param11": 0.0,
  "slot6_param12": 0.0,
  "slot6_param13": 0.0,
  "slot6_param14": 0.0,
  "slot6_param15": 0.0,
  "id": "GC_0077",
  "index": 76
}