{
  "creative_name": "Crystalline Spectral Freeze Stutter + Lo-Fi Degradation",
  "category": "Lo-Fi",
  "description": "Hybrid: Frozen spectral content with chaotic amplitude meets Heavy degradation with vintage character",
  "tags": [
    "experimental",
    "creative",
    "unconventional",
    "hybrid"
  ],
  "complexity": 0.6108192023848659,
  "brightness": 0.7873321938164057,
  "warmth": 0.25489091895635346,
  "slot1_engine": 54,
  "slot1_bypass": 0.0,
  "slot1_solo": 0.0,
  "slot1_param1": 0.3444541004289552,
  "slot1_param2": 1.0,
  "slot1_param3": 0.32071484190676725,
  "slot1_param4": 0.22430460825745335,
  "slot1_param5": 0.16902200976586695,
  "slot1_param6": 0.38308388494453943,
  "slot1_param7": 0.9572832942186238,
  "slot1_param8": 0.526684501787483,
  "slot1_param9": 1.0,
  "slot1_param10": 0.23110650219553994,
  "slot1_param11": 0.2759713525441513,
  "slot1_param12": 0.778523526230841,
  "slot1_param13": 0.18292828598105546,
  "slot1_param14": 1.0,
  "slot1_param15": 0.5097470210562478,
  "slot2_engine": 18,
  "slot2_bypass": 0.0,
  "slot2_solo": 0.0,
  "slot2_param1": 0.6165409867677833,
  "slot2_param2": 0.3922794463989324,
  "slot2_param3": 0.9488924610802429,
  "slot2_param4": 0.0,
  "slot2_param5": 1.0,
  "slot2_param6": 0.5494541032975742,
  "slot2_param7": 0.8439037962099616,
  "slot2_param8": 0.0649552564000759,
  "slot2_param9": 0.7822012125335461,
  "slot2_param10": 0.5428973355680542,
  "slot2_param11": 0.8465849718405161,
  "slot2_param12": 0.39004409308233795,
  "slot2_param13": 0.9574405439812599,
  "slot2_param14": 0.3612989462527593,
  "slot2_param15": 0.40912094220023565,
  "slot3_engine": 56,
  "slot3_bypass": 0.0,
  "slot3_solo": 0.0,
  "slot3_param1": 0.8699905338202278,
  "slot3_param2": 0.12873975565698048,
  "slot3_param3": 1.0,
  "slot3_param4": 0.5401701378440582,
  "slot3_param5": 0.3726168216207276,
  "slot3_param6": 0.17054630357427003,
  "slot3_param7": 0.48742266184158506,
  "slot3_param8": 1.0,
  "slot3_param9": 0.23247701421847325,
  "slot3_param10": 0.859795728307103,
  "slot3_param11": 0.9793222702170258,
  "slot3_param12": 0.2734709033665877,
  "slot3_param13": 0.5696898212003989,
  "slot3_param14": 0.4906590855744172,
  "slot3_param15": 0.4723514217022735,
  "slot4_engine": 41,
  "slot4_bypass": 0.0,
  "slot4_solo": 0.0,
  "slot4_param1": 0.23309674214045634,
  "slot4_param2": 1.0,
  "slot4_param3": 0.8540099386551593,
  "slot4_param4": 0.929617275269092,
  "slot4_param5": 0.5421471606967192,
  "slot4_param6": 0.10887486248626038,
  "slot4_param7": 0.565620381015431,
  "slot4_param8": 0.17499213427474972,
  "slot4_param9": 0.5905328166109836,
  "slot4_param10": 0.23910531043982458,
  "slot4_param11": 0.8114840217372892,
  "slot4_param12": 0.8068097438496229,
  "slot4_param13": 0.36142655243193517,
  "slot4_param14": 0.806941958869038,
  "slot4_param15": 0.6951324340569142,
  "slot5_engine": 52,
  "slot5_bypass": 0.0,
  "slot5_solo": 0.0,
  "slot5_param1": 0.37877268794856256,
  "slot5_param2": 0.9375509716961469,
  "slot5_param3": 0.5790028569779893,
  "slot5_param4": 0.205453841597747,
  "slot5_param5": 0.4311429023115346,
  "slot5_param6": 0.050041757102390255,
  "slot5_param7": 0.42021630972885093,
  "slot5_param8": 0.3878415744671652,
  "slot5_param9": 0.9999496131602827,
  "slot5_param10": 0.6944913607365754,
  "slot5_param11": 0.46710588850065904,
  "slot5_param12": 0.5930534319345196,
  "slot5_param13": 0.274780018568463,
  "slot5_param14": 0.9771288026523992,
  "slot5_param15": 0.69965183717365,
  "slot6_engine": 0,
  "slot6_bypass": 1.0,
  "slot6_solo": 0.0,
  "slot6_param1": 0.0,
  "slot6_param2": 0.0,
  "slot6_param3": 0.0,
  "slot6_param4": 0.0,
  "slot6_param5": 0.0,
  "slot6_param6": 0.0,
  "slot6_param7": 0.0,
  "slot6_param8": 0.0,
  "slot6_param9": 0.0,
  "slot6_param10": 0.0,
  "slot6_param11": 0.0,
  "slot6_param12": 0.0,
  "slot6_param13": 0.0,
  "slot6_param14": 0.0,
  "slot6_param15": 0.0,
  "id": "GC_0147",
  "index": 146
}