{
  "creative_name": "Engineering Test 2 Meditation",
  "category": "Ambient",
  "description": "Systematic exploration of GranularCloud",
  "tags": [
    "experimental",
    "creative",
    "unconventional",
    "systematic"
  ],
  "complexity": 0.8142412871363544,
  "brightness": 0.6647269650501422,
  "warmth": 0.3309745936057692,
  "slot1_engine": 55,
  "slot1_bypass": 0.0,
  "slot1_solo": 0.0,
  "slot1_param1": 0.8123808798865415,
  "slot1_param2": 0.35871147695026645,
  "slot1_param3": 0.7643987753684609,
  "slot1_param4": 0.29221181658464573,
  "slot1_param5": 0.6123397989091074,
  "slot1_param6": 0.37732784924188384,
  "slot1_param7": 0.14873619965133605,
  "slot1_param8": 0.9827497120979198,
  "slot1_param9": 0.15998604934869115,
  "slot1_param10": 0.7606445517600333,
  "slot1_param11": 0.8710374348151021,
  "slot1_param12": 0.2590093472818466,
  "slot1_param13": 0.8854503161178355,
  "slot1_param14": 0.7402333838343714,
  "slot1_param15": 0.4006551402146247,
  "slot2_engine": 19,
  "slot2_bypass": 0.0,
  "slot2_solo": 0.0,
  "slot2_param1": 0.6940432855708768,
  "slot2_param2": 0.6398548683678789,
  "slot2_param3": 0.35917141545844367,
  "slot2_param4": 0.7672289765113731,
  "slot2_param5": 0.30766621428115226,
  "slot2_param6": 0.6010138258521445,
  "slot2_param7": 0.21484251253737557,
  "slot2_param8": 0.5759157539861465,
  "slot2_param9": 0.17529333448055168,
  "slot2_param10": 0.7402805002727401,
  "slot2_param11": 0.6490451174723189,
  "slot2_param12": 0.990943971348869,
  "slot2_param13": 0.3689015178251153,
  "slot2_param14": 0.4019516589766914,
  "slot2_param15": 0.41483039067112976,
  "slot3_engine": 43,
  "slot3_bypass": 0.0,
  "slot3_solo": 0.0,
  "slot3_param1": 0.9834372472904042,
  "slot3_param2": 0.9287082961215268,
  "slot3_param3": 0.05433135384770449,
  "slot3_param4": 0.8930466761421259,
  "slot3_param5": 0.4387789687668135,
  "slot3_param6": 0.9208132147993976,
  "slot3_param7": 0.5321777362454985,
  "slot3_param8": 0.7974750385865597,
  "slot3_param9": 0.4153938289118422,
  "slot3_param10": 1.0,
  "slot3_param11": 0.544934257528231,
  "slot3_param12": 0.6276099652533998,
  "slot3_param13": 0.650179095262599,
  "slot3_param14": 1.0,
  "slot3_param15": 0.6860885855987504,
  "slot4_engine": 51,
  "slot4_bypass": 0.0,
  "slot4_solo": 0.0,
  "slot4_param1": 0.14527836081566028,
  "slot4_param2": 0.7142009380050183,
  "slot4_param3": 0.3945413235224088,
  "slot4_param4": 0.21079208112915743,
  "slot4_param5": 0.42194334789393667,
  "slot4_param6": 0.2528827527724323,
  "slot4_param7": 0.7074018723179945,
  "slot4_param8": 0.3457216158672319,
  "slot4_param9": 1.0,
  "slot4_param10": 0.35521310447327126,
  "slot4_param11": 0.6084662431434009,
  "slot4_param12": 0.5659104858677764,
  "slot4_param13": 0.05887525728966192,
  "slot4_param14": 0.5899946530082332,
  "slot4_param15": 0.8881035388756506,
  "slot5_engine": 0,
  "slot5_bypass": 1.0,
  "slot5_solo": 0.0,
  "slot5_param1": 0.0,
  "slot5_param2": 0.0,
  "slot5_param3": 0.0,
  "slot5_param4": 0.0,
  "slot5_param5": 0.0,
  "slot5_param6": 0.0,
  "slot5_param7": 0.0,
  "slot5_param8": 0.0,
  "slot5_param9": 0.0,
  "slot5_param10": 0.0,
  "slot5_param11": 0.0,
  "slot5_param12": 0.0,
  "slot5_param13": 0.0,
  "slot5_param14": 0.0,
  "slot5_param15": 0.0,
  "slot6_engine": 0,
  "slot6_bypass": 1.0,
  "slot6_solo": 0.0,
  "slot6_param1": 0.0,
  "slot6_param2": 0.0,
  "slot6_param3": 0.0,
  "slot6_param4": 0.0,
  "slot6_param5": 0.0,
  "slot6_param6": 0.0,
  "slot6_param7": 0.0,
  "slot6_param8": 0.0,
  "slot6_param9": 0.0,
  "slot6_param10": 0.0,
  "slot6_param11": 0.0,
  "slot6_param12": 0.0,
  "slot6_param13": 0.0,
  "slot6_param14": 0.0,
  "slot6_param15": 0.0,
  "id": "GC_0052",
  "index": 51
}