{
  "creative_name": "Lo-Fi Degradation Waves",
  "category": "Experimental",
  "description": "Heavy degradation with vintage character",
  "tags": [
    "experimental",
    "creative",
    "unconventional",
    "harsh",
    "metallic",
    "aggressive"
  ],
  "complexity": 0.8233973072906055,
  "brightness": 0.7872603803718776,
  "warmth": 0.3772616441244465,
  "slot1_engine": 18,
  "slot1_bypass": 0.0,
  "slot1_solo": 0.0,
  "slot1_param1": 0.7918052422825469,
  "slot1_param2": 0.10447067413558558,
  "slot1_param3": 0.94493965243802,
  "slot1_param4": 0.20641428857269228,
  "slot1_param5": 0.6144185117360899,
  "slot1_param6": 0.16741088206755106,
  "slot1_param7": 0.5211442892685083,
  "slot1_param8": 0.38123738482057334,
  "slot1_param9": 1.0,
  "slot1_param10": 0.2432264499161112,
  "slot1_param11": 0.8543454896605589,
  "slot1_param12": 0.0,
  "slot1_param13": 0.9851153215554709,
  "slot1_param14": 0.39108349050430175,
  "slot1_param15": 0.6525572916433606,
  "slot2_engine": 56,
  "slot2_bypass": 0.0,
  "slot2_solo": 0.0,
  "slot2_param1": 0.0,
  "slot2_param2": 0.5393640015071783,
  "slot2_param3": 0.6238970564918793,
  "slot2_param4": 0.5221876318536781,
  "slot2_param5": 0.27788389614409825,
  "slot2_param6": 0.4332974782527323,
  "slot2_param7": 0.5316211664034927,
  "slot2_param8": 0.03849544252748305,
  "slot2_param9": 0.6103962760573045,
  "slot2_param10": 0.47912686644775204,
  "slot2_param11": 0.599886096419862,
  "slot2_param12": 0.6028020470062878,
  "slot2_param13": 0.2528338252773549,
  "slot2_param14": 0.8278844818356985,
  "slot2_param15": 0.6469940867602075,
  "slot3_engine": 41,
  "slot3_bypass": 0.0,
  "slot3_solo": 0.0,
  "slot3_param1": 0.48016420191234926,
  "slot3_param2": 0.26071893692876413,
  "slot3_param3": 0.2286605426461692,
  "slot3_param4": 1.0,
  "slot3_param5": 0.4808558089413284,
  "slot3_param6": 0.5952457114632844,
  "slot3_param7": 0.10860016125046201,
  "slot3_param8": 0.6976087824035598,
  "slot3_param9": 0.37879509565957153,
  "slot3_param10": 0.3451179740357796,
  "slot3_param11": 0.3739109349540427,
  "slot3_param12": 1.0,
  "slot3_param13": 0.14189760889965036,
  "slot3_param14": 0.6404842481163769,
  "slot3_param15": 0.7755940262222055,
  "slot4_engine": 20,
  "slot4_bypass": 0.0,
  "slot4_solo": 0.0,
  "slot4_param1": 0.8930829809363062,
  "slot4_param2": 0.0325658753265235,
  "slot4_param3": 0.6960333613899846,
  "slot4_param4": 0.0,
  "slot4_param5": 0.7527447302446255,
  "slot4_param6": 0.18814143036423492,
  "slot4_param7": 0.8375314927684065,
  "slot4_param8": 0.05114115724337484,
  "slot4_param9": 0.7734441188384782,
  "slot4_param10": 0.1379909959443431,
  "slot4_param11": 0.6486983904154437,
  "slot4_param12": 0.3215369543123585,
  "slot4_param13": 0.8523606103128786,
  "slot4_param14": 0.6638378569818886,
  "slot4_param15": 0.8410959435512736,
  "slot5_engine": 43,
  "slot5_bypass": 0.0,
  "slot5_solo": 0.0,
  "slot5_param1": 1.0,
  "slot5_param2": 0.9763582938067167,
  "slot5_param3": 0.38538133414418374,
  "slot5_param4": 0.57744905046455,
  "slot5_param5": 0.31723676682895124,
  "slot5_param6": 0.5169321969549903,
  "slot5_param7": 0.518216656168246,
  "slot5_param8": 0.6922036605592983,
  "slot5_param9": 0.15252317843530433,
  "slot5_param10": 0.9842287887216523,
  "slot5_param11": 0.7198271619073313,
  "slot5_param12": 0.8202141989531293,
  "slot5_param13": 0.5882092385664262,
  "slot5_param14": 0.6786785488454702,
  "slot5_param15": 0.8884605054010768,
  "slot6_engine": 0,
  "slot6_bypass": 1.0,
  "slot6_solo": 0.0,
  "slot6_param1": 0.0,
  "slot6_param2": 0.0,
  "slot6_param3": 0.0,
  "slot6_param4": 0.0,
  "slot6_param5": 0.0,
  "slot6_param6": 0.0,
  "slot6_param7": 0.0,
  "slot6_param8": 0.0,
  "slot6_param9": 0.0,
  "slot6_param10": 0.0,
  "slot6_param11": 0.0,
  "slot6_param12": 0.0,
  "slot6_param13": 0.0,
  "slot6_param14": 0.0,
  "slot6_param15": 0.0,
  "id": "GC_0089",
  "context": "Industrial",
  "index": 88
}