{
  "creative_name": "Chaos Field Flux",
  "category": "Textural",
  "description": "Chaotic stereo movement",
  "tags": [
    "experimental",
    "creative",
    "unconventional"
  ],
  "complexity": 0.8502377011649898,
  "brightness": 0.5665884838883646,
  "warmth": 0.4293880332218637,
  "slot1_engine": 56,
  "slot1_bypass": 0.0,
  "slot1_solo": 0.0,
  "slot1_param1": 0.0,
  "slot1_param2": 0.8557815377927664,
  "slot1_param3": 0.6271328308387274,
  "slot1_param4": 0.28090364147765756,
  "slot1_param5": 0.6769792159922321,
  "slot1_param6": 0.08044116250607777,
  "slot1_param7": 0.7463232893667853,
  "slot1_param8": 0.0,
  "slot1_param9": 0.9695182425627595,
  "slot1_param10": 0.34677473471539516,
  "slot1_param11": 0.8777787864336201,
  "slot1_param12": 0.36776855736337705,
  "slot1_param13": 0.4763681647527001,
  "slot1_param14": 1.0,
  "slot1_param15": 0.6717294878738229,
  "slot2_engine": 52,
  "slot2_bypass": 0.0,
  "slot2_solo": 0.0,
  "slot2_param1": 0.2145330719182,
  "slot2_param2": 1.0,
  "slot2_param3": 0.46184702913120346,
  "slot2_param4": 0.3656520712917943,
  "slot2_param5": 0.49123472617784464,
  "slot2_param6": 0.40948324656854046,
  "slot2_param7": 0.900000646746473,
  "slot2_param8": 0.3462089780804024,
  "slot2_param9": 0.7714018707953547,
  "slot2_param10": 0.1019322540108098,
  "slot2_param11": 0.5655576116752952,
  "slot2_param12": 0.5847425026408021,
  "slot2_param13": 0.0,
  "slot2_param14": 1.0,
  "slot2_param15": 0.8804239614938465,
  "slot3_engine": 37,
  "slot3_bypass": 0.0,
  "slot3_solo": 0.0,
  "slot3_param1": 1.0,
  "slot3_param2": 0.25373478442286757,
  "slot3_param3": 0.92136990897962,
  "slot3_param4": 0.937586864813513,
  "slot3_param5": 0.3475143253179976,
  "slot3_param6": 0.5657795093660081,
  "slot3_param7": 0.4770482758119659,
  "slot3_param8": 0.25752173408207313,
  "slot3_param9": 0.8506127953702971,
  "slot3_param10": 0.5032549971848153,
  "slot3_param11": 0.6764641565928374,
  "slot3_param12": 0.45244826163791396,
  "slot3_param13": 0.21642750494020724,
  "slot3_param14": 1.0,
  "slot3_param15": 0.8110808076010946,
  "slot4_engine": 47,
  "slot4_bypass": 0.0,
  "slot4_solo": 0.0,
  "slot4_param1": 0.3005270990402058,
  "slot4_param2": 0.6971299590868472,
  "slot4_param3": 0.4075181049403408,
  "slot4_param4": 0.6994640880954223,
  "slot4_param5": 0.17639005136566976,
  "slot4_param6": 0.44567822220839703,
  "slot4_param7": 0.47161228537449135,
  "slot4_param8": 0.16716602988959645,
  "slot4_param9": 0.6871776192113159,
  "slot4_param10": 0.5451374948420492,
  "slot4_param11": 0.44716923440200895,
  "slot4_param12": 0.5316214036040385,
  "slot4_param13": 0.6293379107164767,
  "slot4_param14": 0.8888374873160937,
  "slot4_param15": 0.8152072347102217,
  "slot5_engine": 0,
  "slot5_bypass": 1.0,
  "slot5_solo": 0.0,
  "slot5_param1": 0.0,
  "slot5_param2": 0.0,
  "slot5_param3": 0.0,
  "slot5_param4": 0.0,
  "slot5_param5": 0.0,
  "slot5_param6": 0.0,
  "slot5_param7": 0.0,
  "slot5_param8": 0.0,
  "slot5_param9": 0.0,
  "slot5_param10": 0.0,
  "slot5_param11": 0.0,
  "slot5_param12": 0.0,
  "slot5_param13": 0.0,
  "slot5_param14": 0.0,
  "slot5_param15": 0.0,
  "slot6_engine": 0,
  "slot6_bypass": 1.0,
  "slot6_solo": 0.0,
  "slot6_param1": 0.0,
  "slot6_param2": 0.0,
  "slot6_param3": 0.0,
  "slot6_param4": 0.0,
  "slot6_param5": 0.0,
  "slot6_param6": 0.0,
  "slot6_param7": 0.0,
  "slot6_param8": 0.0,
  "slot6_param9": 0.0,
  "slot6_param10": 0.0,
  "slot6_param11": 0.0,
  "slot6_param12": 0.0,
  "slot6_param13": 0.0,
  "slot6_param14": 0.0,
  "slot6_param15": 0.0,
  "id": "GC_0005",
  "index": 4
}