{
  "creative_name": "Astral Lo-Fi Degradation + Lo-Fi Degradation",
  "category": "Lo-Fi",
  "description": "Hybrid: Heavy degradation with vintage character meets Heavy degradation with vintage character",
  "tags": [
    "experimental",
    "creative",
    "unconventional",
    "hybrid"
  ],
  "complexity": 0.6480451135758548,
  "brightness": 0.4153704887394398,
  "warmth": 0.6149792463968884,
  "slot1_engine": 18,
  "slot1_bypass": 0.0,
  "slot1_solo": 0.0,
  "slot1_param1": 0.8197121319885733,
  "slot1_param2": 0.8380209072500517,
  "slot1_param3": 0.16316670814625478,
  "slot1_param4": 0.7634882799033416,
  "slot1_param5": 0.33789920793452527,
  "slot1_param6": 0.9279612485922015,
  "slot1_param7": 0.2221171784960066,
  "slot1_param8": 0.4007302130742438,
  "slot1_param9": 0.5463129477201085,
  "slot1_param10": 0.9165572156810748,
  "slot1_param11": 0.42337375169123104,
  "slot1_param12": 1.0,
  "slot1_param13": 0.3011200470811888,
  "slot1_param14": 0.8658643664030042,
  "slot1_param15": 0.6877148457302129,
  "slot2_engine": 56,
  "slot2_bypass": 0.0,
  "slot2_solo": 0.0,
  "slot2_param1": 1.0,
  "slot2_param2": 0.21838625770971754,
  "slot2_param3": 0.6691984963831192,
  "slot2_param4": 0.09030506546979919,
  "slot2_param5": 0.7194840523712228,
  "slot2_param6": 0.2367474714718873,
  "slot2_param7": 0.2905576093573873,
  "slot2_param8": 0.6914513847371788,
  "slot2_param9": 0.6382333313696487,
  "slot2_param10": 0.46384965246915877,
  "slot2_param11": 1.0,
  "slot2_param12": 0.4628297620091448,
  "slot2_param13": 0.6906740704088233,
  "slot2_param14": 0.4948814412857848,
  "slot2_param15": 0.7727255796585403,
  "slot3_engine": 56,
  "slot3_bypass": 0.0,
  "slot3_solo": 0.0,
  "slot3_param1": 0.3368679406423828,
  "slot3_param2": 0.6512722800656242,
  "slot3_param3": 0.35251821179224496,
  "slot3_param4": 0.1734683368563243,
  "slot3_param5": 0.6454851868269951,
  "slot3_param6": 0.17243054377265363,
  "slot3_param7": 0.4089197591212823,
  "slot3_param8": 0.47605550773025845,
  "slot3_param9": 1.0,
  "slot3_param10": 0.31496957850565527,
  "slot3_param11": 0.2654553249427571,
  "slot3_param12": 0.23424319940798383,
  "slot3_param13": 0.6177866668953504,
  "slot3_param14": 0.6225400487537824,
  "slot3_param15": 0.5298259647901219,
  "slot4_engine": 41,
  "slot4_bypass": 0.0,
  "slot4_solo": 0.0,
  "slot4_param1": 0.2263395271884195,
  "slot4_param2": 0.5019715791440578,
  "slot4_param3": 0.0,
  "slot4_param4": 0.9153964768375715,
  "slot4_param5": 0.3681046634046106,
  "slot4_param6": 0.8537454385164371,
  "slot4_param7": 0.6487367789772708,
  "slot4_param8": 0.410054025554431,
  "slot4_param9": 0.0,
  "slot4_param10": 0.7794594848456161,
  "slot4_param11": 0.606978447161997,
  "slot4_param12": 0.6734773864416057,
  "slot4_param13": 0.5949280255463087,
  "slot4_param14": 0.6891062736178404,
  "slot4_param15": 0.512326974262723,
  "slot5_engine": 47,
  "slot5_bypass": 0.0,
  "slot5_solo": 0.0,
  "slot5_param1": 0.0,
  "slot5_param2": 1.0,
  "slot5_param3": 0.894992512098443,
  "slot5_param4": 0.20591926970999877,
  "slot5_param5": 0.3062687687716342,
  "slot5_param6": 0.41017377263008326,
  "slot5_param7": 0.5466743313897243,
  "slot5_param8": 0.11577726819560824,
  "slot5_param9": 0.7467351933029334,
  "slot5_param10": 0.16438982217249393,
  "slot5_param11": 0.5645279448587982,
  "slot5_param12": 0.5004862469594811,
  "slot5_param13": 0.5425563852225566,
  "slot5_param14": 0.6951125412968611,
  "slot5_param15": 0.40586884346320606,
  "slot6_engine": 0,
  "slot6_bypass": 1.0,
  "slot6_solo": 0.0,
  "slot6_param1": 0.0,
  "slot6_param2": 0.0,
  "slot6_param3": 0.0,
  "slot6_param4": 0.0,
  "slot6_param5": 0.0,
  "slot6_param6": 0.0,
  "slot6_param7": 0.0,
  "slot6_param8": 0.0,
  "slot6_param9": 0.0,
  "slot6_param10": 0.0,
  "slot6_param11": 0.0,
  "slot6_param12": 0.0,
  "slot6_param13": 0.0,
  "slot6_param14": 0.0,
  "slot6_param15": 0.0,
  "id": "GC_0136",
  "index": 135
}