{
  "creative_name": "Nebula Engineering Test 18",
  "category": "Textural",
  "description": "Systematic exploration of ChaosGenerator",
  "tags": [
    "experimental",
    "creative",
    "unconventional",
    "systematic"
  ],
  "complexity": 0.6458786566011949,
  "brightness": 0.54765854680131,
  "warmth": 0.5523492617183617,
  "slot1_engine": 56,
  "slot1_bypass": 0.0,
  "slot1_solo": 0.0,
  "slot1_param1": 0.8420757247574016,
  "slot1_param2": 0.43223978061262824,
  "slot1_param3": 0.8080062644914973,
  "slot1_param4": 0.28586846365194174,
  "slot1_param5": 0.7931328162875991,
  "slot1_param6": 0.5459159850060984,
  "slot1_param7": 0.3890824865397105,
  "slot1_param8": 0.8586970345920002,
  "slot1_param9": 0.4856179592799616,
  "slot1_param10": 0.3880433204301999,
  "slot1_param11": 1.0,
  "slot1_param12": 0.4711073013017071,
  "slot1_param13": 0.9104187216782944,
  "slot1_param14": 0.4793390184665541,
  "slot1_param15": 0.8066584180921573,
  "slot2_engine": 27,
  "slot2_bypass": 0.0,
  "slot2_solo": 0.0,
  "slot2_param1": 0.1126325641877999,
  "slot2_param2": 0.9523251252238512,
  "slot2_param3": 0.5552715974343413,
  "slot2_param4": 0.411412261660178,
  "slot2_param5": 0.5654431889911335,
  "slot2_param6": 0.28090042092706013,
  "slot2_param7": 0.8433070200237587,
  "slot2_param8": 0.15552459407579028,
  "slot2_param9": 0.9402664688433424,
  "slot2_param10": 0.4239463667234969,
  "slot2_param11": 0.8271776136159062,
  "slot2_param12": 0.25692978129839733,
  "slot2_param13": 0.24427527247112968,
  "slot2_param14": 0.713589725473081,
  "slot2_param15": 0.7725638851082051,
  "slot3_engine": 43,
  "slot3_bypass": 0.0,
  "slot3_solo": 0.0,
  "slot3_param1": 0.982471095106386,
  "slot3_param2": 0.8037417827009006,
  "slot3_param3": 0.17441913332171,
  "slot3_param4": 0.7174547143535286,
  "slot3_param5": 0.44804710086854693,
  "slot3_param6": 0.6640478403282932,
  "slot3_param7": 0.36865769097535805,
  "slot3_param8": 0.8681669641594775,
  "slot3_param9": 0.5093199284160715,
  "slot3_param10": 0.9180639881805194,
  "slot3_param11": 0.6739239751714268,
  "slot3_param12": 0.8056167585036953,
  "slot3_param13": 0.4313244367192111,
  "slot3_param14": 0.6739912633421242,
  "slot3_param15": 0.6693518305939284,
  "slot4_engine": 47,
  "slot4_bypass": 0.0,
  "slot4_solo": 0.0,
  "slot4_param1": 0.05825241606189521,
  "slot4_param2": 0.9448555541804322,
  "slot4_param3": 0.38401278366950453,
  "slot4_param4": 0.21126614859218035,
  "slot4_param5": 0.5676362978991074,
  "slot4_param6": 0.5076638673252262,
  "slot4_param7": 0.6273474502413661,
  "slot4_param8": 0.21496892850785543,
  "slot4_param9": 0.7392950565542382,
  "slot4_param10": 0.579381442430196,
  "slot4_param11": 0.7958481164683472,
  "slot4_param12": 0.414034566757995,
  "slot4_param13": 0.25265152412266806,
  "slot4_param14": 1.0,
  "slot4_param15": 0.6722476169576145,
  "slot5_engine": 0,
  "slot5_bypass": 1.0,
  "slot5_solo": 0.0,
  "slot5_param1": 0.0,
  "slot5_param2": 0.0,
  "slot5_param3": 0.0,
  "slot5_param4": 0.0,
  "slot5_param5": 0.0,
  "slot5_param6": 0.0,
  "slot5_param7": 0.0,
  "slot5_param8": 0.0,
  "slot5_param9": 0.0,
  "slot5_param10": 0.0,
  "slot5_param11": 0.0,
  "slot5_param12": 0.0,
  "slot5_param13": 0.0,
  "slot5_param14": 0.0,
  "slot5_param15": 0.0,
  "slot6_engine": 0,
  "slot6_bypass": 1.0,
  "slot6_solo": 0.0,
  "slot6_param1": 0.0,
  "slot6_param2": 0.0,
  "slot6_param3": 0.0,
  "slot6_param4": 0.0,
  "slot6_param5": 0.0,
  "slot6_param6": 0.0,
  "slot6_param7": 0.0,
  "slot6_param8": 0.0,
  "slot6_param9": 0.0,
  "slot6_param10": 0.0,
  "slot6_param11": 0.0,
  "slot6_param12": 0.0,
  "slot6_param13": 0.0,
  "slot6_param14": 0.0,
  "slot6_param15": 0.0,
  "id": "GC_0068",
  "index": 67
}