{
  "creative_name": "Chromatic Ambient Drift",
  "category": "Experimental",
  "description": "Slowly evolving ambient textures",
  "tags": [
    "experimental",
    "creative",
    "unconventional",
    "ambient",
    "tension",
    "atmospheric"
  ],
  "complexity": 0.9299997540312535,
  "brightness": 0.5419690055060837,
  "warmth": 0.3513610799903554,
  "slot1_engine": 54,
  "slot1_bypass": 0.0,
  "slot1_solo": 0.0,
  "slot1_param1": 0.8364906451107077,
  "slot1_param2": 0.4472989315773374,
  "slot1_param3": 0.605271280029896,
  "slot1_param4": 0.20138331382870964,
  "slot1_param5": 0.7011172868876147,
  "slot1_param6": 0.7294261697578515,
  "slot1_param7": 0.0,
  "slot1_param8": 0.7302562039188202,
  "slot1_param9": 0.13029115267593944,
  "slot1_param10": 0.6139312561395625,
  "slot1_param11": 0.844241826828808,
  "slot1_param12": 0.49544398609540774,
  "slot1_param13": 0.539762436136236,
  "slot1_param14": 0.5451137099321655,
  "slot1_param15": 0.7552184801830667,
  "slot2_engine": 44,
  "slot2_bypass": 0.0,
  "slot2_solo": 0.0,
  "slot2_param1": 0.15586234916620204,
  "slot2_param2": 0.9487994698459346,
  "slot2_param3": 1.0,
  "slot2_param4": 0.0,
  "slot2_param5": 0.16439770302255077,
  "slot2_param6": 1.0,
  "slot2_param7": 0.8944433146157271,
  "slot2_param8": 0.33924270633541864,
  "slot2_param9": 0.6069466180971971,
  "slot2_param10": 0.34600398038970714,
  "slot2_param11": 0.5092975300656359,
  "slot2_param12": 0.3422321378706654,
  "slot2_param13": 0.7284867699679969,
  "slot2_param14": 0.5263293383297857,
  "slot2_param15": 0.4893074126546262,
  "slot3_engine": 56,
  "slot3_bypass": 0.0,
  "slot3_solo": 0.0,
  "slot3_param1": 0.061146225996527276,
  "slot3_param2": 0.7192904535066846,
  "slot3_param3": 0.6804451483658314,
  "slot3_param4": 0.6170831720144656,
  "slot3_param5": 0.33068806716187527,
  "slot3_param6": 0.560809311266977,
  "slot3_param7": 0.7932711415614244,
  "slot3_param8": 0.2459948999614885,
  "slot3_param9": 1.0,
  "slot3_param10": 0.5680884099372243,
  "slot3_param11": 0.408217732855273,
  "slot3_param12": 0.46020932036911044,
  "slot3_param13": 0.5967029134603007,
  "slot3_param14": 0.9683189544251706,
  "slot3_param15": 0.4369796739786207,
  "slot4_engine": 51,
  "slot4_bypass": 0.0,
  "slot4_solo": 0.0,
  "slot4_param1": 0.27999485467106744,
  "slot4_param2": 0.6628388915332336,
  "slot4_param3": 0.46759798028516797,
  "slot4_param4": 0.263472668309894,
  "slot4_param5": 0.48496444511286013,
  "slot4_param6": 0.12547298261528453,
  "slot4_param7": 0.7446998716358193,
  "slot4_param8": 0.21743900136275618,
  "slot4_param9": 0.8572520757753495,
  "slot4_param10": 0.6020469758425702,
  "slot4_param11": 0.44635328440630406,
  "slot4_param12": 0.22312324423896385,
  "slot4_param13": 0.11959569723634672,
  "slot4_param14": 0.627889741325554,
  "slot4_param15": 0.42140478981461105,
  "slot5_engine": 52,
  "slot5_bypass": 0.0,
  "slot5_solo": 0.0,
  "slot5_param1": 0.0,
  "slot5_param2": 0.8385130005371298,
  "slot5_param3": 0.8795316991067608,
  "slot5_param4": 0.3989797662734823,
  "slot5_param5": 0.3080002205756406,
  "slot5_param6": 0.09608447044920043,
  "slot5_param7": 0.6716358119623111,
  "slot5_param8": 0.4523740941614237,
  "slot5_param9": 0.7298027404852345,
  "slot5_param10": 0.6948465609713612,
  "slot5_param11": 0.7978690436916105,
  "slot5_param12": 0.5507664845553395,
  "slot5_param13": 0.11214354839202317,
  "slot5_param14": 0.572584969564921,
  "slot5_param15": 0.648747127152071,
  "slot6_engine": 0,
  "slot6_bypass": 1.0,
  "slot6_solo": 0.0,
  "slot6_param1": 0.0,
  "slot6_param2": 0.0,
  "slot6_param3": 0.0,
  "slot6_param4": 0.0,
  "slot6_param5": 0.0,
  "slot6_param6": 0.0,
  "slot6_param7": 0.0,
  "slot6_param8": 0.0,
  "slot6_param9": 0.0,
  "slot6_param10": 0.0,
  "slot6_param11": 0.0,
  "slot6_param12": 0.0,
  "slot6_param13": 0.0,
  "slot6_param14": 0.0,
  "slot6_param15": 0.0,
  "id": "GC_0101",
  "context": "Film Score",
  "index": 100
}