{
  "creative_name": "Astral Engineering Test 26",
  "category": "Experimental",
  "description": "Systematic exploration of SpectralFreeze",
  "tags": [
    "experimental",
    "creative",
    "unconventional",
    "systematic"
  ],
  "complexity": 0.976752302528205,
  "brightness": 0.4162438930241336,
  "warmth": 0.21791298974340706,
  "slot1_engine": 54,
  "slot1_bypass": 0.0,
  "slot1_solo": 0.0,
  "slot1_param1": 0.0,
  "slot1_param2": 0.7122174663208722,
  "slot1_param3": 0.6425416443380716,
  "slot1_param4": 0.46934294948238314,
  "slot1_param5": 0.3001036043171904,
  "slot1_param6": 0.2886393278374546,
  "slot1_param7": 0.7390489980765076,
  "slot1_param8": 0.12945825074677125,
  "slot1_param9": 1.0,
  "slot1_param10": 0.2874821247177407,
  "slot1_param11": 0.5135150494110088,
  "slot1_param12": 0.3130022706280432,
  "slot1_param13": 0.46359612963452124,
  "slot1_param14": 0.8512318766389756,
  "slot1_param15": 0.42902590642727423,
  "slot2_engine": 56,
  "slot2_bypass": 0.0,
  "slot2_solo": 0.0,
  "slot2_param1": 0.9545793616524185,
  "slot2_param2": 0.4802622249987179,
  "slot2_param3": 1.0,
  "slot2_param4": 0.3532728954458001,
  "slot2_param5": 0.6380734546228114,
  "slot2_param6": 0.5227083183047958,
  "slot2_param7": 0.022214844978516446,
  "slot2_param8": 0.7116799754805925,
  "slot2_param9": 0.6438191372006654,
  "slot2_param10": 0.7053328020405083,
  "slot2_param11": 0.8837284610270175,
  "slot2_param12": 0.22537563341431377,
  "slot2_param13": 0.9324552313466348,
  "slot2_param14": 0.704289007401407,
  "slot2_param15": 0.6671152494299074,
  "slot3_engine": 42,
  "slot3_bypass": 0.0,
  "slot3_solo": 0.0,
  "slot3_param1": 0.23717483170907222,
  "slot3_param2": 0.976371092507181,
  "slot3_param3": 0.7327269702932484,
  "slot3_param4": 0.24285289079433578,
  "slot3_param5": 0.4453732462483965,
  "slot3_param6": 0.6918942600870095,
  "slot3_param7": 0.582782470935455,
  "slot3_param8": 0.09471820574736972,
  "slot3_param9": 0.7611457100546051,
  "slot3_param10": 0.586766784483117,
  "slot3_param11": 0.7157705448419946,
  "slot3_param12": 0.11613018676842746,
  "slot3_param13": 1.0,
  "slot3_param14": 0.708307832212322,
  "slot3_param15": 0.79391056992438,
  "slot4_engine": 52,
  "slot4_bypass": 0.0,
  "slot4_solo": 0.0,
  "slot4_param1": 0.09846569537628078,
  "slot4_param2": 0.8351489692830091,
  "slot4_param3": 0.8178294634736193,
  "slot4_param4": 0.28718275619631284,
  "slot4_param5": 0.5795963578135905,
  "slot4_param6": 0.31455062876128737,
  "slot4_param7": 0.9006963798907365,
  "slot4_param8": 0.0,
  "slot4_param9": 1.0,
  "slot4_param10": 0.37770040396153787,
  "slot4_param11": 0.7058043024671352,
  "slot4_param12": 0.427431486711999,
  "slot4_param13": 0.3514090135973405,
  "slot4_param14": 0.6824021474628309,
  "slot4_param15": 0.8534608366540137,
  "slot5_engine": 0,
  "slot5_bypass": 1.0,
  "slot5_solo": 0.0,
  "slot5_param1": 0.0,
  "slot5_param2": 0.0,
  "slot5_param3": 0.0,
  "slot5_param4": 0.0,
  "slot5_param5": 0.0,
  "slot5_param6": 0.0,
  "slot5_param7": 0.0,
  "slot5_param8": 0.0,
  "slot5_param9": 0.0,
  "slot5_param10": 0.0,
  "slot5_param11": 0.0,
  "slot5_param12": 0.0,
  "slot5_param13": 0.0,
  "slot5_param14": 0.0,
  "slot5_param15": 0.0,
  "slot6_engine": 0,
  "slot6_bypass": 1.0,
  "slot6_solo": 0.0,
  "slot6_param1": 0.0,
  "slot6_param2": 0.0,
  "slot6_param3": 0.0,
  "slot6_param4": 0.0,
  "slot6_param5": 0.0,
  "slot6_param6": 0.0,
  "slot6_param7": 0.0,
  "slot6_param8": 0.0,
  "slot6_param9": 0.0,
  "slot6_param10": 0.0,
  "slot6_param11": 0.0,
  "slot6_param12": 0.0,
  "slot6_param13": 0.0,
  "slot6_param14": 0.0,
  "slot6_param15": 0.0,
  "id": "GC_0076",
  "index": 75
}