{
  "creative_name": "Kaleidoscope Harmonic Web",
  "category": "Glitch",
  "description": "Complex harmonic textures",
  "tags": [
    "experimental",
    "creative",
    "unconventional"
  ],
  "complexity": 0.6401677785999328,
  "brightness": 0.5773145845259258,
  "warmth": 0.37624997812363503,
  "slot1_engine": 55,
  "slot1_bypass": 0.0,
  "slot1_solo": 0.0,
  "slot1_param1": 0.7483155995836873,
  "slot1_param2": 0.24324301873124127,
  "slot1_param3": 0.9001953030780487,
  "slot1_param4": 0.4241341534493712,
  "slot1_param5": 0.8626859369800305,
  "slot1_param6": 0.5515079423832614,
  "slot1_param7": 0.030766992144763694,
  "slot1_param8": 0.8756864531742153,
  "slot1_param9": 0.34429087084875787,
  "slot1_param10": 0.727569776726951,
  "slot1_param11": 0.9241066426250293,
  "slot1_param12": 0.433791150879935,
  "slot1_param13": 0.8238160298055882,
  "slot1_param14": 0.6410166826634486,
  "slot1_param15": 0.7452631635040428,
  "slot2_engine": 35,
  "slot2_bypass": 0.0,
  "slot2_solo": 0.0,
  "slot2_param1": 0.7288061057227904,
  "slot2_param2": 0.20757653108028926,
  "slot2_param3": 0.49877380552035955,
  "slot2_param4": 0.7006013472365769,
  "slot2_param5": 0.17193051070998974,
  "slot2_param6": 0.5066795942199711,
  "slot2_param7": 0.49520733487031116,
  "slot2_param8": 0.13601320125681005,
  "slot2_param9": 0.8258203189475768,
  "slot2_param10": 0.6118216731305054,
  "slot2_param11": 0.2694720993155857,
  "slot2_param12": 0.7583545139197618,
  "slot2_param13": 0.4728968898242712,
  "slot2_param14": 0.8410617123165917,
  "slot2_param15": 0.7461687043576366,
  "slot3_engine": 53,
  "slot3_bypass": 0.0,
  "slot3_solo": 0.0,
  "slot3_param1": 0.12977876324974383,
  "slot3_param2": 0.7813100303110198,
  "slot3_param3": 0.5327914055872733,
  "slot3_param4": 0.23870981511762063,
  "slot3_param5": 0.32409662537682205,
  "slot3_param6": 0.4437613396861274,
  "slot3_param7": 0.7085362876462181,
  "slot3_param8": 0.3831181121054858,
  "slot3_param9": 0.706303237813324,
  "slot3_param10": 0.5471473028822813,
  "slot3_param11": 0.4269314852009374,
  "slot3_param12": 0.6721949701838585,
  "slot3_param13": 0.3702024566675144,
  "slot3_param14": 1.0,
  "slot3_param15": 0.8676254254107236,
  "slot4_engine": 52,
  "slot4_bypass": 0.0,
  "slot4_solo": 0.0,
  "slot4_param1": 0.15043607288525498,
  "slot4_param2": 0.6342222953525365,
  "slot4_param3": 0.6070413356610554,
  "slot4_param4": 0.533659692378911,
  "slot4_param5": 0.6211862980976939,
  "slot4_param6": 0.28820863357996507,
  "slot4_param7": 0.569611966381647,
  "slot4_param8": 0.04455617156077851,
  "slot4_param9": 0.9777368211014511,
  "slot4_param10": 0.5604577095891488,
  "slot4_param11": 0.5592784055528013,
  "slot4_param12": 0.5249044717324096,
  "slot4_param13": 0.41935588850490535,
  "slot4_param14": 0.85092305086669,
  "slot4_param15": 0.671520795218006,
  "slot5_engine": 0,
  "slot5_bypass": 1.0,
  "slot5_solo": 0.0,
  "slot5_param1": 0.0,
  "slot5_param2": 0.0,
  "slot5_param3": 0.0,
  "slot5_param4": 0.0,
  "slot5_param5": 0.0,
  "slot5_param6": 0.0,
  "slot5_param7": 0.0,
  "slot5_param8": 0.0,
  "slot5_param9": 0.0,
  "slot5_param10": 0.0,
  "slot5_param11": 0.0,
  "slot5_param12": 0.0,
  "slot5_param13": 0.0,
  "slot5_param14": 0.0,
  "slot5_param15": 0.0,
  "slot6_engine": 0,
  "slot6_bypass": 1.0,
  "slot6_solo": 0.0,
  "slot6_param1": 0.0,
  "slot6_param2": 0.0,
  "slot6_param3": 0.0,
  "slot6_param4": 0.0,
  "slot6_param5": 0.0,
  "slot6_param6": 0.0,
  "slot6_param7": 0.0,
  "slot6_param8": 0.0,
  "slot6_param9": 0.0,
  "slot6_param10": 0.0,
  "slot6_param11": 0.0,
  "slot6_param12": 0.0,
  "slot6_param13": 0.0,
  "slot6_param14": 0.0,
  "slot6_param15": 0.0,
  "id": "GC_0028",
  "index": 27
}