{
  "creative_name": "Chaotic Spectral Morphing Cascade",
  "category": "Glitch",
  "description": "Constantly evolving spectral content with chaotic modulation",
  "tags": [
    "experimental",
    "creative",
    "unconventional"
  ],
  "complexity": 0.8050954090387836,
  "brightness": 0.4051602478076518,
  "warmth": 0.5066856740774968,
  "slot1_engine": 56,
  "slot1_bypass": 0.0,
  "slot1_solo": 0.0,
  "slot1_param1": 0.04984725018589159,
  "slot1_param2": 0.7061034093569076,
  "slot1_param3": 0.46004430553910974,
  "slot1_param4": 0.23147583868417967,
  "slot1_param5": 0.5377512621296926,
  "slot1_param6": 0.483017754634971,
  "slot1_param7": 0.5144118036892633,
  "slot1_param8": 0.28964354018187266,
  "slot1_param9": 0.845786857687004,
  "slot1_param10": 0.2593683596898488,
  "slot1_param11": 0.5321434685523926,
  "slot1_param12": 0.418135431147979,
  "slot1_param13": 0.18810658789864573,
  "slot1_param14": 0.6711096892410734,
  "slot1_param15": 0.5236505648036331,
  "slot2_engine": 54,
  "slot2_bypass": 0.0,
  "slot2_solo": 0.0,
  "slot2_param1": 1.0,
  "slot2_param2": 0.597052530912686,
  "slot2_param3": 1.0,
  "slot2_param4": 0.3098559176991184,
  "slot2_param5": 0.7219212589661328,
  "slot2_param6": 0.4672916991067838,
  "slot2_param7": 0.37258204104817894,
  "slot2_param8": 0.6049735276836797,
  "slot2_param9": 0.4008517109631875,
  "slot2_param10": 0.5336567857537533,
  "slot2_param11": 1.0,
  "slot2_param12": 0.46518687720074375,
  "slot2_param13": 0.5712874169782405,
  "slot2_param14": 0.5358036287338701,
  "slot2_param15": 0.6992953917649156,
  "slot3_engine": 44,
  "slot3_bypass": 0.0,
  "slot3_solo": 0.0,
  "slot3_param1": 0.2727178302542099,
  "slot3_param2": 0.8814906198423741,
  "slot3_param3": 0.7255621471256091,
  "slot3_param4": 0.16881790516572168,
  "slot3_param5": 0.1873130399188998,
  "slot3_param6": 0.8652532479476867,
  "slot3_param7": 0.647719593272222,
  "slot3_param8": 0.009271830658582558,
  "slot3_param9": 0.9665178650396948,
  "slot3_param10": 0.20094189777582303,
  "slot3_param11": 0.5789365411939459,
  "slot3_param12": 0.10042228002732306,
  "slot3_param13": 0.9428242437423652,
  "slot3_param14": 0.38547968971088153,
  "slot3_param15": 0.7441942943550877,
  "slot4_engine": 0,
  "slot4_bypass": 1.0,
  "slot4_solo": 0.0,
  "slot4_param1": 0.0,
  "slot4_param2": 0.0,
  "slot4_param3": 0.0,
  "slot4_param4": 0.0,
  "slot4_param5": 0.0,
  "slot4_param6": 0.0,
  "slot4_param7": 0.0,
  "slot4_param8": 0.0,
  "slot4_param9": 0.0,
  "slot4_param10": 0.0,
  "slot4_param11": 0.0,
  "slot4_param12": 0.0,
  "slot4_param13": 0.0,
  "slot4_param14": 0.0,
  "slot4_param15": 0.0,
  "slot5_engine": 0,
  "slot5_bypass": 1.0,
  "slot5_solo": 0.0,
  "slot5_param1": 0.0,
  "slot5_param2": 0.0,
  "slot5_param3": 0.0,
  "slot5_param4": 0.0,
  "slot5_param5": 0.0,
  "slot5_param6": 0.0,
  "slot5_param7": 0.0,
  "slot5_param8": 0.0,
  "slot5_param9": 0.0,
  "slot5_param10": 0.0,
  "slot5_param11": 0.0,
  "slot5_param12": 0.0,
  "slot5_param13": 0.0,
  "slot5_param14": 0.0,
  "slot5_param15": 0.0,
  "slot6_engine": 0,
  "slot6_bypass": 1.0,
  "slot6_solo": 0.0,
  "slot6_param1": 0.0,
  "slot6_param2": 0.0,
  "slot6_param3": 0.0,
  "slot6_param4": 0.0,
  "slot6_param5": 0.0,
  "slot6_param6": 0.0,
  "slot6_param7": 0.0,
  "slot6_param8": 0.0,
  "slot6_param9": 0.0,
  "slot6_param10": 0.0,
  "slot6_param11": 0.0,
  "slot6_param12": 0.0,
  "slot6_param13": 0.0,
  "slot6_param14": 0.0,
  "slot6_param15": 0.0,
  "id": "GC_0025",
  "index": 24
}