{
  "creative_name": "Astral Chaos Field",
  "category": "Experimental",
  "description": "Chaotic stereo movement",
  "tags": [
    "experimental",
    "creative",
    "unconventional",
    "harsh",
    "metallic",
    "aggressive"
  ],
  "complexity": 0.9116411567692522,
  "brightness": 0.30002362335946764,
  "warmth": 0.6453195576431521,
  "slot1_engine": 56,
  "slot1_bypass": 0.0,
  "slot1_solo": 0.0,
  "slot1_param1": 0.0,
  "slot1_param2": 0.5889569612741812,
  "slot1_param3": 0.5626132245174625,
  "slot1_param4": 0.3936923324263128,
  "slot1_param5": 0.24345843847395038,
  "slot1_param6": 0.1477775744276967,
  "slot1_param7": 0.8948607962458621,
  "slot1_param8": 0.05287748057482075,
  "slot1_param9": 0.7421589112786292,
  "slot1_param10": 0.32842589547713297,
  "slot1_param11": 0.4805874961334531,
  "slot1_param12": 0.5724068625930216,
  "slot1_param13": 0.5401410254346926,
  "slot1_param14": 1.0,
  "slot1_param15": 0.8754242071008334,
  "slot2_engine": 52,
  "slot2_bypass": 0.0,
  "slot2_solo": 0.0,
  "slot2_param1": 0.0,
  "slot2_param2": 0.7150670416945787,
  "slot2_param3": 0.4688910040767269,
  "slot2_param4": 0.12558105272222858,
  "slot2_param5": 0.6031743874152389,
  "slot2_param6": 0.42350607019668346,
  "slot2_param7": 0.9570030509347816,
  "slot2_param8": 0.34842377227768234,
  "slot2_param9": 0.7579770610561554,
  "slot2_param10": 0.5602134591713736,
  "slot2_param11": 0.3805088222401713,
  "slot2_param12": 0.4638587106396996,
  "slot2_param13": 0.5052249245128506,
  "slot2_param14": 0.6090756548077565,
  "slot2_param15": 0.5444067077374855,
  "slot3_engine": 37,
  "slot3_bypass": 0.0,
  "slot3_solo": 0.0,
  "slot3_param1": 0.7185431122769959,
  "slot3_param2": 0.6405785681460905,
  "slot3_param3": 0.33898372425029893,
  "slot3_param4": 0.9093521029816073,
  "slot3_param5": 0.4827563009103313,
  "slot3_param6": 0.5790404997016504,
  "slot3_param7": 0.2189415671684608,
  "slot3_param8": 0.034606674505342855,
  "slot3_param9": 1.0,
  "slot3_param10": 0.39791069348569025,
  "slot3_param11": 0.23907726874081947,
  "slot3_param12": 0.6067784068157877,
  "slot3_param13": 0.5090263619880542,
  "slot3_param14": 1.0,
  "slot3_param15": 0.7476753563443597,
  "slot4_engine": 47,
  "slot4_bypass": 0.0,
  "slot4_solo": 0.0,
  "slot4_param1": 0.21788777606947987,
  "slot4_param2": 0.9183965894546651,
  "slot4_param3": 0.6465936624509163,
  "slot4_param4": 0.21201385154355296,
  "slot4_param5": 0.5204514770515178,
  "slot4_param6": 0.19016123693342513,
  "slot4_param7": 0.7733268146851162,
  "slot4_param8": 0.18133166497049086,
  "slot4_param9": 0.739483246848555,
  "slot4_param10": 0.6904536152295166,
  "slot4_param11": 0.6839943116338906,
  "slot4_param12": 0.23407990477488538,
  "slot4_param13": 0.303548177790819,
  "slot4_param14": 0.6550506440678229,
  "slot4_param15": 0.707540136450689,
  "slot5_engine": 0,
  "slot5_bypass": 1.0,
  "slot5_solo": 0.0,
  "slot5_param1": 0.0,
  "slot5_param2": 0.0,
  "slot5_param3": 0.0,
  "slot5_param4": 0.0,
  "slot5_param5": 0.0,
  "slot5_param6": 0.0,
  "slot5_param7": 0.0,
  "slot5_param8": 0.0,
  "slot5_param9": 0.0,
  "slot5_param10": 0.0,
  "slot5_param11": 0.0,
  "slot5_param12": 0.0,
  "slot5_param13": 0.0,
  "slot5_param14": 0.0,
  "slot5_param15": 0.0,
  "slot6_engine": 0,
  "slot6_bypass": 1.0,
  "slot6_solo": 0.0,
  "slot6_param1": 0.0,
  "slot6_param2": 0.0,
  "slot6_param3": 0.0,
  "slot6_param4": 0.0,
  "slot6_param5": 0.0,
  "slot6_param6": 0.0,
  "slot6_param7": 0.0,
  "slot6_param8": 0.0,
  "slot6_param9": 0.0,
  "slot6_param10": 0.0,
  "slot6_param11": 0.0,
  "slot6_param12": 0.0,
  "slot6_param13": 0.0,
  "slot6_param14": 0.0,
  "slot6_param15": 0.0,
  "id": "GC_0099",
  "context": "Industrial",
  "index": 98
}