{
  "creative_name": "Engineering Test 4 Horizon",
  "category": "Glitch",
  "description": "Systematic exploration of DimensionExpander",
  "tags": [
    "experimental",
    "creative",
    "unconventional",
    "systematic"
  ],
  "complexity": 0.7615209818159291,
  "brightness": 0.5819981851747003,
  "warmth": 0.2811346485320831,
  "slot1_engine": 52,
  "slot1_bypass": 0.0,
  "slot1_solo": 0.0,
  "slot1_param1": 0.2767331214206499,
  "slot1_param2": 0.6198230345482449,
  "slot1_param3": 0.5753597825984965,
  "slot1_param4": 0.49543631408336447,
  "slot1_param5": 0.4314722197691875,
  "slot1_param6": 0.42275597783828,
  "slot1_param7": 0.5112679480551445,
  "slot1_param8": 0.3865898861897418,
  "slot1_param9": 0.9254472574544828,
  "slot1_param10": 0.32091367728397224,
  "slot1_param11": 0.3574242359193177,
  "slot1_param12": 0.5027318298448173,
  "slot1_param13": 0.49393809652654463,
  "slot1_param14": 0.6257846661179528,
  "slot1_param15": 0.7985404571521848,
  "slot2_engine": 0,
  "slot2_bypass": 1.0,
  "slot2_solo": 0.0,
  "slot2_param1": 0.0,
  "slot2_param2": 0.0,
  "slot2_param3": 0.0,
  "slot2_param4": 0.0,
  "slot2_param5": 0.0,
  "slot2_param6": 0.0,
  "slot2_param7": 0.0,
  "slot2_param8": 0.0,
  "slot2_param9": 0.0,
  "slot2_param10": 0.0,
  "slot2_param11": 0.0,
  "slot2_param12": 0.0,
  "slot2_param13": 0.0,
  "slot2_param14": 0.0,
  "slot2_param15": 0.0,
  "slot3_engine": 42,
  "slot3_bypass": 0.0,
  "slot3_solo": 0.0,
  "slot3_param1": 0.9857211340296099,
  "slot3_param2": 0.8067791984004209,
  "slot3_param3": 0.0,
  "slot3_param4": 0.7822524709037709,
  "slot3_param5": 0.6523303718405296,
  "slot3_param6": 0.6884996734646789,
  "slot3_param7": 0.25206152867366555,
  "slot3_param8": 1.0,
  "slot3_param9": 0.2224106139519601,
  "slot3_param10": 0.7267498608178298,
  "slot3_param11": 0.32253167766225865,
  "slot3_param12": 0.8029716154305822,
  "slot3_param13": 0.476500147812273,
  "slot3_param14": 0.8860453845374541,
  "slot3_param15": 0.5084059538055636,
  "slot4_engine": 51,
  "slot4_bypass": 0.0,
  "slot4_solo": 0.0,
  "slot4_param1": 0.27950535747777927,
  "slot4_param2": 0.8821745733905142,
  "slot4_param3": 0.6590924408405492,
  "slot4_param4": 0.6185837040067343,
  "slot4_param5": 0.5524745923033751,
  "slot4_param6": 0.3528520494216884,
  "slot4_param7": 0.6186721857311379,
  "slot4_param8": 0.10960681543741274,
  "slot4_param9": 1.0,
  "slot4_param10": 0.41483414581278844,
  "slot4_param11": 0.5073114283725473,
  "slot4_param12": 0.6495492913532761,
  "slot4_param13": 0.13361240046900918,
  "slot4_param14": 0.6664425054131002,
  "slot4_param15": 0.8789809809388018,
  "slot5_engine": 0,
  "slot5_bypass": 1.0,
  "slot5_solo": 0.0,
  "slot5_param1": 0.0,
  "slot5_param2": 0.0,
  "slot5_param3": 0.0,
  "slot5_param4": 0.0,
  "slot5_param5": 0.0,
  "slot5_param6": 0.0,
  "slot5_param7": 0.0,
  "slot5_param8": 0.0,
  "slot5_param9": 0.0,
  "slot5_param10": 0.0,
  "slot5_param11": 0.0,
  "slot5_param12": 0.0,
  "slot5_param13": 0.0,
  "slot5_param14": 0.0,
  "slot5_param15": 0.0,
  "slot6_engine": 0,
  "slot6_bypass": 1.0,
  "slot6_solo": 0.0,
  "slot6_param1": 0.0,
  "slot6_param2": 0.0,
  "slot6_param3": 0.0,
  "slot6_param4": 0.0,
  "slot6_param5": 0.0,
  "slot6_param6": 0.0,
  "slot6_param7": 0.0,
  "slot6_param8": 0.0,
  "slot6_param9": 0.0,
  "slot6_param10": 0.0,
  "slot6_param11": 0.0,
  "slot6_param12": 0.0,
  "slot6_param13": 0.0,
  "slot6_param14": 0.0,
  "slot6_param15": 0.0,
  "id": "GC_0054",
  "index": 53
}