{
  "creative_name": "Quantum Ambient Drift",
  "category": "Ambient",
  "description": "Slowly evolving ambient textures",
  "tags": [
    "experimental",
    "creative",
    "unconventional"
  ],
  "complexity": 0.8675942973054361,
  "brightness": 0.3213266352285728,
  "warmth": 0.2761351976809436,
  "slot1_engine": 54,
  "slot1_bypass": 0.0,
  "slot1_solo": 0.0,
  "slot1_param1": 0.2799382673690487,
  "slot1_param2": 1.0,
  "slot1_param3": 0.2532411418311859,
  "slot1_param4": 0.2548961631322451,
  "slot1_param5": 0.5127766611363536,
  "slot1_param6": 0.07201334323357877,
  "slot1_param7": 0.46327884668928027,
  "slot1_param8": 0.20089416480425248,
  "slot1_param9": 0.862634759147349,
  "slot1_param10": 0.659473513059359,
  "slot1_param11": 0.6957442646035439,
  "slot1_param12": 0.39880438102336124,
  "slot1_param13": 0.44209748431221413,
  "slot1_param14": 0.7447084013106948,
  "slot1_param15": 0.4390769066353931,
  "slot2_engine": 44,
  "slot2_bypass": 0.0,
  "slot2_solo": 0.0,
  "slot2_param1": 0.8289417936046076,
  "slot2_param2": 0.7213456034495602,
  "slot2_param3": 0.04546675749037493,
  "slot2_param4": 1.0,
  "slot2_param5": 0.8119996495199375,
  "slot2_param6": 0.8449343106750984,
  "slot2_param7": 0.10331731534845101,
  "slot2_param8": 0.7483831165653843,
  "slot2_param9": 0.29402321057301783,
  "slot2_param10": 0.4547115345128802,
  "slot2_param11": 0.29168470887593023,
  "slot2_param12": 0.6682280841107341,
  "slot2_param13": 0.626896358492502,
  "slot2_param14": 1.0,
  "slot2_param15": 0.7379392842509144,
  "slot3_engine": 56,
  "slot3_bypass": 0.0,
  "slot3_solo": 0.0,
  "slot3_param1": 0.497117136989969,
  "slot3_param2": 0.3115008790205262,
  "slot3_param3": 0.954250708809222,
  "slot3_param4": 0.2410845198470467,
  "slot3_param5": 0.46366019468184605,
  "slot3_param6": 0.7392942334792452,
  "slot3_param7": 0.5272223348718205,
  "slot3_param8": 0.869932199919504,
  "slot3_param9": 0.2319297783299236,
  "slot3_param10": 0.6096518592719191,
  "slot3_param11": 0.5839538850482657,
  "slot3_param12": 0.30373015694302957,
  "slot3_param13": 0.996437025272342,
  "slot3_param14": 0.7977845061936066,
  "slot3_param15": 0.7631482620235595,
  "slot4_engine": 51,
  "slot4_bypass": 0.0,
  "slot4_solo": 0.0,
  "slot4_param1": 0.03033306487406992,
  "slot4_param2": 0.8101788907900616,
  "slot4_param3": 0.7885964561703025,
  "slot4_param4": 0.31384979349987946,
  "slot4_param5": 0.4650174242367054,
  "slot4_param6": 0.2577892509087418,
  "slot4_param7": 0.508981532342891,
  "slot4_param8": 0.11895858009266974,
  "slot4_param9": 1.0,
  "slot4_param10": 0.0517925053501162,
  "slot4_param11": 0.7815558978156494,
  "slot4_param12": 0.5891218207262287,
  "slot4_param13": 0.1036589439220908,
  "slot4_param14": 0.8174403553321172,
  "slot4_param15": 0.5570004138737088,
  "slot5_engine": 52,
  "slot5_bypass": 0.0,
  "slot5_solo": 0.0,
  "slot5_param1": 0.25725669878384294,
  "slot5_param2": 0.65520917301106,
  "slot5_param3": 0.8451505489558546,
  "slot5_param4": 0.7038368402343695,
  "slot5_param5": 0.804666582802692,
  "slot5_param6": 0.07552981622338445,
  "slot5_param7": 0.5627461163168745,
  "slot5_param8": 0.088150459947965,
  "slot5_param9": 0.8230142677299117,
  "slot5_param10": 0.3718295036382215,
  "slot5_param11": 0.9550514060967834,
  "slot5_param12": 0.7528411008910063,
  "slot5_param13": 0.008839105142130599,
  "slot5_param14": 0.6388695210183725,
  "slot5_param15": 0.45308828692811415,
  "slot6_engine": 0,
  "slot6_bypass": 1.0,
  "slot6_solo": 0.0,
  "slot6_param1": 0.0,
  "slot6_param2": 0.0,
  "slot6_param3": 0.0,
  "slot6_param4": 0.0,
  "slot6_param5": 0.0,
  "slot6_param6": 0.0,
  "slot6_param7": 0.0,
  "slot6_param8": 0.0,
  "slot6_param9": 0.0,
  "slot6_param10": 0.0,
  "slot6_param11": 0.0,
  "slot6_param12": 0.0,
  "slot6_param13": 0.0,
  "slot6_param14": 0.0,
  "slot6_param15": 0.0,
  "id": "GC_0037",
  "index": 36
}