{
  "creative_name": "Spectral Freeze Stutter Particles",
  "category": "Glitch",
  "description": "Frozen spectral content with chaotic amplitude",
  "tags": [
    "experimental",
    "creative",
    "unconventional",
    "trippy",
    "morphing",
    "colorful"
  ],
  "complexity": 0.9646267861791271,
  "brightness": 0.316048808112981,
  "warmth": 0.45966060310189666,
  "slot1_engine": 54,
  "slot1_bypass": 0.0,
  "slot1_solo": 0.0,
  "slot1_param1": 0.7612971475652859,
  "slot1_param2": 0.3831357866642083,
  "slot1_param3": 1.0,
  "slot1_param4": 0.2675421755113689,
  "slot1_param5": 0.9236972115322777,
  "slot1_param6": 0.5442015161183109,
  "slot1_param7": 0.20475998271939116,
  "slot1_param8": 0.7447051694449799,
  "slot1_param9": 0.5901147021515494,
  "slot1_param10": 0.7850977753049821,
  "slot1_param11": 0.6305770617053307,
  "slot1_param12": 0.43829279184076303,
  "slot1_param13": 0.4090311201744967,
  "slot1_param14": 0.4417009708002281,
  "slot1_param15": 0.435053497508582,
  "slot2_engine": 56,
  "slot2_bypass": 0.0,
  "slot2_solo": 0.0,
  "slot2_param1": 1.0,
  "slot2_param2": 0.3761432735117505,
  "slot2_param3": 1.0,
  "slot2_param4": 0.14891124663143288,
  "slot2_param5": 0.8504514715402025,
  "slot2_param6": 0.2866772683501363,
  "slot2_param7": 0.2528210082490648,
  "slot2_param8": 1.0,
  "slot2_param9": 0.19269564204970613,
  "slot2_param10": 0.8903803155658088,
  "slot2_param11": 0.7539503617710108,
  "slot2_param12": 0.09993287311958671,
  "slot2_param13": 0.5797284749307344,
  "slot2_param14": 0.4871561184082621,
  "slot2_param15": 0.7301181536669228,
  "slot3_engine": 52,
  "slot3_bypass": 0.0,
  "slot3_solo": 0.0,
  "slot3_param1": 0.0,
  "slot3_param2": 0.9304105521035031,
  "slot3_param3": 0.7290076470022049,
  "slot3_param4": 0.6656776695595428,
  "slot3_param5": 0.7156523839640403,
  "slot3_param6": 0.012957115313463996,
  "slot3_param7": 0.43882126284774564,
  "slot3_param8": 0.14787504447806288,
  "slot3_param9": 0.8764356583505692,
  "slot3_param10": 0.4461147770123974,
  "slot3_param11": 0.8459993306248048,
  "slot3_param12": 0.5282118160896514,
  "slot3_param13": 0.4259726733040488,
  "slot3_param14": 0.5793731138663645,
  "slot3_param15": 0.499184866154936,
  "slot4_engine": 0,
  "slot4_bypass": 1.0,
  "slot4_solo": 0.0,
  "slot4_param1": 0.0,
  "slot4_param2": 0.0,
  "slot4_param3": 0.0,
  "slot4_param4": 0.0,
  "slot4_param5": 0.0,
  "slot4_param6": 0.0,
  "slot4_param7": 0.0,
  "slot4_param8": 0.0,
  "slot4_param9": 0.0,
  "slot4_param10": 0.0,
  "slot4_param11": 0.0,
  "slot4_param12": 0.0,
  "slot4_param13": 0.0,
  "slot4_param14": 0.0,
  "slot4_param15": 0.0,
  "slot5_engine": 0,
  "slot5_bypass": 1.0,
  "slot5_solo": 0.0,
  "slot5_param1": 0.0,
  "slot5_param2": 0.0,
  "slot5_param3": 0.0,
  "slot5_param4": 0.0,
  "slot5_param5": 0.0,
  "slot5_param6": 0.0,
  "slot5_param7": 0.0,
  "slot5_param8": 0.0,
  "slot5_param9": 0.0,
  "slot5_param10": 0.0,
  "slot5_param11": 0.0,
  "slot5_param12": 0.0,
  "slot5_param13": 0.0,
  "slot5_param14": 0.0,
  "slot5_param15": 0.0,
  "slot6_engine": 0,
  "slot6_bypass": 1.0,
  "slot6_solo": 0.0,
  "slot6_param1": 0.0,
  "slot6_param2": 0.0,
  "slot6_param3": 0.0,
  "slot6_param4": 0.0,
  "slot6_param5": 0.0,
  "slot6_param6": 0.0,
  "slot6_param7": 0.0,
  "slot6_param8": 0.0,
  "slot6_param9": 0.0,
  "slot6_param10": 0.0,
  "slot6_param11": 0.0,
  "slot6_param12": 0.0,
  "slot6_param13": 0.0,
  "slot6_param14": 0.0,
  "slot6_param15": 0.0,
  "id": "GC_0095",
  "context": "Psychedelic",
  "index": 94
}