{
  "creative_name": "Formant Web Flux",
  "category": "Ambient",
  "description": "Formant-shaped feedback network",
  "tags": [
    "experimental",
    "creative",
    "unconventional"
  ],
  "complexity": 0.8067468305326498,
  "brightness": 0.40805939667575397,
  "warmth": 0.49859025321863076,
  "slot1_engine": 32,
  "slot1_bypass": 0.0,
  "slot1_solo": 0.0,
  "slot1_param1": 0.5809722334961281,
  "slot1_param2": 1.0,
  "slot1_param3": 0.14603278777976597,
  "slot1_param4": 1.0,
  "slot1_param5": 0.5716063507532673,
  "slot1_param6": 0.6241815538241294,
  "slot1_param7": 0.10444875500095308,
  "slot1_param8": 1.0,
  "slot1_param9": 0.34575598085548365,
  "slot1_param10": 0.7816067545535776,
  "slot1_param11": 0.17266388189783435,
  "slot1_param12": 0.7480125928362166,
  "slot1_param13": 0.22450419476928424,
  "slot1_param14": 0.49091696076402785,
  "slot1_param15": 0.6216119472342052,
  "slot2_engine": 39,
  "slot2_bypass": 0.0,
  "slot2_solo": 0.0,
  "slot2_param1": 0.3976552017019581,
  "slot2_param2": 0.8159512989799275,
  "slot2_param3": 0.3443701423004526,
  "slot2_param4": 0.5783092453145693,
  "slot2_param5": 0.8912765038821517,
  "slot2_param6": 0.24225198081491486,
  "slot2_param7": 0.713918856145347,
  "slot2_param8": 0.286589437277053,
  "slot2_param9": 0.33207079690592956,
  "slot2_param10": 0.9928047471983237,
  "slot2_param11": 0.2709616651834854,
  "slot2_param12": 0.6922313638882125,
  "slot2_param13": 0.8888602897011354,
  "slot2_param14": 0.5272071328361773,
  "slot2_param15": 0.4547924627467391,
  "slot3_engine": 45,
  "slot3_bypass": 0.0,
  "slot3_solo": 0.0,
  "slot3_param1": 0.2508026957276309,
  "slot3_param2": 0.8330895227778055,
  "slot3_param3": 0.7131814382880526,
  "slot3_param4": 0.0,
  "slot3_param5": 0.46987749065931317,
  "slot3_param6": 0.8275469600884604,
  "slot3_param7": 0.43518419669284975,
  "slot3_param8": 0.0298962791442296,
  "slot3_param9": 0.754121560276799,
  "slot3_param10": 0.4245402511687759,
  "slot3_param11": 0.8016572898239681,
  "slot3_param12": 0.409353584653502,
  "slot3_param13": 0.7072551649414215,
  "slot3_param14": 0.6638426873973868,
  "slot3_param15": 0.8668934438920799,
  "slot4_engine": 0,
  "slot4_bypass": 1.0,
  "slot4_solo": 0.0,
  "slot4_param1": 0.0,
  "slot4_param2": 0.0,
  "slot4_param3": 0.0,
  "slot4_param4": 0.0,
  "slot4_param5": 0.0,
  "slot4_param6": 0.0,
  "slot4_param7": 0.0,
  "slot4_param8": 0.0,
  "slot4_param9": 0.0,
  "slot4_param10": 0.0,
  "slot4_param11": 0.0,
  "slot4_param12": 0.0,
  "slot4_param13": 0.0,
  "slot4_param14": 0.0,
  "slot4_param15": 0.0,
  "slot5_engine": 0,
  "slot5_bypass": 1.0,
  "slot5_solo": 0.0,
  "slot5_param1": 0.0,
  "slot5_param2": 0.0,
  "slot5_param3": 0.0,
  "slot5_param4": 0.0,
  "slot5_param5": 0.0,
  "slot5_param6": 0.0,
  "slot5_param7": 0.0,
  "slot5_param8": 0.0,
  "slot5_param9": 0.0,
  "slot5_param10": 0.0,
  "slot5_param11": 0.0,
  "slot5_param12": 0.0,
  "slot5_param13": 0.0,
  "slot5_param14": 0.0,
  "slot5_param15": 0.0,
  "slot6_engine": 0,
  "slot6_bypass": 1.0,
  "slot6_solo": 0.0,
  "slot6_param1": 0.0,
  "slot6_param2": 0.0,
  "slot6_param3": 0.0,
  "slot6_param4": 0.0,
  "slot6_param5": 0.0,
  "slot6_param6": 0.0,
  "slot6_param7": 0.0,
  "slot6_param8": 0.0,
  "slot6_param9": 0.0,
  "slot6_param10": 0.0,
  "slot6_param11": 0.0,
  "slot6_param12": 0.0,
  "slot6_param13": 0.0,
  "slot6_param14": 0.0,
  "slot6_param15": 0.0,
  "id": "GC_0019",
  "index": 18
}