{
  "creative_name": "Ambient Drift Vortex",
  "category": "Glitch",
  "description": "Slowly evolving ambient textures",
  "tags": [
    "experimental",
    "creative",
    "unconventional",
    "ambient",
    "tension",
    "atmospheric"
  ],
  "complexity": 0.8257258012091422,
  "brightness": 0.6430110409847536,
  "warmth": 0.23317631457800664,
  "slot1_engine": 54,
  "slot1_bypass": 0.0,
  "slot1_solo": 0.0,
  "slot1_param1": 0.09543393636759864,
  "slot1_param2": 0.590084744268519,
  "slot1_param3": 0.4577541704322185,
  "slot1_param4": 0.1291544972537721,
  "slot1_param5": 0.7964721122703602,
  "slot1_param6": 0.02108898614016258,
  "slot1_param7": 0.4349078498923422,
  "slot1_param8": 0.0,
  "slot1_param9": 0.9174985772288348,
  "slot1_param10": 0.3267306083135731,
  "slot1_param11": 0.5579883571637533,
  "slot1_param12": 0.6022950417279014,
  "slot1_param13": 0.3990170174253236,
  "slot1_param14": 0.5948877056483561,
  "slot1_param15": 0.47646176075059415,
  "slot2_engine": 44,
  "slot2_bypass": 0.0,
  "slot2_solo": 0.0,
  "slot2_param1": 0.7996555054889588,
  "slot2_param2": 0.8592414459659015,
  "slot2_param3": 0.22346857956931748,
  "slot2_param4": 0.8342389194164033,
  "slot2_param5": 0.666007723850987,
  "slot2_param6": 0.7490533483735038,
  "slot2_param7": 0.470940911923185,
  "slot2_param8": 0.905936057369199,
  "slot2_param9": 0.33597265487498196,
  "slot2_param10": 0.823997073424048,
  "slot2_param11": 0.26772285352393754,
  "slot2_param12": 0.542077324958898,
  "slot2_param13": 0.8142175536484091,
  "slot2_param14": 0.6547478870521158,
  "slot2_param15": 0.4387650928957203,
  "slot3_engine": 56,
  "slot3_bypass": 0.0,
  "slot3_solo": 0.0,
  "slot3_param1": 0.0662836819343203,
  "slot3_param2": 0.5349606024166188,
  "slot3_param3": 0.31256467266024196,
  "slot3_param4": 0.21898429448436718,
  "slot3_param5": 0.29347677865604016,
  "slot3_param6": 0.160236002995866,
  "slot3_param7": 0.8373910538177475,
  "slot3_param8": 0.0,
  "slot3_param9": 0.6834947988855777,
  "slot3_param10": 0.5244018309044278,
  "slot3_param11": 0.7152315511614387,
  "slot3_param12": 0.23841848183270842,
  "slot3_param13": 0.23824214819114156,
  "slot3_param14": 0.5042630213282702,
  "slot3_param15": 0.6257288638069386,
  "slot4_engine": 51,
  "slot4_bypass": 0.0,
  "slot4_solo": 0.0,
  "slot4_param1": 0.0,
  "slot4_param2": 0.8327647976632635,
  "slot4_param3": 0.4351393076914166,
  "slot4_param4": 0.6673531460020734,
  "slot4_param5": 0.6923025013309032,
  "slot4_param6": 0.12943785522151985,
  "slot4_param7": 0.9086923952645765,
  "slot4_param8": 0.00908611515284749,
  "slot4_param9": 0.6509315718378857,
  "slot4_param10": 0.11165918494960464,
  "slot4_param11": 0.4140415129154572,
  "slot4_param12": 0.6889800780121529,
  "slot4_param13": 0.4709671909881906,
  "slot4_param14": 0.6641336577088408,
  "slot4_param15": 0.5951938393233744,
  "slot5_engine": 52,
  "slot5_bypass": 0.0,
  "slot5_solo": 0.0,
  "slot5_param1": 0.20737966579515818,
  "slot5_param2": 0.8261340741144968,
  "slot5_param3": 0.4107573883396286,
  "slot5_param4": 0.6552146242489765,
  "slot5_param5": 0.7859928488481676,
  "slot5_param6": 0.521219491505033,
  "slot5_param7": 0.7361197749966799,
  "slot5_param8": 0.2060382372086011,
  "slot5_param9": 0.8688796983904894,
  "slot5_param10": 0.6467233630173366,
  "slot5_param11": 0.33115668745434007,
  "slot5_param12": 0.7858391198853811,
  "slot5_param13": 0.017609387846092006,
  "slot5_param14": 0.6982767757223832,
  "slot5_param15": 0.7364614357649686,
  "slot6_engine": 0,
  "slot6_bypass": 1.0,
  "slot6_solo": 0.0,
  "slot6_param1": 0.0,
  "slot6_param2": 0.0,
  "slot6_param3": 0.0,
  "slot6_param4": 0.0,
  "slot6_param5": 0.0,
  "slot6_param6": 0.0,
  "slot6_param7": 0.0,
  "slot6_param8": 0.0,
  "slot6_param9": 0.0,
  "slot6_param10": 0.0,
  "slot6_param11": 0.0,
  "slot6_param12": 0.0,
  "slot6_param13": 0.0,
  "slot6_param14": 0.0,
  "slot6_param15": 0.0,
  "id": "GC_0111",
  "context": "Film Score",
  "index": 110
}