{
  "creative_name": "Spectral Resonance + Rhythmic Chaos Flux",
  "category": "Glitch",
  "description": "Hybrid: Resonant spectral sweeps meets Chaotic rhythmic patterns",
  "tags": [
    "experimental",
    "creative",
    "unconventional",
    "hybrid"
  ],
  "complexity": 0.7985953732478448,
  "brightness": 0.4838963203612055,
  "warmth": 0.5566502871978981,
  "slot1_engine": 54,
  "slot1_bypass": 0.0,
  "slot1_solo": 0.0,
  "slot1_param1": 0.4311413071612765,
  "slot1_param2": 0.855224156729155,
  "slot1_param3": 0.722024630009186,
  "slot1_param4": 0.44157078071604117,
  "slot1_param5": 0.23856254273805655,
  "slot1_param6": 0.5931903475153124,
  "slot1_param7": 0.7444607707439777,
  "slot1_param8": 0.40725454483831686,
  "slot1_param9": 1.0,
  "slot1_param10": 0.1399770992057598,
  "slot1_param11": 0.5253537505497472,
  "slot1_param12": 0.6631932719738373,
  "slot1_param13": 0.0,
  "slot1_param14": 0.5179620727875456,
  "slot1_param15": 0.8094072064852867,
  "slot2_engine": 56,
  "slot2_bypass": 0.0,
  "slot2_solo": 0.0,
  "slot2_param1": 1.0,
  "slot2_param2": 0.6720435400785362,
  "slot2_param3": 0.7064110396491364,
  "slot2_param4": 0.41209104308173333,
  "slot2_param5": 0.9703175922228817,
  "slot2_param6": 0.32057347183751245,
  "slot2_param7": 0.005409976221730839,
  "slot2_param8": 0.5762953956684557,
  "slot2_param9": 0.15208235895093222,
  "slot2_param10": 0.5595078068751176,
  "slot2_param11": 0.7903247615251637,
  "slot2_param12": 0.23639970649896702,
  "slot2_param13": 1.0,
  "slot2_param14": 0.2647474142999371,
  "slot2_param15": 0.6660081931331041,
  "slot3_engine": 31,
  "slot3_bypass": 0.0,
  "slot3_solo": 0.0,
  "slot3_param1": 0.2764145714554289,
  "slot3_param2": 0.700407965022505,
  "slot3_param3": 0.8520556336886732,
  "slot3_param4": 0.5189366907255575,
  "slot3_param5": 0.7123384727536282,
  "slot3_param6": 0.18297514908262466,
  "slot3_param7": 0.4776652807153313,
  "slot3_param8": 0.3810430044789524,
  "slot3_param9": 0.7303799321632505,
  "slot3_param10": 0.19856071949077236,
  "slot3_param11": 1.0,
  "slot3_param12": 0.0,
  "slot3_param13": 0.9148050357446349,
  "slot3_param14": 0.43552796514285075,
  "slot3_param15": 0.5461310986221029,
  "slot4_engine": 45,
  "slot4_bypass": 0.0,
  "slot4_solo": 0.0,
  "slot4_param1": 0.08168782971305155,
  "slot4_param2": 0.5679126631922595,
  "slot4_param3": 1.0,
  "slot4_param4": 0.35123826381579526,
  "slot4_param5": 0.2906758679997096,
  "slot4_param6": 0.5260562112174904,
  "slot4_param7": 0.4561407213383995,
  "slot4_param8": 0.4618983207923884,
  "slot4_param9": 0.5757229422551576,
  "slot4_param10": 0.35898341832861513,
  "slot4_param11": 0.9812524425143729,
  "slot4_param12": 0.025951387876207432,
  "slot4_param13": 1.0,
  "slot4_param14": 0.447770933547683,
  "slot4_param15": 0.7031137246587802,
  "slot5_engine": 52,
  "slot5_bypass": 0.0,
  "slot5_solo": 0.0,
  "slot5_param1": 0.0,
  "slot5_param2": 1.0,
  "slot5_param3": 0.2696312176012442,
  "slot5_param4": 0.22461493561619977,
  "slot5_param5": 0.18206101482483117,
  "slot5_param6": 0.539194799715105,
  "slot5_param7": 0.7671986299440683,
  "slot5_param8": 0.0,
  "slot5_param9": 0.75792574762434,
  "slot5_param10": 0.29670647364072866,
  "slot5_param11": 0.833596445331574,
  "slot5_param12": 0.7129271387340888,
  "slot5_param13": 0.5736011171985465,
  "slot5_param14": 0.8672611450182046,
  "slot5_param15": 0.5621178026820591,
  "slot6_engine": 0,
  "slot6_bypass": 1.0,
  "slot6_solo": 0.0,
  "slot6_param1": 0.0,
  "slot6_param2": 0.0,
  "slot6_param3": 0.0,
  "slot6_param4": 0.0,
  "slot6_param5": 0.0,
  "slot6_param6": 0.0,
  "slot6_param7": 0.0,
  "slot6_param8": 0.0,
  "slot6_param9": 0.0,
  "slot6_param10": 0.0,
  "slot6_param11": 0.0,
  "slot6_param12": 0.0,
  "slot6_param13": 0.0,
  "slot6_param14": 0.0,
  "slot6_param15": 0.0,
  "id": "GC_0148",
  "index": 147
}