{
  "creative_name": "Resonant Modulation Cascade",
  "category": "Ambient",
  "description": "Resonant filtering with chaotic modulation",
  "tags": [
    "experimental",
    "creative",
    "unconventional"
  ],
  "complexity": 0.6980045763838393,
  "brightness": 0.614724114378266,
  "warmth": 0.2166740728810202,
  "slot1_engine": 31,
  "slot1_bypass": 0.0,
  "slot1_solo": 0.0,
  "slot1_param1": 0.389001985269519,
  "slot1_param2": 0.8374582179075685,
  "slot1_param3": 0.4459919013209465,
  "slot1_param4": 0.9986717901477139,
  "slot1_param5": 0.5751106141603857,
  "slot1_param6": 0.905287876012737,
  "slot1_param7": 0.1515331524657794,
  "slot1_param8": 1.0,
  "slot1_param9": 0.7474711260800603,
  "slot1_param10": 0.6140823884431661,
  "slot1_param11": 0.4062998959162971,
  "slot1_param12": 0.7264435836511547,
  "slot1_param13": 0.15035912540062035,
  "slot1_param14": 0.537005357562055,
  "slot1_param15": 0.4925647315789707,
  "slot2_engine": 56,
  "slot2_bypass": 0.0,
  "slot2_solo": 0.0,
  "slot2_param1": 0.0,
  "slot2_param2": 0.5405401605818059,
  "slot2_param3": 0.6801436807955961,
  "slot2_param4": 0.353748708448835,
  "slot2_param5": 0.32396185065056116,
  "slot2_param6": 0.19892712782785313,
  "slot2_param7": 0.6354592232024615,
  "slot2_param8": 0.09972862487882406,
  "slot2_param9": 0.9169034994784795,
  "slot2_param10": 0.2520886453898611,
  "slot2_param11": 0.6616700768979689,
  "slot2_param12": 0.5961910514022222,
  "slot2_param13": 0.08937350290263824,
  "slot2_param14": 0.6412288838503697,
  "slot2_param15": 0.7558374380596893,
  "slot3_engine": 37,
  "slot3_bypass": 0.0,
  "slot3_solo": 0.0,
  "slot3_param1": 0.48174402620223533,
  "slot3_param2": 0.7458912214344161,
  "slot3_param3": 0.1673896759644599,
  "slot3_param4": 0.44940513746294075,
  "slot3_param5": 0.6985070540277927,
  "slot3_param6": 0.0,
  "slot3_param7": 0.8263749737242394,
  "slot3_param8": 0.3491685775376846,
  "slot3_param9": 0.7105487199131556,
  "slot3_param10": 0.8075805462809977,
  "slot3_param11": 0.1025251511082701,
  "slot3_param12": 0.37504447303913374,
  "slot3_param13": 0.7731957025221147,
  "slot3_param14": 0.6596116836740645,
  "slot3_param15": 0.6875066033340496,
  "slot4_engine": 43,
  "slot4_bypass": 0.0,
  "slot4_solo": 0.0,
  "slot4_param1": 0.9963351257567239,
  "slot4_param2": 0.9465460003930055,
  "slot4_param3": 0.3178985443075616,
  "slot4_param4": 0.9043635676933139,
  "slot4_param5": 0.4099638089072992,
  "slot4_param6": 0.9469883655005983,
  "slot4_param7": 0.17000383476020983,
  "slot4_param8": 0.8634918986291189,
  "slot4_param9": 0.5417745277984762,
  "slot4_param10": 1.0,
  "slot4_param11": 0.26143216827356214,
  "slot4_param12": 0.46515211958668634,
  "slot4_param13": 0.7415083516255565,
  "slot4_param14": 0.7511085726455526,
  "slot4_param15": 0.7532380461577322,
  "slot5_engine": 0,
  "slot5_bypass": 1.0,
  "slot5_solo": 0.0,
  "slot5_param1": 0.0,
  "slot5_param2": 0.0,
  "slot5_param3": 0.0,
  "slot5_param4": 0.0,
  "slot5_param5": 0.0,
  "slot5_param6": 0.0,
  "slot5_param7": 0.0,
  "slot5_param8": 0.0,
  "slot5_param9": 0.0,
  "slot5_param10": 0.0,
  "slot5_param11": 0.0,
  "slot5_param12": 0.0,
  "slot5_param13": 0.0,
  "slot5_param14": 0.0,
  "slot5_param15": 0.0,
  "slot6_engine": 0,
  "slot6_bypass": 1.0,
  "slot6_solo": 0.0,
  "slot6_param1": 0.0,
  "slot6_param2": 0.0,
  "slot6_param3": 0.0,
  "slot6_param4": 0.0,
  "slot6_param5": 0.0,
  "slot6_param6": 0.0,
  "slot6_param7": 0.0,
  "slot6_param8": 0.0,
  "slot6_param9": 0.0,
  "slot6_param10": 0.0,
  "slot6_param11": 0.0,
  "slot6_param12": 0.0,
  "slot6_param13": 0.0,
  "slot6_param14": 0.0,
  "slot6_param15": 0.0,
  "id": "GC_0041",
  "index": 40
}