{
  "creative_name": "Kaleidoscope Granular Feedback Madness",
  "category": "Spatial",
  "description": "Dense granular texture with metallic feedback",
  "tags": [
    "experimental",
    "creative",
    "unconventional",
    "trippy",
    "morphing",
    "colorful"
  ],
  "complexity": 0.6172993707366531,
  "brightness": 0.4782272007899399,
  "warmth": 0.37397358086855637,
  "slot1_engine": 55,
  "slot1_bypass": 0.0,
  "slot1_solo": 0.0,
  "slot1_param1": 0.7330702238694642,
  "slot1_param2": 0.24948696394676106,
  "slot1_param3": 0.6402306597183856,
  "slot1_param4": 0.5004371973564866,
  "slot1_param5": 0.4930089640767962,
  "slot1_param6": 0.2524103213785404,
  "slot1_param7": 0.1131435285037348,
  "slot1_param8": 0.7277096352542224,
  "slot1_param9": 0.5421114100113312,
  "slot1_param10": 0.5744410045280962,
  "slot1_param11": 0.697224610783196,
  "slot1_param12": 0.3761432590461545,
  "slot1_param13": 0.7094727886184737,
  "slot1_param14": 0.6962275901924388,
  "slot1_param15": 0.6423174334041583,
  "slot2_engine": 53,
  "slot2_bypass": 0.0,
  "slot2_solo": 0.0,
  "slot2_param1": 0.037255184969160804,
  "slot2_param2": 0.9244634682313108,
  "slot2_param3": 0.6434301691390143,
  "slot2_param4": 0.663267434154184,
  "slot2_param5": 0.33666372993256577,
  "slot2_param6": 0.3454559073274225,
  "slot2_param7": 0.88070844592396,
  "slot2_param8": 0.0,
  "slot2_param9": 1.0,
  "slot2_param10": 0.5227887038389485,
  "slot2_param11": 0.5006079804114622,
  "slot2_param12": 0.606770470703833,
  "slot2_param13": 0.30887020052337705,
  "slot2_param14": 0.5851792901101274,
  "slot2_param15": 0.554081114800816,
  "slot3_engine": 27,
  "slot3_bypass": 0.0,
  "slot3_solo": 0.0,
  "slot3_param1": 0.0,
  "slot3_param2": 0.8121504488413336,
  "slot3_param3": 0.5204931028515444,
  "slot3_param4": 0.25477658515026635,
  "slot3_param5": 0.47151203083863674,
  "slot3_param6": 0.2735402961920798,
  "slot3_param7": 0.9669493773670303,
  "slot3_param8": 0.48834931587456987,
  "slot3_param9": 1.0,
  "slot3_param10": 0.607040878368813,
  "slot3_param11": 0.8909678520985544,
  "slot3_param12": 0.36236609669670816,
  "slot3_param13": 0.30629150363771,
  "slot3_param14": 1.0,
  "slot3_param15": 0.49941261345718596,
  "slot4_engine": 45,
  "slot4_bypass": 0.0,
  "slot4_solo": 0.0,
  "slot4_param1": 1.0,
  "slot4_param2": 0.8352357866347518,
  "slot4_param3": 0.1876030561302337,
  "slot4_param4": 0.8948908821712002,
  "slot4_param5": 0.7013896664584813,
  "slot4_param6": 0.9292493278471383,
  "slot4_param7": 0.6963332064960428,
  "slot4_param8": 1.0,
  "slot4_param9": 0.151963547679515,
  "slot4_param10": 0.6502785562057684,
  "slot4_param11": 0.34008924145231667,
  "slot4_param12": 0.9300664407671886,
  "slot4_param13": 0.5994598148253741,
  "slot4_param14": 0.6157554399446961,
  "slot4_param15": 0.6966130256172488,
  "slot5_engine": 0,
  "slot5_bypass": 1.0,
  "slot5_solo": 0.0,
  "slot5_param1": 0.0,
  "slot5_param2": 0.0,
  "slot5_param3": 0.0,
  "slot5_param4": 0.0,
  "slot5_param5": 0.0,
  "slot5_param6": 0.0,
  "slot5_param7": 0.0,
  "slot5_param8": 0.0,
  "slot5_param9": 0.0,
  "slot5_param10": 0.0,
  "slot5_param11": 0.0,
  "slot5_param12": 0.0,
  "slot5_param13": 0.0,
  "slot5_param14": 0.0,
  "slot5_param15": 0.0,
  "slot6_engine": 0,
  "slot6_bypass": 1.0,
  "slot6_solo": 0.0,
  "slot6_param1": 0.0,
  "slot6_param2": 0.0,
  "slot6_param3": 0.0,
  "slot6_param4": 0.0,
  "slot6_param5": 0.0,
  "slot6_param6": 0.0,
  "slot6_param7": 0.0,
  "slot6_param8": 0.0,
  "slot6_param9": 0.0,
  "slot6_param10": 0.0,
  "slot6_param11": 0.0,
  "slot6_param12": 0.0,
  "slot6_param13": 0.0,
  "slot6_param14": 0.0,
  "slot6_param15": 0.0,
  "id": "GC_0110",
  "context": "Psychedelic",
  "index": 109
}