{
  "creative_name": "Quantum Resonant Modulation",
  "category": "Spatial",
  "description": "Resonant filtering with chaotic modulation",
  "tags": [
    "experimental",
    "creative",
    "unconventional"
  ],
  "complexity": 0.9425323465784083,
  "brightness": 0.5434130549304862,
  "warmth": 0.627015500171183,
  "slot1_engine": 31,
  "slot1_bypass": 0.0,
  "slot1_solo": 0.0,
  "slot1_param1": 0.6867294288573375,
  "slot1_param2": 0.790800357385598,
  "slot1_param3": 0.41302040250442373,
  "slot1_param4": 0.6858433721903914,
  "slot1_param5": 0.2209678819375525,
  "slot1_param6": 0.8412973983260039,
  "slot1_param7": 0.3968460691708018,
  "slot1_param8": 1.0,
  "slot1_param9": 0.2924623824968517,
  "slot1_param10": 0.6398773379015515,
  "slot1_param11": 0.4347579371471215,
  "slot1_param12": 0.8143375715590238,
  "slot1_param13": 0.5816753976209342,
  "slot1_param14": 0.6097795775107586,
  "slot1_param15": 0.40298538826964114,
  "slot2_engine": 56,
  "slot2_bypass": 0.0,
  "slot2_solo": 0.0,
  "slot2_param1": 0.19168945567321155,
  "slot2_param2": 0.8825237587632264,
  "slot2_param3": 0.7237403467421273,
  "slot2_param4": 0.3981665405852195,
  "slot2_param5": 0.3602663230383385,
  "slot2_param6": 0.2870361541312999,
  "slot2_param7": 0.7093641934895185,
  "slot2_param8": 0.1746400148467594,
  "slot2_param9": 1.0,
  "slot2_param10": 0.5450324277776912,
  "slot2_param11": 0.5756296363535196,
  "slot2_param12": 0.5235702410769881,
  "slot2_param13": 0.2653917096219334,
  "slot2_param14": 0.931852225424554,
  "slot2_param15": 0.6829202594059021,
  "slot3_engine": 37,
  "slot3_bypass": 0.0,
  "slot3_solo": 0.0,
  "slot3_param1": 0.6654230563452022,
  "slot3_param2": 0.6418007975993583,
  "slot3_param3": 0.28379484412790845,
  "slot3_param4": 0.7807347190775719,
  "slot3_param5": 1.0,
  "slot3_param6": 0.2511996587708293,
  "slot3_param7": 0.5748199057836202,
  "slot3_param8": 0.48196664098538367,
  "slot3_param9": 0.29090954675959124,
  "slot3_param10": 0.6703765847643134,
  "slot3_param11": 0.1349984540056039,
  "slot3_param12": 0.7957976139439594,
  "slot3_param13": 0.8703614176608889,
  "slot3_param14": 0.4964541573320398,
  "slot3_param15": 0.7305161158817395,
  "slot4_engine": 43,
  "slot4_bypass": 0.0,
  "slot4_solo": 0.0,
  "slot4_param1": 0.937184374359773,
  "slot4_param2": 1.0,
  "slot4_param3": 0.3711714723430103,
  "slot4_param4": 0.7679149540403707,
  "slot4_param5": 0.7739466958853063,
  "slot4_param6": 0.5341604102651334,
  "slot4_param7": 0.5792226276027624,
  "slot4_param8": 0.9328056006605323,
  "slot4_param9": 0.32830412056240554,
  "slot4_param10": 0.7300212657592742,
  "slot4_param11": 0.4289592710436416,
  "slot4_param12": 0.5619736341027244,
  "slot4_param13": 0.6202920811802256,
  "slot4_param14": 0.861077421930904,
  "slot4_param15": 0.7886560126640272,
  "slot5_engine": 0,
  "slot5_bypass": 1.0,
  "slot5_solo": 0.0,
  "slot5_param1": 0.0,
  "slot5_param2": 0.0,
  "slot5_param3": 0.0,
  "slot5_param4": 0.0,
  "slot5_param5": 0.0,
  "slot5_param6": 0.0,
  "slot5_param7": 0.0,
  "slot5_param8": 0.0,
  "slot5_param9": 0.0,
  "slot5_param10": 0.0,
  "slot5_param11": 0.0,
  "slot5_param12": 0.0,
  "slot5_param13": 0.0,
  "slot5_param14": 0.0,
  "slot5_param15": 0.0,
  "slot6_engine": 0,
  "slot6_bypass": 1.0,
  "slot6_solo": 0.0,
  "slot6_param1": 0.0,
  "slot6_param2": 0.0,
  "slot6_param3": 0.0,
  "slot6_param4": 0.0,
  "slot6_param5": 0.0,
  "slot6_param6": 0.0,
  "slot6_param7": 0.0,
  "slot6_param8": 0.0,
  "slot6_param9": 0.0,
  "slot6_param10": 0.0,
  "slot6_param11": 0.0,
  "slot6_param12": 0.0,
  "slot6_param13": 0.0,
  "slot6_param14": 0.0,
  "slot6_param15": 0.0,
  "id": "GC_0026",
  "index": 25
}