{
  "creative_name": "Rhythmic Chaos Flux",
  "category": "Ambient",
  "description": "Chaotic rhythmic patterns",
  "tags": [
    "experimental",
    "creative",
    "unconventional"
  ],
  "complexity": 0.7458990639997984,
  "brightness": 0.7472759348006417,
  "warmth": 0.2697230925068377,
  "slot1_engine": 56,
  "slot1_bypass": 0.0,
  "slot1_solo": 0.0,
  "slot1_param1": 0.7505861140448529,
  "slot1_param2": 0.5448799000050746,
  "slot1_param3": 0.7115899579376317,
  "slot1_param4": 0.27295744914762,
  "slot1_param5": 0.894792478156208,
  "slot1_param6": 0.4420491554763387,
  "slot1_param7": 0.2926130946055427,
  "slot1_param8": 0.6739512932171133,
  "slot1_param9": 0.4416266229091415,
  "slot1_param10": 0.3812064347470877,
  "slot1_param11": 0.6549247718155299,
  "slot1_param12": 0.5341957479007209,
  "slot1_param13": 0.9991208097994076,
  "slot1_param14": 0.22615931559423497,
  "slot1_param15": 0.5992413209615086,
  "slot2_engine": 5,
  "slot2_bypass": 0.0,
  "slot2_solo": 0.0,
  "slot2_param1": 0.0,
  "slot2_param2": 0.8709425658715568,
  "slot2_param3": 0.6125013779572187,
  "slot2_param4": 0.6843890051438439,
  "slot2_param5": 0.6699164055022548,
  "slot2_param6": 0.34695915945682443,
  "slot2_param7": 0.8197710123879614,
  "slot2_param8": 0.0,
  "slot2_param9": 1.0,
  "slot2_param10": 0.3500526025882192,
  "slot2_param11": 0.8528747733907173,
  "slot2_param12": 0.7542784621273633,
  "slot2_param13": 0.36668074598029565,
  "slot2_param14": 0.7110353324030729,
  "slot2_param15": 0.7005796026659753,
  "slot3_engine": 45,
  "slot3_bypass": 0.0,
  "slot3_solo": 0.0,
  "slot3_param1": 0.8906628139430859,
  "slot3_param2": 0.7981179142712485,
  "slot3_param3": 0.26929071817762495,
  "slot3_param4": 1.0,
  "slot3_param5": 0.7228698721024752,
  "slot3_param6": 0.6091471050089587,
  "slot3_param7": 0.2834385463275658,
  "slot3_param8": 0.7411328706525291,
  "slot3_param9": 0.43812803534246786,
  "slot3_param10": 1.0,
  "slot3_param11": 0.4380917709401049,
  "slot3_param12": 0.5412596068142912,
  "slot3_param13": 0.3544754526968652,
  "slot3_param14": 1.0,
  "slot3_param15": 0.6952046287521702,
  "slot4_engine": 0,
  "slot4_bypass": 1.0,
  "slot4_solo": 0.0,
  "slot4_param1": 0.0,
  "slot4_param2": 0.0,
  "slot4_param3": 0.0,
  "slot4_param4": 0.0,
  "slot4_param5": 0.0,
  "slot4_param6": 0.0,
  "slot4_param7": 0.0,
  "slot4_param8": 0.0,
  "slot4_param9": 0.0,
  "slot4_param10": 0.0,
  "slot4_param11": 0.0,
  "slot4_param12": 0.0,
  "slot4_param13": 0.0,
  "slot4_param14": 0.0,
  "slot4_param15": 0.0,
  "slot5_engine": 0,
  "slot5_bypass": 1.0,
  "slot5_solo": 0.0,
  "slot5_param1": 0.0,
  "slot5_param2": 0.0,
  "slot5_param3": 0.0,
  "slot5_param4": 0.0,
  "slot5_param5": 0.0,
  "slot5_param6": 0.0,
  "slot5_param7": 0.0,
  "slot5_param8": 0.0,
  "slot5_param9": 0.0,
  "slot5_param10": 0.0,
  "slot5_param11": 0.0,
  "slot5_param12": 0.0,
  "slot5_param13": 0.0,
  "slot5_param14": 0.0,
  "slot5_param15": 0.0,
  "slot6_engine": 0,
  "slot6_bypass": 1.0,
  "slot6_solo": 0.0,
  "slot6_param1": 0.0,
  "slot6_param2": 0.0,
  "slot6_param3": 0.0,
  "slot6_param4": 0.0,
  "slot6_param5": 0.0,
  "slot6_param6": 0.0,
  "slot6_param7": 0.0,
  "slot6_param8": 0.0,
  "slot6_param9": 0.0,
  "slot6_param10": 0.0,
  "slot6_param11": 0.0,
  "slot6_param12": 0.0,
  "slot6_param13": 0.0,
  "slot6_param14": 0.0,
  "slot6_param15": 0.0,
  "id": "GC_0049",
  "index": 48
}