{
  "creative_name": "Prismatic Chaotic Spectral Morphing",
  "category": "Ambient",
  "description": "Constantly evolving spectral content with chaotic modulation",
  "tags": [
    "experimental",
    "creative",
    "unconventional"
  ],
  "complexity": 0.7574961599610297,
  "brightness": 0.4474154482614141,
  "warmth": 0.23214948749464798,
  "slot1_engine": 56,
  "slot1_bypass": 0.0,
  "slot1_solo": 0.0,
  "slot1_param1": 0.03814158594998415,
  "slot1_param2": 0.6054843685088493,
  "slot1_param3": 0.24697475617065717,
  "slot1_param4": 0.5604264129672676,
  "slot1_param5": 0.27669480977255534,
  "slot1_param6": 0.6408767234108965,
  "slot1_param7": 0.9064016040238898,
  "slot1_param8": 0.36322551340355097,
  "slot1_param9": 0.9441106240269463,
  "slot1_param10": 0.5653051003999195,
  "slot1_param11": 0.5005362760706205,
  "slot1_param12": 0.7559924716610149,
  "slot1_param13": 0.5951231888307082,
  "slot1_param14": 0.968364681591077,
  "slot1_param15": 0.8331917368970297,
  "slot2_engine": 54,
  "slot2_bypass": 0.0,
  "slot2_solo": 0.0,
  "slot2_param1": 0.1262371690158037,
  "slot2_param2": 0.6926112804864455,
  "slot2_param3": 0.8078673169916074,
  "slot2_param4": 0.29730405481710187,
  "slot2_param5": 0.8138201637612503,
  "slot2_param6": 0.17728086790461806,
  "slot2_param7": 0.8622749933350982,
  "slot2_param8": 0.0,
  "slot2_param9": 0.5983642570986605,
  "slot2_param10": 0.11642571096651233,
  "slot2_param11": 0.5620138608008738,
  "slot2_param12": 0.6326254174153736,
  "slot2_param13": 0.08540263434786613,
  "slot2_param14": 1.0,
  "slot2_param15": 0.8409924846112655,
  "slot3_engine": 44,
  "slot3_bypass": 0.0,
  "slot3_solo": 0.0,
  "slot3_param1": 1.0,
  "slot3_param2": 0.9009004422381235,
  "slot3_param3": 0.0,
  "slot3_param4": 0.9045264506850463,
  "slot3_param5": 0.8149424833565381,
  "slot3_param6": 0.6334799502900119,
  "slot3_param7": 0.2896683257385378,
  "slot3_param8": 0.6937601118336137,
  "slot3_param9": 0.5894854788601906,
  "slot3_param10": 0.7885024730173577,
  "slot3_param11": 0.4076080683413547,
  "slot3_param12": 0.39148473720462224,
  "slot3_param13": 0.7627385921629747,
  "slot3_param14": 1.0,
  "slot3_param15": 0.6596109439972522,
  "slot4_engine": 0,
  "slot4_bypass": 1.0,
  "slot4_solo": 0.0,
  "slot4_param1": 0.0,
  "slot4_param2": 0.0,
  "slot4_param3": 0.0,
  "slot4_param4": 0.0,
  "slot4_param5": 0.0,
  "slot4_param6": 0.0,
  "slot4_param7": 0.0,
  "slot4_param8": 0.0,
  "slot4_param9": 0.0,
  "slot4_param10": 0.0,
  "slot4_param11": 0.0,
  "slot4_param12": 0.0,
  "slot4_param13": 0.0,
  "slot4_param14": 0.0,
  "slot4_param15": 0.0,
  "slot5_engine": 0,
  "slot5_bypass": 1.0,
  "slot5_solo": 0.0,
  "slot5_param1": 0.0,
  "slot5_param2": 0.0,
  "slot5_param3": 0.0,
  "slot5_param4": 0.0,
  "slot5_param5": 0.0,
  "slot5_param6": 0.0,
  "slot5_param7": 0.0,
  "slot5_param8": 0.0,
  "slot5_param9": 0.0,
  "slot5_param10": 0.0,
  "slot5_param11": 0.0,
  "slot5_param12": 0.0,
  "slot5_param13": 0.0,
  "slot5_param14": 0.0,
  "slot5_param15": 0.0,
  "slot6_engine": 0,
  "slot6_bypass": 1.0,
  "slot6_solo": 0.0,
  "slot6_param1": 0.0,
  "slot6_param2": 0.0,
  "slot6_param3": 0.0,
  "slot6_param4": 0.0,
  "slot6_param5": 0.0,
  "slot6_param6": 0.0,
  "slot6_param7": 0.0,
  "slot6_param8": 0.0,
  "slot6_param9": 0.0,
  "slot6_param10": 0.0,
  "slot6_param11": 0.0,
  "slot6_param12": 0.0,
  "slot6_param13": 0.0,
  "slot6_param14": 0.0,
  "slot6_param15": 0.0,
  "id": "GC_0015",
  "index": 14
}