{
  "creative_name": "Harmonic Web Particles",
  "category": "Rhythmic",
  "description": "Complex harmonic textures",
  "tags": [
    "experimental",
    "creative",
    "unconventional"
  ],
  "complexity": 0.9521491831264401,
  "brightness": 0.3163060512928927,
  "warmth": 0.5163866073325111,
  "slot1_engine": 55,
  "slot1_bypass": 0.0,
  "slot1_solo": 0.0,
  "slot1_param1": 0.13522178994419778,
  "slot1_param2": 0.7024638887696466,
  "slot1_param3": 0.6632836292050592,
  "slot1_param4": 0.5648507617890385,
  "slot1_param5": 0.621955656523363,
  "slot1_param6": 0.17642874260964098,
  "slot1_param7": 0.695840522259364,
  "slot1_param8": 0.024053717657626317,
  "slot1_param9": 1.0,
  "slot1_param10": 0.4765249912838221,
  "slot1_param11": 0.4239406870965354,
  "slot1_param12": 0.568432062374024,
  "slot1_param13": 0.4551821683441178,
  "slot1_param14": 0.9691565288270207,
  "slot1_param15": 0.5256714143688266,
  "slot2_engine": 35,
  "slot2_bypass": 0.0,
  "slot2_solo": 0.0,
  "slot2_param1": 0.3352925654126312,
  "slot2_param2": 0.812311013821487,
  "slot2_param3": 0.3730141602825193,
  "slot2_param4": 0.3964080284057041,
  "slot2_param5": 1.0,
  "slot2_param6": 0.22464641812034297,
  "slot2_param7": 0.6530111799826318,
  "slot2_param8": 0.5379591620252769,
  "slot2_param9": 0.5656127594085609,
  "slot2_param10": 0.7205214296110909,
  "slot2_param11": 0.4600766124055432,
  "slot2_param12": 0.4196095221618741,
  "slot2_param13": 0.8968352075887643,
  "slot2_param14": 0.5723262437414437,
  "slot2_param15": 0.6681054792718897,
  "slot3_engine": 53,
  "slot3_bypass": 0.0,
  "slot3_solo": 0.0,
  "slot3_param1": 0.0,
  "slot3_param2": 0.9943660102972229,
  "slot3_param3": 0.8052151351919585,
  "slot3_param4": 0.4023802417680974,
  "slot3_param5": 0.3288838356865425,
  "slot3_param6": 0.4687139414934014,
  "slot3_param7": 0.902469096512664,
  "slot3_param8": 0.34172290936581734,
  "slot3_param9": 1.0,
  "slot3_param10": 0.43056911665707154,
  "slot3_param11": 0.4279290053749374,
  "slot3_param12": 0.5056166742127078,
  "slot3_param13": 0.18538200115321815,
  "slot3_param14": 0.8528104924195137,
  "slot3_param15": 0.6869623297305498,
  "slot4_engine": 52,
  "slot4_bypass": 0.0,
  "slot4_solo": 0.0,
  "slot4_param1": 0.08225755938487195,
  "slot4_param2": 0.8843447880313418,
  "slot4_param3": 0.5678477094279983,
  "slot4_param4": 0.49797842686264765,
  "slot4_param5": 0.2903184001729614,
  "slot4_param6": 0.4404029807151018,
  "slot4_param7": 0.709988530041887,
  "slot4_param8": 0.3756789427812955,
  "slot4_param9": 1.0,
  "slot4_param10": 0.6031379452649156,
  "slot4_param11": 0.5059450665587665,
  "slot4_param12": 0.6605468103638512,
  "slot4_param13": 0.18378155836191462,
  "slot4_param14": 0.9164291692347339,
  "slot4_param15": 0.8591149506276452,
  "slot5_engine": 0,
  "slot5_bypass": 1.0,
  "slot5_solo": 0.0,
  "slot5_param1": 0.0,
  "slot5_param2": 0.0,
  "slot5_param3": 0.0,
  "slot5_param4": 0.0,
  "slot5_param5": 0.0,
  "slot5_param6": 0.0,
  "slot5_param7": 0.0,
  "slot5_param8": 0.0,
  "slot5_param9": 0.0,
  "slot5_param10": 0.0,
  "slot5_param11": 0.0,
  "slot5_param12": 0.0,
  "slot5_param13": 0.0,
  "slot5_param14": 0.0,
  "slot5_param15": 0.0,
  "slot6_engine": 0,
  "slot6_bypass": 1.0,
  "slot6_solo": 0.0,
  "slot6_param1": 0.0,
  "slot6_param2": 0.0,
  "slot6_param3": 0.0,
  "slot6_param4": 0.0,
  "slot6_param5": 0.0,
  "slot6_param6": 0.0,
  "slot6_param7": 0.0,
  "slot6_param8": 0.0,
  "slot6_param9": 0.0,
  "slot6_param10": 0.0,
  "slot6_param11": 0.0,
  "slot6_param12": 0.0,
  "slot6_param13": 0.0,
  "slot6_param14": 0.0,
  "slot6_param15": 0.0,
  "id": "GC_0004",
  "index": 3
}