{
  "creative_name": "Resonant Modulation Particles",
  "category": "Harmonic",
  "description": "Resonant filtering with chaotic modulation",
  "tags": [
    "experimental",
    "creative",
    "unconventional"
  ],
  "complexity": 0.948044355766932,
  "brightness": 0.3356406731962689,
  "warmth": 0.4111522056035085,
  "slot1_engine": 31,
  "slot1_bypass": 0.0,
  "slot1_solo": 0.0,
  "slot1_param1": 0.6447613189536354,
  "slot1_param2": 1.0,
  "slot1_param3": 0.5606661194420759,
  "slot1_param4": 1.0,
  "slot1_param5": 0.2741546327980263,
  "slot1_param6": 0.4483485401430629,
  "slot1_param7": 0.5039366913257319,
  "slot1_param8": 1.0,
  "slot1_param9": 0.8423812182857552,
  "slot1_param10": 0.4046907809044811,
  "slot1_param11": 0.18322662439058085,
  "slot1_param12": 0.7650628028465498,
  "slot1_param13": 0.723550605712507,
  "slot1_param14": 0.6778268780015724,
  "slot1_param15": 0.4618579615106292,
  "slot2_engine": 56,
  "slot2_bypass": 0.0,
  "slot2_solo": 0.0,
  "slot2_param1": 0.5611998318399699,
  "slot2_param2": 0.2276125396504926,
  "slot2_param3": 1.0,
  "slot2_param4": 0.4190907834418018,
  "slot2_param5": 0.8823255809483183,
  "slot2_param6": 0.3592860202769713,
  "slot2_param7": 0.47415068189599113,
  "slot2_param8": 0.919173898448299,
  "slot2_param9": 0.17229266997673245,
  "slot2_param10": 0.23598385520239462,
  "slot2_param11": 0.5656422173654083,
  "slot2_param12": 0.0,
  "slot2_param13": 0.9142060224703551,
  "slot2_param14": 0.8364844790120198,
  "slot2_param15": 0.7078090104131636,
  "slot3_engine": 37,
  "slot3_bypass": 0.0,
  "slot3_solo": 0.0,
  "slot3_param1": 0.143217936546153,
  "slot3_param2": 0.6066866812357046,
  "slot3_param3": 0.09907335638688958,
  "slot3_param4": 0.9186929993830381,
  "slot3_param5": 0.6432748408411502,
  "slot3_param6": 0.5071102960325216,
  "slot3_param7": 0.5478965527195447,
  "slot3_param8": 0.707088207571109,
  "slot3_param9": 0.8113644409035157,
  "slot3_param10": 0.6200276879075045,
  "slot3_param11": 0.0,
  "slot3_param12": 0.8010325246247134,
  "slot3_param13": 0.967659554493018,
  "slot3_param14": 0.030843618460412947,
  "slot3_param15": 0.7208553719633773,
  "slot4_engine": 43,
  "slot4_bypass": 0.0,
  "slot4_solo": 0.0,
  "slot4_param1": 1.0,
  "slot4_param2": 1.0,
  "slot4_param3": 0.0,
  "slot4_param4": 0.9130267180634823,
  "slot4_param5": 0.5546753830152988,
  "slot4_param6": 0.643125133380287,
  "slot4_param7": 0.6856692953879713,
  "slot4_param8": 1.0,
  "slot4_param9": 0.15023652757500777,
  "slot4_param10": 0.46394764647392117,
  "slot4_param11": 0.7893380572991027,
  "slot4_param12": 0.820553322195056,
  "slot4_param13": 0.6970070173706002,
  "slot4_param14": 0.6218783545300022,
  "slot4_param15": 0.4451242409477951,
  "slot5_engine": 0,
  "slot5_bypass": 1.0,
  "slot5_solo": 0.0,
  "slot5_param1": 0.0,
  "slot5_param2": 0.0,
  "slot5_param3": 0.0,
  "slot5_param4": 0.0,
  "slot5_param5": 0.0,
  "slot5_param6": 0.0,
  "slot5_param7": 0.0,
  "slot5_param8": 0.0,
  "slot5_param9": 0.0,
  "slot5_param10": 0.0,
  "slot5_param11": 0.0,
  "slot5_param12": 0.0,
  "slot5_param13": 0.0,
  "slot5_param14": 0.0,
  "slot5_param15": 0.0,
  "slot6_engine": 0,
  "slot6_bypass": 1.0,
  "slot6_solo": 0.0,
  "slot6_param1": 0.0,
  "slot6_param2": 0.0,
  "slot6_param3": 0.0,
  "slot6_param4": 0.0,
  "slot6_param5": 0.0,
  "slot6_param6": 0.0,
  "slot6_param7": 0.0,
  "slot6_param8": 0.0,
  "slot6_param9": 0.0,
  "slot6_param10": 0.0,
  "slot6_param11": 0.0,
  "slot6_param12": 0.0,
  "slot6_param13": 0.0,
  "slot6_param14": 0.0,
  "slot6_param15": 0.0,
  "id": "GC_0048",
  "index": 47
}