{
  "creative_name": "Spectral Resonance Dreams",
  "category": "Experimental",
  "description": "Resonant spectral sweeps",
  "tags": [
    "experimental",
    "creative",
    "unconventional"
  ],
  "complexity": 0.8780351333692656,
  "brightness": 0.5197419310275428,
  "warmth": 0.38744588919464173,
  "slot1_engine": 54,
  "slot1_bypass": 0.0,
  "slot1_solo": 0.0,
  "slot1_param1": 0.2166101120362516,
  "slot1_param2": 0.8615033737643059,
  "slot1_param3": 0.4412065255946867,
  "slot1_param4": 0.2926200903460015,
  "slot1_param5": 0.7017523391608982,
  "slot1_param6": 0.5145774682138313,
  "slot1_param7": 0.6700445706802979,
  "slot1_param8": 0.054847895497610405,
  "slot1_param9": 0.8912392406008431,
  "slot1_param10": 0.3753635342974453,
  "slot1_param11": 0.5431311357535118,
  "slot1_param12": 0.4700379750911175,
  "slot1_param13": 0.1998019033133738,
  "slot1_param14": 1.0,
  "slot1_param15": 0.5546325605879321,
  "slot2_engine": 31,
  "slot2_bypass": 0.0,
  "slot2_solo": 0.0,
  "slot2_param1": 0.4474485235475504,
  "slot2_param2": 1.0,
  "slot2_param3": 0.09064355736994625,
  "slot2_param4": 0.577302757087671,
  "slot2_param5": 0.40855526631121963,
  "slot2_param6": 0.9071186115938511,
  "slot2_param7": 0.4172337901184198,
  "slot2_param8": 1.0,
  "slot2_param9": 0.7214315625336954,
  "slot2_param10": 0.8246147579019982,
  "slot2_param11": 0.5018681776562963,
  "slot2_param12": 0.8075966724394461,
  "slot2_param13": 0.3025714520133579,
  "slot2_param14": 0.49929098030047236,
  "slot2_param15": 0.7947678103317825,
  "slot3_engine": 27,
  "slot3_bypass": 0.0,
  "slot3_solo": 0.0,
  "slot3_param1": 0.3211628628465939,
  "slot3_param2": 0.8957312427896789,
  "slot3_param3": 0.46927481238376595,
  "slot3_param4": 0.5110774501140107,
  "slot3_param5": 0.5876287935554854,
  "slot3_param6": 0.3605924592661896,
  "slot3_param7": 0.5597476703637796,
  "slot3_param8": 0.3843763180004696,
  "slot3_param9": 0.6718921860734519,
  "slot3_param10": 0.2080008704237808,
  "slot3_param11": 0.6858410564292994,
  "slot3_param12": 0.3479003911627287,
  "slot3_param13": 0.19885808344335248,
  "slot3_param14": 0.7897845370740277,
  "slot3_param15": 0.5772060718461016,
  "slot4_engine": 52,
  "slot4_bypass": 0.0,
  "slot4_solo": 0.0,
  "slot4_param1": 0.29624669078302024,
  "slot4_param2": 0.9197719223297248,
  "slot4_param3": 0.6824488435287549,
  "slot4_param4": 0.33291425852451184,
  "slot4_param5": 0.40704015300065494,
  "slot4_param6": 0.14623107068226324,
  "slot4_param7": 0.8873405219057988,
  "slot4_param8": 0.0,
  "slot4_param9": 0.8544690949666706,
  "slot4_param10": 0.4678931475608942,
  "slot4_param11": 0.5170249871015955,
  "slot4_param12": 0.7174010833679736,
  "slot4_param13": 0.43311155531220047,
  "slot4_param14": 0.8131949201658489,
  "slot4_param15": 0.7572383969690186,
  "slot5_engine": 0,
  "slot5_bypass": 1.0,
  "slot5_solo": 0.0,
  "slot5_param1": 0.0,
  "slot5_param2": 0.0,
  "slot5_param3": 0.0,
  "slot5_param4": 0.0,
  "slot5_param5": 0.0,
  "slot5_param6": 0.0,
  "slot5_param7": 0.0,
  "slot5_param8": 0.0,
  "slot5_param9": 0.0,
  "slot5_param10": 0.0,
  "slot5_param11": 0.0,
  "slot5_param12": 0.0,
  "slot5_param13": 0.0,
  "slot5_param14": 0.0,
  "slot5_param15": 0.0,
  "slot6_engine": 0,
  "slot6_bypass": 1.0,
  "slot6_solo": 0.0,
  "slot6_param1": 0.0,
  "slot6_param2": 0.0,
  "slot6_param3": 0.0,
  "slot6_param4": 0.0,
  "slot6_param5": 0.0,
  "slot6_param6": 0.0,
  "slot6_param7": 0.0,
  "slot6_param8": 0.0,
  "slot6_param9": 0.0,
  "slot6_param10": 0.0,
  "slot6_param11": 0.0,
  "slot6_param12": 0.0,
  "slot6_param13": 0.0,
  "slot6_param14": 0.0,
  "slot6_param15": 0.0,
  "id": "GC_0017",
  "index": 16
}