{
  "creative_name": "Formant Web + Chaotic Spectral Morphing Echo",
  "category": "Glitch",
  "description": "Hybrid: Formant-shaped feedback network meets Constantly evolving spectral content with chaotic modulation",
  "tags": [
    "experimental",
    "creative",
    "unconventional",
    "hybrid"
  ],
  "complexity": 0.9119897141914403,
  "brightness": 0.5513806987396832,
  "warmth": 0.38649590044358495,
  "slot1_engine": 32,
  "slot1_bypass": 0.0,
  "slot1_solo": 0.0,
  "slot1_param1": 0.6983906179960933,
  "slot1_param2": 0.8908182241311164,
  "slot1_param3": 0.03460620154238425,
  "slot1_param4": 0.6085119262508465,
  "slot1_param5": 0.4854786863859224,
  "slot1_param6": 0.9428534603573013,
  "slot1_param7": 0.0008696256532695068,
  "slot1_param8": 0.8328769735339181,
  "slot1_param9": 0.15097849341327374,
  "slot1_param10": 0.8698505590208061,
  "slot1_param11": 0.1928181726931634,
  "slot1_param12": 0.46453570779316056,
  "slot1_param13": 0.3876112769376248,
  "slot1_param14": 0.4867006537438565,
  "slot1_param15": 0.4236399918993039,
  "slot2_engine": 56,
  "slot2_bypass": 0.0,
  "slot2_solo": 0.0,
  "slot2_param1": 0.2551758533667282,
  "slot2_param2": 0.8774484791690056,
  "slot2_param3": 0.9203420814080652,
  "slot2_param4": 0.362674498328562,
  "slot2_param5": 0.5584422979116268,
  "slot2_param6": 0.17024083231774859,
  "slot2_param7": 0.7567057345035781,
  "slot2_param8": 0.1860320555981524,
  "slot2_param9": 0.6958233217430227,
  "slot2_param10": 0.7209712989721166,
  "slot2_param11": 0.6497316285820979,
  "slot2_param12": 0.6619481370339759,
  "slot2_param13": 0.09456895942315524,
  "slot2_param14": 0.6962488103392757,
  "slot2_param15": 0.42107270979611783,
  "slot3_engine": 39,
  "slot3_bypass": 0.0,
  "slot3_solo": 0.0,
  "slot3_param1": 0.6774912692793954,
  "slot3_param2": 0.7137352782261226,
  "slot3_param3": 0.5427394036653703,
  "slot3_param4": 0.2533776774361822,
  "slot3_param5": 1.0,
  "slot3_param6": 0.4968728687320572,
  "slot3_param7": 0.45077471175088696,
  "slot3_param8": 0.12885001947690738,
  "slot3_param9": 0.2528233249255762,
  "slot3_param10": 0.570061837352642,
  "slot3_param11": 0.0,
  "slot3_param12": 0.7068159376773215,
  "slot3_param13": 1.0,
  "slot3_param14": 0.21171779809206073,
  "slot3_param15": 0.7549347776064009,
  "slot4_engine": 44,
  "slot4_bypass": 0.0,
  "slot4_solo": 0.0,
  "slot4_param1": 1.0,
  "slot4_param2": 0.6869120881154798,
  "slot4_param3": 0.0,
  "slot4_param4": 0.768852138877476,
  "slot4_param5": 0.6523614444827104,
  "slot4_param6": 0.519683785334057,
  "slot4_param7": 0.1075537602575457,
  "slot4_param8": 0.8404525533076674,
  "slot4_param9": 0.2571408331357863,
  "slot4_param10": 0.7667897708022615,
  "slot4_param11": 0.16983474516219327,
  "slot4_param12": 0.7072484629001963,
  "slot4_param13": 0.34684794124158497,
  "slot4_param14": 0.777219616366983,
  "slot4_param15": 0.4061564071026437,
  "slot5_engine": 52,
  "slot5_bypass": 0.0,
  "slot5_solo": 0.0,
  "slot5_param1": 0.0,
  "slot5_param2": 0.5225470769400233,
  "slot5_param3": 0.28328748590728153,
  "slot5_param4": 0.6807477832241913,
  "slot5_param5": 0.4369382312372803,
  "slot5_param6": 0.0,
  "slot5_param7": 0.9364950713921009,
  "slot5_param8": 0.5153131253882985,
  "slot5_param9": 1.0,
  "slot5_param10": 0.37539921632078865,
  "slot5_param11": 0.4853059991965509,
  "slot5_param12": 0.2127481168769002,
  "slot5_param13": 0.469418589730674,
  "slot5_param14": 0.8840750947200133,
  "slot5_param15": 0.631632128724207,
  "slot6_engine": 0,
  "slot6_bypass": 1.0,
  "slot6_solo": 0.0,
  "slot6_param1": 0.0,
  "slot6_param2": 0.0,
  "slot6_param3": 0.0,
  "slot6_param4": 0.0,
  "slot6_param5": 0.0,
  "slot6_param6": 0.0,
  "slot6_param7": 0.0,
  "slot6_param8": 0.0,
  "slot6_param9": 0.0,
  "slot6_param10": 0.0,
  "slot6_param11": 0.0,
  "slot6_param12": 0.0,
  "slot6_param13": 0.0,
  "slot6_param14": 0.0,
  "slot6_param15": 0.0,
  "id": "GC_0141",
  "index": 140
}