{
  "creative_name": "Morphing Ambient Drift",
  "category": "Spatial",
  "description": "Slowly evolving ambient textures",
  "tags": [
    "experimental",
    "creative",
    "unconventional",
    "drone",
    "meditation",
    "soundscape"
  ],
  "complexity": 0.6417171904853557,
  "brightness": 0.5714685552146878,
  "warmth": 0.38629646270376383,
  "slot1_engine": 54,
  "slot1_bypass": 0.0,
  "slot1_solo": 0.0,
  "slot1_param1": 0.0,
  "slot1_param2": 1.0,
  "slot1_param3": 0.5773200905622562,
  "slot1_param4": 0.5795819435501259,
  "slot1_param5": 0.23069785635650186,
  "slot1_param6": 0.1415056251256359,
  "slot1_param7": 0.5595934317210245,
  "slot1_param8": 0.3714596505700663,
  "slot1_param9": 1.0,
  "slot1_param10": 0.6708497886046694,
  "slot1_param11": 0.7335211982671173,
  "slot1_param12": 0.4371747157117356,
  "slot1_param13": 0.5686376144291307,
  "slot1_param14": 0.9419545924060142,
  "slot1_param15": 0.568927390357229,
  "slot2_engine": 44,
  "slot2_bypass": 0.0,
  "slot2_solo": 0.0,
  "slot2_param1": 0.2504285677970315,
  "slot2_param2": 1.0,
  "slot2_param3": 0.8655564632628843,
  "slot2_param4": 0.0,
  "slot2_param5": 0.25854924500895077,
  "slot2_param6": 0.6692074031180195,
  "slot2_param7": 0.608248255203419,
  "slot2_param8": 0.09435079003293567,
  "slot2_param9": 0.6741129400053448,
  "slot2_param10": 0.5508564672535315,
  "slot2_param11": 0.5596478806635485,
  "slot2_param12": 0.0808175943528496,
  "slot2_param13": 0.815791528923247,
  "slot2_param14": 0.343131057474774,
  "slot2_param15": 0.7971424879514002,
  "slot3_engine": 56,
  "slot3_bypass": 0.0,
  "slot3_solo": 0.0,
  "slot3_param1": 0.6845775333497425,
  "slot3_param2": 0.45800835674787665,
  "slot3_param3": 1.0,
  "slot3_param4": 0.09948046466271515,
  "slot3_param5": 0.6715084307642759,
  "slot3_param6": 0.3018946719136927,
  "slot3_param7": 0.03615618568158688,
  "slot3_param8": 1.0,
  "slot3_param9": 0.5262399977585269,
  "slot3_param10": 0.5953842409255943,
  "slot3_param11": 1.0,
  "slot3_param12": 0.25331390230442324,
  "slot3_param13": 0.9480375396469025,
  "slot3_param14": 0.22585038375687322,
  "slot3_param15": 0.8852047461438112,
  "slot4_engine": 51,
  "slot4_bypass": 0.0,
  "slot4_solo": 0.0,
  "slot4_param1": 0.0,
  "slot4_param2": 1.0,
  "slot4_param3": 0.5463493295710126,
  "slot4_param4": 0.49623009324986933,
  "slot4_param5": 0.6596885907993366,
  "slot4_param6": 0.41771431329444336,
  "slot4_param7": 0.8824004151037717,
  "slot4_param8": 0.0,
  "slot4_param9": 1.0,
  "slot4_param10": 0.12393890691434167,
  "slot4_param11": 0.4009125715422037,
  "slot4_param12": 0.24215474992781078,
  "slot4_param13": 0.4283474760877636,
  "slot4_param14": 0.9786069688340346,
  "slot4_param15": 0.4955570268831751,
  "slot5_engine": 52,
  "slot5_bypass": 0.0,
  "slot5_solo": 0.0,
  "slot5_param1": 0.0,
  "slot5_param2": 1.0,
  "slot5_param3": 0.5609810853754805,
  "slot5_param4": 0.17622004666502247,
  "slot5_param5": 0.3167742759275453,
  "slot5_param6": 0.3617602969212877,
  "slot5_param7": 0.9877211836940891,
  "slot5_param8": 0.39230003084166243,
  "slot5_param9": 0.8944244026767803,
  "slot5_param10": 0.4603958213732805,
  "slot5_param11": 0.32674403877246044,
  "slot5_param12": 0.5577476551254663,
  "slot5_param13": 0.39985090124922384,
  "slot5_param14": 0.5713212100018985,
  "slot5_param15": 0.5659381995163488,
  "slot6_engine": 0,
  "slot6_bypass": 1.0,
  "slot6_solo": 0.0,
  "slot6_param1": 0.0,
  "slot6_param2": 0.0,
  "slot6_param3": 0.0,
  "slot6_param4": 0.0,
  "slot6_param5": 0.0,
  "slot6_param6": 0.0,
  "slot6_param7": 0.0,
  "slot6_param8": 0.0,
  "slot6_param9": 0.0,
  "slot6_param10": 0.0,
  "slot6_param11": 0.0,
  "slot6_param12": 0.0,
  "slot6_param13": 0.0,
  "slot6_param14": 0.0,
  "slot6_param15": 0.0,
  "id": "GC_0098",
  "context": "Ambient",
  "index": 97
}