{
  "creative_name": "Astral Chaotic Spectral Morphing",
  "category": "Experimental",
  "description": "Constantly evolving spectral content with chaotic modulation",
  "tags": [
    "experimental",
    "creative",
    "unconventional"
  ],
  "complexity": 0.7664323714972735,
  "brightness": 0.6548424877444492,
  "warmth": 0.5038199686493481,
  "slot1_engine": 56,
  "slot1_bypass": 0.0,
  "slot1_solo": 0.0,
  "slot1_param1": 0.8875665168565732,
  "slot1_param2": 0.47163431128472155,
  "slot1_param3": 0.9196215335517861,
  "slot1_param4": 0.05871507960128303,
  "slot1_param5": 0.5413565257508397,
  "slot1_param6": 0.6221395966824256,
  "slot1_param7": 0.0,
  "slot1_param8": 1.0,
  "slot1_param9": 0.5532562315854057,
  "slot1_param10": 0.5013978418309585,
  "slot1_param11": 0.6303241161857502,
  "slot1_param12": 0.5636488182494384,
  "slot1_param13": 0.36268517995825894,
  "slot1_param14": 0.25314075203372105,
  "slot1_param15": 0.7767060167117639,
  "slot2_engine": 54,
  "slot2_bypass": 0.0,
  "slot2_solo": 0.0,
  "slot2_param1": 0.9023540091654596,
  "slot2_param2": 0.15802091712918814,
  "slot2_param3": 1.0,
  "slot2_param4": 0.5183231454035062,
  "slot2_param5": 0.45161120179747793,
  "slot2_param6": 0.7092162553772724,
  "slot2_param7": 0.08794388938518913,
  "slot2_param8": 0.5657357563255192,
  "slot2_param9": 0.5050578768549211,
  "slot2_param10": 0.35951013453004393,
  "slot2_param11": 1.0,
  "slot2_param12": 0.34986576790022866,
  "slot2_param13": 0.4843251542690201,
  "slot2_param14": 0.6037572784887749,
  "slot2_param15": 0.4230293801129875,
  "slot3_engine": 44,
  "slot3_bypass": 0.0,
  "slot3_solo": 0.0,
  "slot3_param1": 0.27259718251019316,
  "slot3_param2": 1.0,
  "slot3_param3": 0.9495593400912191,
  "slot3_param4": 0.0,
  "slot3_param5": 0.2935323863660649,
  "slot3_param6": 1.0,
  "slot3_param7": 0.6138551023693137,
  "slot3_param8": 0.4453956325038198,
  "slot3_param9": 1.0,
  "slot3_param10": 0.2622130628114612,
  "slot3_param11": 0.6164804594664594,
  "slot3_param12": 0.5038557113427811,
  "slot3_param13": 0.4815311605366247,
  "slot3_param14": 0.5107296087529747,
  "slot3_param15": 0.4824795405804572,
  "slot4_engine": 0,
  "slot4_bypass": 1.0,
  "slot4_solo": 0.0,
  "slot4_param1": 0.0,
  "slot4_param2": 0.0,
  "slot4_param3": 0.0,
  "slot4_param4": 0.0,
  "slot4_param5": 0.0,
  "slot4_param6": 0.0,
  "slot4_param7": 0.0,
  "slot4_param8": 0.0,
  "slot4_param9": 0.0,
  "slot4_param10": 0.0,
  "slot4_param11": 0.0,
  "slot4_param12": 0.0,
  "slot4_param13": 0.0,
  "slot4_param14": 0.0,
  "slot4_param15": 0.0,
  "slot5_engine": 0,
  "slot5_bypass": 1.0,
  "slot5_solo": 0.0,
  "slot5_param1": 0.0,
  "slot5_param2": 0.0,
  "slot5_param3": 0.0,
  "slot5_param4": 0.0,
  "slot5_param5": 0.0,
  "slot5_param6": 0.0,
  "slot5_param7": 0.0,
  "slot5_param8": 0.0,
  "slot5_param9": 0.0,
  "slot5_param10": 0.0,
  "slot5_param11": 0.0,
  "slot5_param12": 0.0,
  "slot5_param13": 0.0,
  "slot5_param14": 0.0,
  "slot5_param15": 0.0,
  "slot6_engine": 0,
  "slot6_bypass": 1.0,
  "slot6_solo": 0.0,
  "slot6_param1": 0.0,
  "slot6_param2": 0.0,
  "slot6_param3": 0.0,
  "slot6_param4": 0.0,
  "slot6_param5": 0.0,
  "slot6_param6": 0.0,
  "slot6_param7": 0.0,
  "slot6_param8": 0.0,
  "slot6_param9": 0.0,
  "slot6_param10": 0.0,
  "slot6_param11": 0.0,
  "slot6_param12": 0.0,
  "slot6_param13": 0.0,
  "slot6_param14": 0.0,
  "slot6_param15": 0.0,
  "id": "GC_0050",
  "index": 49
}