{
  "creative_name": "Ethereal Engineering Test 25",
  "category": "Glitch",
  "description": "Systematic exploration of BucketBrigadeDelay",
  "tags": [
    "experimental",
    "creative",
    "unconventional",
    "systematic"
  ],
  "complexity": 0.9873947195402956,
  "brightness": 0.5430174416172053,
  "warmth": 0.4352100095199234,
  "slot1_engine": 53,
  "slot1_bypass": 0.0,
  "slot1_solo": 0.0,
  "slot1_param1": 0.045828417788524395,
  "slot1_param2": 0.7977468292469512,
  "slot1_param3": 0.4728576151001343,
  "slot1_param4": 0.5538950302334167,
  "slot1_param5": 0.48562011325720844,
  "slot1_param6": 0.4688428783984775,
  "slot1_param7": 0.4561478400258091,
  "slot1_param8": 0.32350807235135326,
  "slot1_param9": 1.0,
  "slot1_param10": 0.6197789433940192,
  "slot1_param11": 0.4208757208034396,
  "slot1_param12": 0.400005006113836,
  "slot1_param13": 0.5205566952764256,
  "slot1_param14": 1.0,
  "slot1_param15": 0.7613786392947854,
  "slot2_engine": 0,
  "slot2_bypass": 1.0,
  "slot2_solo": 0.0,
  "slot2_param1": 0.0,
  "slot2_param2": 0.0,
  "slot2_param3": 0.0,
  "slot2_param4": 0.0,
  "slot2_param5": 0.0,
  "slot2_param6": 0.0,
  "slot2_param7": 0.0,
  "slot2_param8": 0.0,
  "slot2_param9": 0.0,
  "slot2_param10": 0.0,
  "slot2_param11": 0.0,
  "slot2_param12": 0.0,
  "slot2_param13": 0.0,
  "slot2_param14": 0.0,
  "slot2_param15": 0.0,
  "slot3_engine": 46,
  "slot3_bypass": 0.0,
  "slot3_solo": 0.0,
  "slot3_param1": 0.7878390547167555,
  "slot3_param2": 0.7137395165788545,
  "slot3_param3": 0.0,
  "slot3_param4": 0.6354360328686459,
  "slot3_param5": 0.6844807979602581,
  "slot3_param6": 0.6828444693164128,
  "slot3_param7": 0.6368992517623707,
  "slot3_param8": 1.0,
  "slot3_param9": 0.42437706975459105,
  "slot3_param10": 1.0,
  "slot3_param11": 0.40943496911562743,
  "slot3_param12": 0.511628722234629,
  "slot3_param13": 0.385138554026227,
  "slot3_param14": 0.7046442093502724,
  "slot3_param15": 0.5480747393106973,
  "slot4_engine": 47,
  "slot4_bypass": 0.0,
  "slot4_solo": 0.0,
  "slot4_param1": 0.13082813574580862,
  "slot4_param2": 0.8819341413604429,
  "slot4_param3": 0.3999897325759541,
  "slot4_param4": 0.5651772272781123,
  "slot4_param5": 0.5090190576105638,
  "slot4_param6": 0.5438259016053739,
  "slot4_param7": 0.8508253072147809,
  "slot4_param8": 0.2562816192071227,
  "slot4_param9": 1.0,
  "slot4_param10": 0.38743458586371804,
  "slot4_param11": 0.5305970083470961,
  "slot4_param12": 0.49533434058047254,
  "slot4_param13": 0.5051518965361733,
  "slot4_param14": 1.0,
  "slot4_param15": 0.5481779370093278,
  "slot5_engine": 0,
  "slot5_bypass": 1.0,
  "slot5_solo": 0.0,
  "slot5_param1": 0.0,
  "slot5_param2": 0.0,
  "slot5_param3": 0.0,
  "slot5_param4": 0.0,
  "slot5_param5": 0.0,
  "slot5_param6": 0.0,
  "slot5_param7": 0.0,
  "slot5_param8": 0.0,
  "slot5_param9": 0.0,
  "slot5_param10": 0.0,
  "slot5_param11": 0.0,
  "slot5_param12": 0.0,
  "slot5_param13": 0.0,
  "slot5_param14": 0.0,
  "slot5_param15": 0.0,
  "slot6_engine": 0,
  "slot6_bypass": 1.0,
  "slot6_solo": 0.0,
  "slot6_param1": 0.0,
  "slot6_param2": 0.0,
  "slot6_param3": 0.0,
  "slot6_param4": 0.0,
  "slot6_param5": 0.0,
  "slot6_param6": 0.0,
  "slot6_param7": 0.0,
  "slot6_param8": 0.0,
  "slot6_param9": 0.0,
  "slot6_param10": 0.0,
  "slot6_param11": 0.0,
  "slot6_param12": 0.0,
  "slot6_param13": 0.0,
  "slot6_param14": 0.0,
  "slot6_param15": 0.0,
  "id": "GC_0075",
  "index": 74
}