{
  "creative_name": "Harmonic Web + Harmonic Web Flux",
  "category": "Lo-Fi",
  "description": "Hybrid: Complex harmonic textures meets Complex harmonic textures",
  "tags": [
    "experimental",
    "creative",
    "unconventional",
    "hybrid"
  ],
  "complexity": 0.8786335252944981,
  "brightness": 0.41831456087627433,
  "warmth": 0.34379291467056217,
  "slot1_engine": 55,
  "slot1_bypass": 0.0,
  "slot1_solo": 0.0,
  "slot1_param1": 0.0,
  "slot1_param2": 0.6494885786728812,
  "slot1_param3": 0.7668334428083938,
  "slot1_param4": 0.05650183761778105,
  "slot1_param5": 0.5821498605864008,
  "slot1_param6": 0.339545262290006,
  "slot1_param7": 0.3993645228222162,
  "slot1_param8": 0.394295445049118,
  "slot1_param9": 1.0,
  "slot1_param10": 0.3726573726849425,
  "slot1_param11": 0.558564253660879,
  "slot1_param12": 0.4219017269017209,
  "slot1_param13": 0.591304559713896,
  "slot1_param14": 0.8700814526776057,
  "slot1_param15": 0.7806677312214089,
  "slot2_engine": 35,
  "slot2_bypass": 0.0,
  "slot2_solo": 0.0,
  "slot2_param1": 0.5169205450510611,
  "slot2_param2": 0.8230609188274847,
  "slot2_param3": 0.02337208422481879,
  "slot2_param4": 0.6322933550150351,
  "slot2_param5": 0.8391945235579932,
  "slot2_param6": 0.0,
  "slot2_param7": 0.9382136919576457,
  "slot2_param8": 0.652457877926092,
  "slot2_param9": 0.5811586738705464,
  "slot2_param10": 0.7099423817231828,
  "slot2_param11": 0.0,
  "slot2_param12": 0.8813836042053234,
  "slot2_param13": 1.0,
  "slot2_param14": 0.6783307390597048,
  "slot2_param15": 0.4120123584737049,
  "slot3_engine": 35,
  "slot3_bypass": 0.0,
  "slot3_solo": 0.0,
  "slot3_param1": 0.26666947896320703,
  "slot3_param2": 1.0,
  "slot3_param3": 0.6026071419821017,
  "slot3_param4": 0.689061894743527,
  "slot3_param5": 0.6434252742644391,
  "slot3_param6": 0.5337456833837086,
  "slot3_param7": 1.0,
  "slot3_param8": 0.33344020864067053,
  "slot3_param9": 0.40041071539175316,
  "slot3_param10": 1.0,
  "slot3_param11": 0.5358132617171147,
  "slot3_param12": 0.9164663900732297,
  "slot3_param13": 0.5581569281079297,
  "slot3_param14": 0.6729274446015788,
  "slot3_param15": 0.5064465876610487,
  "slot4_engine": 53,
  "slot4_bypass": 0.0,
  "slot4_solo": 0.0,
  "slot4_param1": 0.2795185167348502,
  "slot4_param2": 1.0,
  "slot4_param3": 0.5841625667783917,
  "slot4_param4": 0.6931183620139072,
  "slot4_param5": 0.25925065175549744,
  "slot4_param6": 0.6246293176200834,
  "slot4_param7": 0.9457335496520085,
  "slot4_param8": 0.20001131164817426,
  "slot4_param9": 0.9054329890087114,
  "slot4_param10": 0.6065513924540384,
  "slot4_param11": 0.31453098283309733,
  "slot4_param12": 0.3988273734403238,
  "slot4_param13": 0.4016853031004533,
  "slot4_param14": 0.6241757293499894,
  "slot4_param15": 0.4171201407344395,
  "slot5_engine": 52,
  "slot5_bypass": 0.0,
  "slot5_solo": 0.0,
  "slot5_param1": 0.024573453392679828,
  "slot5_param2": 0.8680948249441556,
  "slot5_param3": 0.37659057362366133,
  "slot5_param4": 0.42166013091512905,
  "slot5_param5": 0.37835597923520026,
  "slot5_param6": 0.3399671682422882,
  "slot5_param7": 0.6759775271005254,
  "slot5_param8": 0.081498734181909,
  "slot5_param9": 1.0,
  "slot5_param10": 0.508806190350787,
  "slot5_param11": 0.9247462216953276,
  "slot5_param12": 0.640321372470946,
  "slot5_param13": 0.40754216795266424,
  "slot5_param14": 0.6254156640324768,
  "slot5_param15": 0.5925148397036353,
  "slot6_engine": 0,
  "slot6_bypass": 1.0,
  "slot6_solo": 0.0,
  "slot6_param1": 0.0,
  "slot6_param2": 0.0,
  "slot6_param3": 0.0,
  "slot6_param4": 0.0,
  "slot6_param5": 0.0,
  "slot6_param6": 0.0,
  "slot6_param7": 0.0,
  "slot6_param8": 0.0,
  "slot6_param9": 0.0,
  "slot6_param10": 0.0,
  "slot6_param11": 0.0,
  "slot6_param12": 0.0,
  "slot6_param13": 0.0,
  "slot6_param14": 0.0,
  "slot6_param15": 0.0,
  "id": "GC_0129",
  "index": 128
}