{
  "creative_name": "Morphing Ambient Drift",
  "category": "Experimental",
  "description": "Slowly evolving ambient textures",
  "tags": [
    "experimental",
    "creative",
    "unconventional",
    "drone",
    "meditation",
    "soundscape"
  ],
  "complexity": 0.6153912700458509,
  "brightness": 0.5304708540212253,
  "warmth": 0.6573165199804635,
  "slot1_engine": 54,
  "slot1_bypass": 0.0,
  "slot1_solo": 0.0,
  "slot1_param1": 0.10412107847858335,
  "slot1_param2": 1.0,
  "slot1_param3": 0.5673550428960086,
  "slot1_param4": 0.2721012588195765,
  "slot1_param5": 0.3318436678046529,
  "slot1_param6": 0.5393822896435828,
  "slot1_param7": 0.7078049299009984,
  "slot1_param8": 0.0,
  "slot1_param9": 1.0,
  "slot1_param10": 0.62494568309246,
  "slot1_param11": 0.3986287175506161,
  "slot1_param12": 0.2863852758272485,
  "slot1_param13": 0.2963273605541092,
  "slot1_param14": 1.0,
  "slot1_param15": 0.5478075987973561,
  "slot2_engine": 44,
  "slot2_bypass": 0.0,
  "slot2_solo": 0.0,
  "slot2_param1": 0.5121682414849509,
  "slot2_param2": 0.5116298174710756,
  "slot2_param3": 0.7787456549640078,
  "slot2_param4": 0.0,
  "slot2_param5": 0.38233253457574484,
  "slot2_param6": 0.5441124507115213,
  "slot2_param7": 0.846468872676241,
  "slot2_param8": 0.40732349221588693,
  "slot2_param9": 1.0,
  "slot2_param10": 0.3948916542308304,
  "slot2_param11": 0.6901057806802056,
  "slot2_param12": 0.5304849023403224,
  "slot2_param13": 0.735774203437997,
  "slot2_param14": 0.745283698361856,
  "slot2_param15": 0.676207672073558,
  "slot3_engine": 56,
  "slot3_bypass": 0.0,
  "slot3_solo": 0.0,
  "slot3_param1": 0.7012748817121708,
  "slot3_param2": 0.31449079054527107,
  "slot3_param3": 1.0,
  "slot3_param4": 0.1842040445185711,
  "slot3_param5": 0.9027491607456946,
  "slot3_param6": 0.5298656255091772,
  "slot3_param7": 0.14951891791768143,
  "slot3_param8": 0.9724105391799378,
  "slot3_param9": 0.2166531732903934,
  "slot3_param10": 0.5774324670369233,
  "slot3_param11": 0.923095535569756,
  "slot3_param12": 0.27395653589260544,
  "slot3_param13": 0.7478962322784016,
  "slot3_param14": 0.6320004383499787,
  "slot3_param15": 0.6907695119281171,
  "slot4_engine": 51,
  "slot4_bypass": 0.0,
  "slot4_solo": 0.0,
  "slot4_param1": 0.3782089114276612,
  "slot4_param2": 1.0,
  "slot4_param3": 0.8748095043393971,
  "slot4_param4": 0.39066631581015604,
  "slot4_param5": 0.5971733951143674,
  "slot4_param6": 0.4504165996933881,
  "slot4_param7": 0.9964045357899156,
  "slot4_param8": 0.3928364732899041,
  "slot4_param9": 1.0,
  "slot4_param10": 0.5144635541834566,
  "slot4_param11": 0.35654392588092104,
  "slot4_param12": 0.48385469767602535,
  "slot4_param13": 0.39415654856321475,
  "slot4_param14": 0.7618921954870916,
  "slot4_param15": 0.4341357156483923,
  "slot5_engine": 52,
  "slot5_bypass": 0.0,
  "slot5_solo": 0.0,
  "slot5_param1": 0.34757734103386595,
  "slot5_param2": 1.0,
  "slot5_param3": 0.3920033986677941,
  "slot5_param4": 0.262310140782931,
  "slot5_param5": 0.5988942647038575,
  "slot5_param6": 0.34035219325386107,
  "slot5_param7": 0.5226517022268252,
  "slot5_param8": 0.4045390282522665,
  "slot5_param9": 0.8294669076019522,
  "slot5_param10": 0.5007879427167414,
  "slot5_param11": 0.323352754356449,
  "slot5_param12": 0.715455620592728,
  "slot5_param13": 0.5569793680997648,
  "slot5_param14": 0.6398538170027439,
  "slot5_param15": 0.5373532400542189,
  "slot6_engine": 0,
  "slot6_bypass": 1.0,
  "slot6_solo": 0.0,
  "slot6_param1": 0.0,
  "slot6_param2": 0.0,
  "slot6_param3": 0.0,
  "slot6_param4": 0.0,
  "slot6_param5": 0.0,
  "slot6_param6": 0.0,
  "slot6_param7": 0.0,
  "slot6_param8": 0.0,
  "slot6_param9": 0.0,
  "slot6_param10": 0.0,
  "slot6_param11": 0.0,
  "slot6_param12": 0.0,
  "slot6_param13": 0.0,
  "slot6_param14": 0.0,
  "slot6_param15": 0.0,
  "id": "GC_0108",
  "context": "Ambient",
  "index": 107
}