{
  "creative_name": "Engineering Test 13 Particles",
  "category": "Experimental",
  "description": "Systematic exploration of ChaosGenerator",
  "tags": [
    "experimental",
    "creative",
    "unconventional",
    "systematic"
  ],
  "complexity": 0.727055247283555,
  "brightness": 0.6615758759782799,
  "warmth": 0.3566250377980622,
  "slot1_engine": 56,
  "slot1_bypass": 0.0,
  "slot1_solo": 0.0,
  "slot1_param1": 0.6541576088558221,
  "slot1_param2": 0.39666207798914543,
  "slot1_param3": 0.8977256376375983,
  "slot1_param4": 0.06776385059771162,
  "slot1_param5": 0.6302341057626235,
  "slot1_param6": 0.5471142174063437,
  "slot1_param7": 0.24988355207571344,
  "slot1_param8": 0.6204902119903831,
  "slot1_param9": 0.2474883936834173,
  "slot1_param10": 0.4470068573718328,
  "slot1_param11": 1.0,
  "slot1_param12": 0.16828006756710828,
  "slot1_param13": 0.5808805586344228,
  "slot1_param14": 0.709014738536497,
  "slot1_param15": 0.45982804795340243,
  "slot2_engine": 54,
  "slot2_bypass": 0.0,
  "slot2_solo": 0.0,
  "slot2_param1": 0.9995468060818592,
  "slot2_param2": 0.35189515966208884,
  "slot2_param3": 0.8202102759191607,
  "slot2_param4": 0.16774557480657298,
  "slot2_param5": 0.522167996117092,
  "slot2_param6": 0.6633854205615592,
  "slot2_param7": 0.08142551238062601,
  "slot2_param8": 1.0,
  "slot2_param9": 0.23406405876723163,
  "slot2_param10": 0.6559930137588802,
  "slot2_param11": 0.6904351548986942,
  "slot2_param12": 0.10272678847353989,
  "slot2_param13": 0.8996937653957797,
  "slot2_param14": 0.42824617418911615,
  "slot2_param15": 0.469070424086837,
  "slot3_engine": 44,
  "slot3_bypass": 0.0,
  "slot3_solo": 0.0,
  "slot3_param1": 0.9900140071496291,
  "slot3_param2": 0.803581224270417,
  "slot3_param3": 0.23389588085104873,
  "slot3_param4": 0.8541020725973951,
  "slot3_param5": 0.6053284305458009,
  "slot3_param6": 0.7591149502829553,
  "slot3_param7": 0.48076889172266646,
  "slot3_param8": 1.0,
  "slot3_param9": 0.3685196333877573,
  "slot3_param10": 0.7687922660291389,
  "slot3_param11": 0.5877562433935968,
  "slot3_param12": 0.8957552859834446,
  "slot3_param13": 0.6797958361425824,
  "slot3_param14": 0.8272106914867836,
  "slot3_param15": 0.8017157326840834,
  "slot4_engine": 52,
  "slot4_bypass": 0.0,
  "slot4_solo": 0.0,
  "slot4_param1": 0.14976424209005126,
  "slot4_param2": 0.5834390512110557,
  "slot4_param3": 0.6133893296267666,
  "slot4_param4": 0.27663750943377663,
  "slot4_param5": 0.4320988905639814,
  "slot4_param6": 0.06746572838193077,
  "slot4_param7": 0.6863719893657324,
  "slot4_param8": 0.38181042715287533,
  "slot4_param9": 1.0,
  "slot4_param10": 0.43023155166456606,
  "slot4_param11": 0.4078717360088664,
  "slot4_param12": 0.6774171114639796,
  "slot4_param13": 0.5193848815096191,
  "slot4_param14": 0.751235798627542,
  "slot4_param15": 0.7704771352029366,
  "slot5_engine": 0,
  "slot5_bypass": 1.0,
  "slot5_solo": 0.0,
  "slot5_param1": 0.0,
  "slot5_param2": 0.0,
  "slot5_param3": 0.0,
  "slot5_param4": 0.0,
  "slot5_param5": 0.0,
  "slot5_param6": 0.0,
  "slot5_param7": 0.0,
  "slot5_param8": 0.0,
  "slot5_param9": 0.0,
  "slot5_param10": 0.0,
  "slot5_param11": 0.0,
  "slot5_param12": 0.0,
  "slot5_param13": 0.0,
  "slot5_param14": 0.0,
  "slot5_param15": 0.0,
  "slot6_engine": 0,
  "slot6_bypass": 1.0,
  "slot6_solo": 0.0,
  "slot6_param1": 0.0,
  "slot6_param2": 0.0,
  "slot6_param3": 0.0,
  "slot6_param4": 0.0,
  "slot6_param5": 0.0,
  "slot6_param6": 0.0,
  "slot6_param7": 0.0,
  "slot6_param8": 0.0,
  "slot6_param9": 0.0,
  "slot6_param10": 0.0,
  "slot6_param11": 0.0,
  "slot6_param12": 0.0,
  "slot6_param13": 0.0,
  "slot6_param14": 0.0,
  "slot6_param15": 0.0,
  "id": "GC_0063",
  "index": 62
}