{
  "creative_name": "Fractal Chaotic Spectral Morphing",
  "category": "Experimental",
  "description": "Constantly evolving spectral content with chaotic modulation",
  "tags": [
    "experimental",
    "creative",
    "unconventional"
  ],
  "complexity": 0.6975592726688228,
  "brightness": 0.34800302062822847,
  "warmth": 0.35170125693313525,
  "slot1_engine": 56,
  "slot1_bypass": 0.0,
  "slot1_solo": 0.0,
  "slot1_param1": 0.6485514834571185,
  "slot1_param2": 0.12473159509245951,
  "slot1_param3": 0.9438617715812874,
  "slot1_param4": 0.5983374139860178,
  "slot1_param5": 0.5159743711194417,
  "slot1_param6": 0.4838402713331694,
  "slot1_param7": 0.12827305116141294,
  "slot1_param8": 0.6818952944659694,
  "slot1_param9": 0.44466037470414954,
  "slot1_param10": 0.8034280616752923,
  "slot1_param11": 1.0,
  "slot1_param12": 0.44836183786775063,
  "slot1_param13": 0.706753466154775,
  "slot1_param14": 0.27453850689824244,
  "slot1_param15": 0.5023662633713213,
  "slot2_engine": 54,
  "slot2_bypass": 0.0,
  "slot2_solo": 0.0,
  "slot2_param1": 0.7341554956011783,
  "slot2_param2": 0.4376267236556699,
  "slot2_param3": 0.6655928554588619,
  "slot2_param4": 0.33140548492887334,
  "slot2_param5": 0.8378419240648114,
  "slot2_param6": 0.6055077094874451,
  "slot2_param7": 0.0,
  "slot2_param8": 0.8486377930420934,
  "slot2_param9": 0.24414612214984854,
  "slot2_param10": 0.682087148153957,
  "slot2_param11": 0.8358383486743612,
  "slot2_param12": 0.20329129565338208,
  "slot2_param13": 0.8078070310718638,
  "slot2_param14": 0.5143459562103707,
  "slot2_param15": 0.5491719243630953,
  "slot3_engine": 44,
  "slot3_bypass": 0.0,
  "slot3_solo": 0.0,
  "slot3_param1": 0.5781354513093947,
  "slot3_param2": 0.9629038428847698,
  "slot3_param3": 1.0,
  "slot3_param4": 0.39253249193478346,
  "slot3_param5": 0.3558991129546938,
  "slot3_param6": 0.5278450420996588,
  "slot3_param7": 0.35141031221134894,
  "slot3_param8": 0.26411325543168207,
  "slot3_param9": 1.0,
  "slot3_param10": 0.2814130472310984,
  "slot3_param11": 0.8537794297185166,
  "slot3_param12": 0.098786964366322,
  "slot3_param13": 0.6112870038347651,
  "slot3_param14": 0.6718219276846324,
  "slot3_param15": 0.6648323323808367,
  "slot4_engine": 0,
  "slot4_bypass": 1.0,
  "slot4_solo": 0.0,
  "slot4_param1": 0.0,
  "slot4_param2": 0.0,
  "slot4_param3": 0.0,
  "slot4_param4": 0.0,
  "slot4_param5": 0.0,
  "slot4_param6": 0.0,
  "slot4_param7": 0.0,
  "slot4_param8": 0.0,
  "slot4_param9": 0.0,
  "slot4_param10": 0.0,
  "slot4_param11": 0.0,
  "slot4_param12": 0.0,
  "slot4_param13": 0.0,
  "slot4_param14": 0.0,
  "slot4_param15": 0.0,
  "slot5_engine": 0,
  "slot5_bypass": 1.0,
  "slot5_solo": 0.0,
  "slot5_param1": 0.0,
  "slot5_param2": 0.0,
  "slot5_param3": 0.0,
  "slot5_param4": 0.0,
  "slot5_param5": 0.0,
  "slot5_param6": 0.0,
  "slot5_param7": 0.0,
  "slot5_param8": 0.0,
  "slot5_param9": 0.0,
  "slot5_param10": 0.0,
  "slot5_param11": 0.0,
  "slot5_param12": 0.0,
  "slot5_param13": 0.0,
  "slot5_param14": 0.0,
  "slot5_param15": 0.0,
  "slot6_engine": 0,
  "slot6_bypass": 1.0,
  "slot6_solo": 0.0,
  "slot6_param1": 0.0,
  "slot6_param2": 0.0,
  "slot6_param3": 0.0,
  "slot6_param4": 0.0,
  "slot6_param5": 0.0,
  "slot6_param6": 0.0,
  "slot6_param7": 0.0,
  "slot6_param8": 0.0,
  "slot6_param9": 0.0,
  "slot6_param10": 0.0,
  "slot6_param11": 0.0,
  "slot6_param12": 0.0,
  "slot6_param13": 0.0,
  "slot6_param14": 0.0,
  "slot6_param15": 0.0,
  "id": "GC_0013",
  "index": 12
}