{
  "creative_name": "Ethereal Ambient Drift",
  "category": "Rhythmic",
  "description": "Slowly evolving ambient textures",
  "tags": [
    "experimental",
    "creative",
    "unconventional",
    "drone",
    "meditation",
    "soundscape"
  ],
  "complexity": 0.7300810123515353,
  "brightness": 0.45663376286754226,
  "warmth": 0.4462601299098906,
  "slot1_engine": 54,
  "slot1_bypass": 0.0,
  "slot1_solo": 0.0,
  "slot1_param1": 0.723173467736533,
  "slot1_param2": 0.16693421718162862,
  "slot1_param3": 0.8873079012776799,
  "slot1_param4": 0.20538474185021172,
  "slot1_param5": 0.9910689341578416,
  "slot1_param6": 0.3392735264926048,
  "slot1_param7": 0.48667910186248464,
  "slot1_param8": 0.7786861027979335,
  "slot1_param9": 0.44521532682108844,
  "slot1_param10": 0.49948320355543174,
  "slot1_param11": 0.8646979562681569,
  "slot1_param12": 0.21639903593994989,
  "slot1_param13": 0.7145880135159905,
  "slot1_param14": 0.6113922525345392,
  "slot1_param15": 0.4927209811456985,
  "slot2_engine": 44,
  "slot2_bypass": 0.0,
  "slot2_solo": 0.0,
  "slot2_param1": 0.35698657843152143,
  "slot2_param2": 0.7365584807373325,
  "slot2_param3": 0.7772514197736203,
  "slot2_param4": 0.0,
  "slot2_param5": 0.2651687879626992,
  "slot2_param6": 0.5139217730686529,
  "slot2_param7": 0.8197081287465029,
  "slot2_param8": 0.48635598195235974,
  "slot2_param9": 0.8546840976201417,
  "slot2_param10": 0.6379602521422565,
  "slot2_param11": 0.6895437134042168,
  "slot2_param12": 0.241381138356973,
  "slot2_param13": 1.0,
  "slot2_param14": 0.6226204947449712,
  "slot2_param15": 0.47026293277477743,
  "slot3_engine": 56,
  "slot3_bypass": 0.0,
  "slot3_solo": 0.0,
  "slot3_param1": 0.9060585649716312,
  "slot3_param2": 0.6428282511133698,
  "slot3_param3": 1.0,
  "slot3_param4": 0.09588821241575007,
  "slot3_param5": 0.9021042993766653,
  "slot3_param6": 0.26663312475912276,
  "slot3_param7": 0.0,
  "slot3_param8": 0.5477211431311789,
  "slot3_param9": 0.28510920974695336,
  "slot3_param10": 0.6869461815280303,
  "slot3_param11": 0.8691532624754665,
  "slot3_param12": 0.5529862065864842,
  "slot3_param13": 0.440665639072545,
  "slot3_param14": 0.5278736983935705,
  "slot3_param15": 0.5284866782409852,
  "slot4_engine": 51,
  "slot4_bypass": 0.0,
  "slot4_solo": 0.0,
  "slot4_param1": 0.0072298708379211485,
  "slot4_param2": 0.7511399477142324,
  "slot4_param3": 0.5099062029000893,
  "slot4_param4": 0.6209700880802935,
  "slot4_param5": 0.5820140521378524,
  "slot4_param6": 0.5099170631573834,
  "slot4_param7": 0.9694175909228879,
  "slot4_param8": 0.015728737230849082,
  "slot4_param9": 0.842564143639747,
  "slot4_param10": 0.529763311348547,
  "slot4_param11": 0.6480479939223084,
  "slot4_param12": 0.3544479393835725,
  "slot4_param13": 0.2582203983714166,
  "slot4_param14": 0.5386266712081308,
  "slot4_param15": 0.8407933143511223,
  "slot5_engine": 52,
  "slot5_bypass": 0.0,
  "slot5_solo": 0.0,
  "slot5_param1": 0.22001205880019473,
  "slot5_param2": 1.0,
  "slot5_param3": 0.6694391762471177,
  "slot5_param4": 0.3285796967522604,
  "slot5_param5": 0.6742379275142927,
  "slot5_param6": 0.4354918219065402,
  "slot5_param7": 0.7907713690747191,
  "slot5_param8": 0.10118481321388151,
  "slot5_param9": 1.0,
  "slot5_param10": 0.23562227986613335,
  "slot5_param11": 0.7943361586972996,
  "slot5_param12": 0.3151813426116941,
  "slot5_param13": 0.4534375154297885,
  "slot5_param14": 0.9071071557096313,
  "slot5_param15": 0.8554955216431015,
  "slot6_engine": 0,
  "slot6_bypass": 1.0,
  "slot6_solo": 0.0,
  "slot6_param1": 0.0,
  "slot6_param2": 0.0,
  "slot6_param3": 0.0,
  "slot6_param4": 0.0,
  "slot6_param5": 0.0,
  "slot6_param6": 0.0,
  "slot6_param7": 0.0,
  "slot6_param8": 0.0,
  "slot6_param9": 0.0,
  "slot6_param10": 0.0,
  "slot6_param11": 0.0,
  "slot6_param12": 0.0,
  "slot6_param13": 0.0,
  "slot6_param14": 0.0,
  "slot6_param15": 0.0,
  "id": "GC_0093",
  "context": "Ambient",
  "index": 92
}