{
  "creative_name": "Ambient Drift Horizon",
  "category": "Glitch",
  "description": "Slowly evolving ambient textures",
  "tags": [
    "experimental",
    "creative",
    "unconventional",
    "drone",
    "meditation",
    "soundscape"
  ],
  "complexity": 0.8819036967271219,
  "brightness": 0.620380469782235,
  "warmth": 0.43424774388391973,
  "slot1_engine": 54,
  "slot1_bypass": 0.0,
  "slot1_solo": 0.0,
  "slot1_param1": 0.23678452888415022,
  "slot1_param2": 0.6383345957354131,
  "slot1_param3": 0.8464689118748294,
  "slot1_param4": 0.12002005737700622,
  "slot1_param5": 0.6900615821261317,
  "slot1_param6": 0.5289252948982479,
  "slot1_param7": 0.876089125331016,
  "slot1_param8": 0.4533482549930288,
  "slot1_param9": 0.9666382522194498,
  "slot1_param10": 0.1803316790909763,
  "slot1_param11": 0.4080946741467344,
  "slot1_param12": 0.45387403211641975,
  "slot1_param13": 0.4290919466995469,
  "slot1_param14": 0.6279015480843286,
  "slot1_param15": 0.8953023972169569,
  "slot2_engine": 44,
  "slot2_bypass": 0.0,
  "slot2_solo": 0.0,
  "slot2_param1": 0.6943268084697258,
  "slot2_param2": 0.7293861875824751,
  "slot2_param3": 0.14624179860719258,
  "slot2_param4": 1.0,
  "slot2_param5": 0.30595063893117663,
  "slot2_param6": 0.7112902610868161,
  "slot2_param7": 0.3493775296594561,
  "slot2_param8": 1.0,
  "slot2_param9": 0.036098881129175475,
  "slot2_param10": 0.5120321070523697,
  "slot2_param11": 0.5325449950155761,
  "slot2_param12": 0.6166095604472184,
  "slot2_param13": 0.7737231340787143,
  "slot2_param14": 1.0,
  "slot2_param15": 0.8080033468274956,
  "slot3_engine": 56,
  "slot3_bypass": 0.0,
  "slot3_solo": 0.0,
  "slot3_param1": 0.5451577236398877,
  "slot3_param2": 0.1328116700301673,
  "slot3_param3": 0.9322299814970262,
  "slot3_param4": 0.3915850566199645,
  "slot3_param5": 0.8640455614121936,
  "slot3_param6": 0.6499921167011595,
  "slot3_param7": 0.23232786454709592,
  "slot3_param8": 0.7641265479660706,
  "slot3_param9": 0.6152010973416169,
  "slot3_param10": 0.8835748427261967,
  "slot3_param11": 1.0,
  "slot3_param12": 0.26203894099742825,
  "slot3_param13": 0.8254767750167196,
  "slot3_param14": 0.6696785669275428,
  "slot3_param15": 0.8584671959273751,
  "slot4_engine": 51,
  "slot4_bypass": 0.0,
  "slot4_solo": 0.0,
  "slot4_param1": 0.0,
  "slot4_param2": 0.5539760177394598,
  "slot4_param3": 0.41945178758843515,
  "slot4_param4": 0.20511994385455268,
  "slot4_param5": 0.34312185997810274,
  "slot4_param6": 0.4598496398037806,
  "slot4_param7": 0.4405765563068082,
  "slot4_param8": 0.06754868136758896,
  "slot4_param9": 1.0,
  "slot4_param10": 0.21991173076790416,
  "slot4_param11": 0.8249099391637711,
  "slot4_param12": 0.694433475010323,
  "slot4_param13": 0.5354297487504739,
  "slot4_param14": 0.8720255140195727,
  "slot4_param15": 0.6872052755737604,
  "slot5_engine": 52,
  "slot5_bypass": 0.0,
  "slot5_solo": 0.0,
  "slot5_param1": 0.0,
  "slot5_param2": 0.8121544074605773,
  "slot5_param3": 0.3626207847688992,
  "slot5_param4": 0.4491652426032261,
  "slot5_param5": 0.7265044840996548,
  "slot5_param6": 0.203244182756703,
  "slot5_param7": 0.7811263336892562,
  "slot5_param8": 0.3474598436462083,
  "slot5_param9": 0.8056370061975354,
  "slot5_param10": 0.12210594776821687,
  "slot5_param11": 0.5333262411505209,
  "slot5_param12": 0.4502508579253278,
  "slot5_param13": 0.4863343766945871,
  "slot5_param14": 0.684180713421659,
  "slot5_param15": 0.8325725368112734,
  "slot6_engine": 0,
  "slot6_bypass": 1.0,
  "slot6_solo": 0.0,
  "slot6_param1": 0.0,
  "slot6_param2": 0.0,
  "slot6_param3": 0.0,
  "slot6_param4": 0.0,
  "slot6_param5": 0.0,
  "slot6_param6": 0.0,
  "slot6_param7": 0.0,
  "slot6_param8": 0.0,
  "slot6_param9": 0.0,
  "slot6_param10": 0.0,
  "slot6_param11": 0.0,
  "slot6_param12": 0.0,
  "slot6_param13": 0.0,
  "slot6_param14": 0.0,
  "slot6_param15": 0.0,
  "id": "GC_0113",
  "context": "Ambient",
  "index": 112
}