{
  "creative_name": "Chaotic Spectral Morphing Dreams",
  "category": "Experimental",
  "description": "Constantly evolving spectral content with chaotic modulation",
  "tags": [
    "experimental",
    "creative",
    "unconventional"
  ],
  "complexity": 0.98837198831718,
  "brightness": 0.31022891185400975,
  "warmth": 0.6080281352488068,
  "slot1_engine": 56,
  "slot1_bypass": 0.0,
  "slot1_solo": 0.0,
  "slot1_param1": 0.9849572881089795,
  "slot1_param2": 0.13878696947737373,
  "slot1_param3": 0.7549604581797078,
  "slot1_param4": 0.31202454494125753,
  "slot1_param5": 0.48314217917708135,
  "slot1_param6": 0.3509714383620607,
  "slot1_param7": 0.21601241155398965,
  "slot1_param8": 0.6813577712726503,
  "slot1_param9": 0.4236862339646594,
  "slot1_param10": 0.7012531460891822,
  "slot1_param11": 0.8420268729785736,
  "slot1_param12": 0.3577863846972011,
  "slot1_param13": 0.5900134385395079,
  "slot1_param14": 0.2274759005410229,
  "slot1_param15": 0.4257006139021795,
  "slot2_engine": 54,
  "slot2_bypass": 0.0,
  "slot2_solo": 0.0,
  "slot2_param1": 0.13816217824430674,
  "slot2_param2": 1.0,
  "slot2_param3": 0.7499681648668579,
  "slot2_param4": 0.140728035123534,
  "slot2_param5": 0.5564135069930687,
  "slot2_param6": 0.5315186640454638,
  "slot2_param7": 0.8320832308891689,
  "slot2_param8": 0.2792271336855928,
  "slot2_param9": 1.0,
  "slot2_param10": 0.5882103645692254,
  "slot2_param11": 0.3727790944205967,
  "slot2_param12": 0.7716671157881283,
  "slot2_param13": 0.3038993960783155,
  "slot2_param14": 0.5695201313362849,
  "slot2_param15": 0.7619728244423983,
  "slot3_engine": 44,
  "slot3_bypass": 0.0,
  "slot3_solo": 0.0,
  "slot3_param1": 1.0,
  "slot3_param2": 0.6306287584183106,
  "slot3_param3": 0.13662090436955898,
  "slot3_param4": 0.6306007384966759,
  "slot3_param5": 0.3503304692296424,
  "slot3_param6": 0.5182578070953733,
  "slot3_param7": 0.42004319775901017,
  "slot3_param8": 0.6754929520596984,
  "slot3_param9": 0.14332038125089647,
  "slot3_param10": 0.5244562064162472,
  "slot3_param11": 0.5305103728747775,
  "slot3_param12": 0.7875631325245178,
  "slot3_param13": 0.67642865264188,
  "slot3_param14": 0.8689310060578348,
  "slot3_param15": 0.8143359417763101,
  "slot4_engine": 0,
  "slot4_bypass": 1.0,
  "slot4_solo": 0.0,
  "slot4_param1": 0.0,
  "slot4_param2": 0.0,
  "slot4_param3": 0.0,
  "slot4_param4": 0.0,
  "slot4_param5": 0.0,
  "slot4_param6": 0.0,
  "slot4_param7": 0.0,
  "slot4_param8": 0.0,
  "slot4_param9": 0.0,
  "slot4_param10": 0.0,
  "slot4_param11": 0.0,
  "slot4_param12": 0.0,
  "slot4_param13": 0.0,
  "slot4_param14": 0.0,
  "slot4_param15": 0.0,
  "slot5_engine": 0,
  "slot5_bypass": 1.0,
  "slot5_solo": 0.0,
  "slot5_param1": 0.0,
  "slot5_param2": 0.0,
  "slot5_param3": 0.0,
  "slot5_param4": 0.0,
  "slot5_param5": 0.0,
  "slot5_param6": 0.0,
  "slot5_param7": 0.0,
  "slot5_param8": 0.0,
  "slot5_param9": 0.0,
  "slot5_param10": 0.0,
  "slot5_param11": 0.0,
  "slot5_param12": 0.0,
  "slot5_param13": 0.0,
  "slot5_param14": 0.0,
  "slot5_param15": 0.0,
  "slot6_engine": 0,
  "slot6_bypass": 1.0,
  "slot6_solo": 0.0,
  "slot6_param1": 0.0,
  "slot6_param2": 0.0,
  "slot6_param3": 0.0,
  "slot6_param4": 0.0,
  "slot6_param5": 0.0,
  "slot6_param6": 0.0,
  "slot6_param7": 0.0,
  "slot6_param8": 0.0,
  "slot6_param9": 0.0,
  "slot6_param10": 0.0,
  "slot6_param11": 0.0,
  "slot6_param12": 0.0,
  "slot6_param13": 0.0,
  "slot6_param14": 0.0,
  "slot6_param15": 0.0,
  "id": "GC_0045",
  "index": 44
}