{
  "creative_name": "Fractal Vocal Formant Destruction",
  "category": "Experimental",
  "description": "Vocal formants destroyed and reconstructed",
  "tags": [
    "experimental",
    "creative",
    "unconventional",
    "trippy",
    "morphing",
    "colorful"
  ],
  "complexity": 0.6683538808722743,
  "brightness": 0.7256798425160182,
  "warmth": 0.690631286944482,
  "slot1_engine": 32,
  "slot1_bypass": 0.0,
  "slot1_solo": 0.0,
  "slot1_param1": 0.22510177953001553,
  "slot1_param2": 0.6438991335821701,
  "slot1_param3": 0.8704020694514277,
  "slot1_param4": 0.47451616133446506,
  "slot1_param5": 0.4398784981858801,
  "slot1_param6": 0.2640934728568285,
  "slot1_param7": 1.0,
  "slot1_param8": 0.48942364723182197,
  "slot1_param9": 0.7823451840549307,
  "slot1_param10": 0.41286254023199187,
  "slot1_param11": 1.0,
  "slot1_param12": 0.3252571394281628,
  "slot1_param13": 0.650183758726062,
  "slot1_param14": 0.4666330178706959,
  "slot1_param15": 0.7789284525675668,
  "slot2_engine": 37,
  "slot2_bypass": 0.0,
  "slot2_solo": 0.0,
  "slot2_param1": 0.9396324007810093,
  "slot2_param2": 0.17995126459652833,
  "slot2_param3": 0.7733177469391588,
  "slot2_param4": 0.924707648297922,
  "slot2_param5": 0.10311311140335594,
  "slot2_param6": 0.843761272686141,
  "slot2_param7": 0.3342299526870107,
  "slot2_param8": 0.39509503966833126,
  "slot2_param9": 0.706736508557603,
  "slot2_param10": 0.5837065465254534,
  "slot2_param11": 0.521310514210513,
  "slot2_param12": 0.6189602802445112,
  "slot2_param13": 0.2991361690566164,
  "slot2_param14": 0.7680571869901203,
  "slot2_param15": 0.8007841021850692,
  "slot3_engine": 54,
  "slot3_bypass": 0.0,
  "slot3_solo": 0.0,
  "slot3_param1": 0.3254697267354415,
  "slot3_param2": 0.8785292674943606,
  "slot3_param3": 0.4168982722020873,
  "slot3_param4": 0.6803556383864029,
  "slot3_param5": 0.6555387613844843,
  "slot3_param6": 0.11793306023786365,
  "slot3_param7": 0.8368273118398826,
  "slot3_param8": 0.32397706704157353,
  "slot3_param9": 0.9640569021279387,
  "slot3_param10": 0.2308130965584965,
  "slot3_param11": 0.6847894298973793,
  "slot3_param12": 0.4367800266001825,
  "slot3_param13": 0.31142406809406076,
  "slot3_param14": 1.0,
  "slot3_param15": 0.8274362172011207,
  "slot4_engine": 53,
  "slot4_bypass": 0.0,
  "slot4_solo": 0.0,
  "slot4_param1": 0.12291814031803158,
  "slot4_param2": 0.754022841166406,
  "slot4_param3": 0.8060194003592451,
  "slot4_param4": 0.23991840777034748,
  "slot4_param5": 0.6900877069343533,
  "slot4_param6": 0.011426306196858471,
  "slot4_param7": 0.9812602972559139,
  "slot4_param8": 0.3233673282175857,
  "slot4_param9": 0.8840151296400506,
  "slot4_param10": 0.3923250202752955,
  "slot4_param11": 0.6510138122284223,
  "slot4_param12": 0.5866748699043124,
  "slot4_param13": 0.16356518169310683,
  "slot4_param14": 0.6243386996331449,
  "slot4_param15": 0.8331976784273991,
  "slot5_engine": 0,
  "slot5_bypass": 1.0,
  "slot5_solo": 0.0,
  "slot5_param1": 0.0,
  "slot5_param2": 0.0,
  "slot5_param3": 0.0,
  "slot5_param4": 0.0,
  "slot5_param5": 0.0,
  "slot5_param6": 0.0,
  "slot5_param7": 0.0,
  "slot5_param8": 0.0,
  "slot5_param9": 0.0,
  "slot5_param10": 0.0,
  "slot5_param11": 0.0,
  "slot5_param12": 0.0,
  "slot5_param13": 0.0,
  "slot5_param14": 0.0,
  "slot5_param15": 0.0,
  "slot6_engine": 0,
  "slot6_bypass": 1.0,
  "slot6_solo": 0.0,
  "slot6_param1": 0.0,
  "slot6_param2": 0.0,
  "slot6_param3": 0.0,
  "slot6_param4": 0.0,
  "slot6_param5": 0.0,
  "slot6_param6": 0.0,
  "slot6_param7": 0.0,
  "slot6_param8": 0.0,
  "slot6_param9": 0.0,
  "slot6_param10": 0.0,
  "slot6_param11": 0.0,
  "slot6_param12": 0.0,
  "slot6_param13": 0.0,
  "slot6_param14": 0.0,
  "slot6_param15": 0.0,
  "id": "GC_0100",
  "context": "Psychedelic",
  "index": 99
}