{
  "creative_name": "Spectral Freeze Stutter Cascade",
  "category": "Textural",
  "description": "Frozen spectral content with chaotic amplitude",
  "tags": [
    "experimental",
    "creative",
    "unconventional"
  ],
  "complexity": 0.8127897607960586,
  "brightness": 0.5765748633725247,
  "warmth": 0.5017149809528023,
  "slot1_engine": 54,
  "slot1_bypass": 0.0,
  "slot1_solo": 0.0,
  "slot1_param1": 0.0,
  "slot1_param2": 0.8544905131462432,
  "slot1_param3": 0.6727791032765378,
  "slot1_param4": 0.5179884076202721,
  "slot1_param5": 0.4131884733413833,
  "slot1_param6": 0.3941151664272866,
  "slot1_param7": 0.6291865050322932,
  "slot1_param8": 0.0,
  "slot1_param9": 0.7335375523770081,
  "slot1_param10": 0.12092860442123421,
  "slot1_param11": 0.6794365995000544,
  "slot1_param12": 0.1907191755632841,
  "slot1_param13": 0.24377382319194912,
  "slot1_param14": 0.9684565361991024,
  "slot1_param15": 0.44586901667046647,
  "slot2_engine": 56,
  "slot2_bypass": 0.0,
  "slot2_solo": 0.0,
  "slot2_param1": 0.1905598212214685,
  "slot2_param2": 0.5798930630960091,
  "slot2_param3": 0.3962055234312377,
  "slot2_param4": 0.5960738118187452,
  "slot2_param5": 0.2417252749052654,
  "slot2_param6": 0.16578015194121898,
  "slot2_param7": 0.6849904086033822,
  "slot2_param8": 0.06757234694535158,
  "slot2_param9": 1.0,
  "slot2_param10": 0.3150886362931024,
  "slot2_param11": 0.36037902559489343,
  "slot2_param12": 0.6415275780667669,
  "slot2_param13": 0.03385074492233425,
  "slot2_param14": 0.8673251621576771,
  "slot2_param15": 0.673494688811707,
  "slot3_engine": 52,
  "slot3_bypass": 0.0,
  "slot3_solo": 0.0,
  "slot3_param1": 0.38264509818564396,
  "slot3_param2": 0.5479026945361872,
  "slot3_param3": 0.7048404964229282,
  "slot3_param4": 0.48920524693244993,
  "slot3_param5": 0.5768250623947848,
  "slot3_param6": 0.04160765464151994,
  "slot3_param7": 0.7333120025138044,
  "slot3_param8": 0.26047902107310517,
  "slot3_param9": 1.0,
  "slot3_param10": 0.4968047097839163,
  "slot3_param11": 0.3599149428072458,
  "slot3_param12": 0.6814094944752649,
  "slot3_param13": 0.038043872900196785,
  "slot3_param14": 0.9126689529246528,
  "slot3_param15": 0.46482223530134426,
  "slot4_engine": 0,
  "slot4_bypass": 1.0,
  "slot4_solo": 0.0,
  "slot4_param1": 0.0,
  "slot4_param2": 0.0,
  "slot4_param3": 0.0,
  "slot4_param4": 0.0,
  "slot4_param5": 0.0,
  "slot4_param6": 0.0,
  "slot4_param7": 0.0,
  "slot4_param8": 0.0,
  "slot4_param9": 0.0,
  "slot4_param10": 0.0,
  "slot4_param11": 0.0,
  "slot4_param12": 0.0,
  "slot4_param13": 0.0,
  "slot4_param14": 0.0,
  "slot4_param15": 0.0,
  "slot5_engine": 0,
  "slot5_bypass": 1.0,
  "slot5_solo": 0.0,
  "slot5_param1": 0.0,
  "slot5_param2": 0.0,
  "slot5_param3": 0.0,
  "slot5_param4": 0.0,
  "slot5_param5": 0.0,
  "slot5_param6": 0.0,
  "slot5_param7": 0.0,
  "slot5_param8": 0.0,
  "slot5_param9": 0.0,
  "slot5_param10": 0.0,
  "slot5_param11": 0.0,
  "slot5_param12": 0.0,
  "slot5_param13": 0.0,
  "slot5_param14": 0.0,
  "slot5_param15": 0.0,
  "slot6_engine": 0,
  "slot6_bypass": 1.0,
  "slot6_solo": 0.0,
  "slot6_param1": 0.0,
  "slot6_param2": 0.0,
  "slot6_param3": 0.0,
  "slot6_param4": 0.0,
  "slot6_param5": 0.0,
  "slot6_param6": 0.0,
  "slot6_param7": 0.0,
  "slot6_param8": 0.0,
  "slot6_param9": 0.0,
  "slot6_param10": 0.0,
  "slot6_param11": 0.0,
  "slot6_param12": 0.0,
  "slot6_param13": 0.0,
  "slot6_param14": 0.0,
  "slot6_param15": 0.0,
  "id": "GC_0008",
  "index": 7
}