{
  "creative_name": "Fractal Resonant Modulation",
  "category": "Glitch",
  "description": "Resonant filtering with chaotic modulation",
  "tags": [
    "experimental",
    "creative",
    "unconventional"
  ],
  "complexity": 0.8584881226353822,
  "brightness": 0.7266406399452896,
  "warmth": 0.6324711895181052,
  "slot1_engine": 31,
  "slot1_bypass": 0.0,
  "slot1_solo": 0.0,
  "slot1_param1": 0.26533154467227504,
  "slot1_param2": 1.0,
  "slot1_param3": 0.41337420815889786,
  "slot1_param4": 0.9801628502907437,
  "slot1_param5": 0.6006184841794024,
  "slot1_param6": 0.6356965463574766,
  "slot1_param7": 0.37729439282779575,
  "slot1_param8": 1.0,
  "slot1_param9": 0.7653221835884584,
  "slot1_param10": 0.406781487130355,
  "slot1_param11": 0.17079831862509837,
  "slot1_param12": 0.8134330588752539,
  "slot1_param13": 0.23883978379710352,
  "slot1_param14": 0.5191201673555086,
  "slot1_param15": 0.8987832831738003,
  "slot2_engine": 56,
  "slot2_bypass": 0.0,
  "slot2_solo": 0.0,
  "slot2_param1": 0.8418442877542311,
  "slot2_param2": 0.5180558722381423,
  "slot2_param3": 1.0,
  "slot2_param4": 0.424490444103166,
  "slot2_param5": 0.466435760594844,
  "slot2_param6": 0.4746357693736986,
  "slot2_param7": 0.0,
  "slot2_param8": 1.0,
  "slot2_param9": 0.5064912667010639,
  "slot2_param10": 0.5575383819600102,
  "slot2_param11": 1.0,
  "slot2_param12": 0.0993866372823933,
  "slot2_param13": 0.7973473059401367,
  "slot2_param14": 0.7078422865885414,
  "slot2_param15": 0.7446555386788841,
  "slot3_engine": 37,
  "slot3_bypass": 0.0,
  "slot3_solo": 0.0,
  "slot3_param1": 0.3062563119153599,
  "slot3_param2": 0.7794440770536503,
  "slot3_param3": 0.06858257017133548,
  "slot3_param4": 0.7028761051676442,
  "slot3_param5": 0.9013129551122612,
  "slot3_param6": 0.03158263518202564,
  "slot3_param7": 0.5219374381634818,
  "slot3_param8": 0.30065072149295824,
  "slot3_param9": 0.3434625979852699,
  "slot3_param10": 0.7295283870138949,
  "slot3_param11": 0.2607500513690174,
  "slot3_param12": 0.48765727801712566,
  "slot3_param13": 0.8506464285904773,
  "slot3_param14": 0.14642080136157576,
  "slot3_param15": 0.4447561906934094,
  "slot4_engine": 43,
  "slot4_bypass": 0.0,
  "slot4_solo": 0.0,
  "slot4_param1": 1.0,
  "slot4_param2": 0.977251514368555,
  "slot4_param3": 0.009536554987875034,
  "slot4_param4": 0.6211540064541827,
  "slot4_param5": 0.3940338980794605,
  "slot4_param6": 0.9263081478552587,
  "slot4_param7": 0.2645020838388837,
  "slot4_param8": 0.8507394545531424,
  "slot4_param9": 0.044031956978579034,
  "slot4_param10": 0.7581999757677577,
  "slot4_param11": 0.5161138809075461,
  "slot4_param12": 0.4508033744049831,
  "slot4_param13": 0.7376282663786342,
  "slot4_param14": 0.6663349575568489,
  "slot4_param15": 0.6909411745620713,
  "slot5_engine": 0,
  "slot5_bypass": 1.0,
  "slot5_solo": 0.0,
  "slot5_param1": 0.0,
  "slot5_param2": 0.0,
  "slot5_param3": 0.0,
  "slot5_param4": 0.0,
  "slot5_param5": 0.0,
  "slot5_param6": 0.0,
  "slot5_param7": 0.0,
  "slot5_param8": 0.0,
  "slot5_param9": 0.0,
  "slot5_param10": 0.0,
  "slot5_param11": 0.0,
  "slot5_param12": 0.0,
  "slot5_param13": 0.0,
  "slot5_param14": 0.0,
  "slot5_param15": 0.0,
  "slot6_engine": 0,
  "slot6_bypass": 1.0,
  "slot6_solo": 0.0,
  "slot6_param1": 0.0,
  "slot6_param2": 0.0,
  "slot6_param3": 0.0,
  "slot6_param4": 0.0,
  "slot6_param5": 0.0,
  "slot6_param6": 0.0,
  "slot6_param7": 0.0,
  "slot6_param8": 0.0,
  "slot6_param9": 0.0,
  "slot6_param10": 0.0,
  "slot6_param11": 0.0,
  "slot6_param12": 0.0,
  "slot6_param13": 0.0,
  "slot6_param14": 0.0,
  "slot6_param15": 0.0,
  "id": "GC_0046",
  "index": 45
}