{
  "creative_name": "Harmonic Chaos Spiral + Granular Feedback Madness Particles",
  "category": "Experimental",
  "description": "Hybrid: Harmonized chaos with unstable pitch meets Dense granular texture with metallic feedback",
  "tags": [
    "experimental",
    "creative",
    "unconventional",
    "hybrid"
  ],
  "complexity": 0.8523192177366226,
  "brightness": 0.7939095983613573,
  "warmth": 0.41807247931927116,
  "slot1_engine": 35,
  "slot1_bypass": 0.0,
  "slot1_solo": 0.0,
  "slot1_param1": 0.604448238734964,
  "slot1_param2": 0.945547591868267,
  "slot1_param3": 0.1981386651436627,
  "slot1_param4": 0.9220840373525568,
  "slot1_param5": 0.5957456936827197,
  "slot1_param6": 0.09642225896809578,
  "slot1_param7": 0.4078633954539826,
  "slot1_param8": 0.5459342406815437,
  "slot1_param9": 0.37229163930986964,
  "slot1_param10": 0.6475512101064922,
  "slot1_param11": 0.6238911682205683,
  "slot1_param12": 0.7807217994671672,
  "slot1_param13": 0.7946790192863187,
  "slot1_param14": 0.2690093629859698,
  "slot1_param15": 0.4802858101098045,
  "slot2_engine": 55,
  "slot2_bypass": 0.0,
  "slot2_solo": 0.0,
  "slot2_param1": 0.33036421534821825,
  "slot2_param2": 1.0,
  "slot2_param3": 0.6005485630624416,
  "slot2_param4": 0.733436636287554,
  "slot2_param5": 0.5901668376414646,
  "slot2_param6": 0.27008107774973283,
  "slot2_param7": 0.9340438938192687,
  "slot2_param8": 0.4678783346949345,
  "slot2_param9": 0.7814366707754687,
  "slot2_param10": 0.1545697763702258,
  "slot2_param11": 0.7653591137422511,
  "slot2_param12": 0.22027060139949078,
  "slot2_param13": 0.10764946786157112,
  "slot2_param14": 0.9358660343426006,
  "slot2_param15": 0.6190811243546026,
  "slot3_engine": 56,
  "slot3_bypass": 0.0,
  "slot3_solo": 0.0,
  "slot3_param1": 0.8037254720126574,
  "slot3_param2": 0.3961610806688199,
  "slot3_param3": 0.8756068898862093,
  "slot3_param4": 0.31142465142337117,
  "slot3_param5": 0.4418194093344264,
  "slot3_param6": 0.4290071208167642,
  "slot3_param7": 0.4512215832116023,
  "slot3_param8": 1.0,
  "slot3_param9": 0.3506135517573897,
  "slot3_param10": 0.353932776057193,
  "slot3_param11": 0.946856543976561,
  "slot3_param12": 0.21304001914959275,
  "slot3_param13": 0.6032270908368997,
  "slot3_param14": 0.6267481539296184,
  "slot3_param15": 0.5284375376520041,
  "slot4_engine": 27,
  "slot4_bypass": 0.0,
  "slot4_solo": 0.0,
  "slot4_param1": 0.15839612241118575,
  "slot4_param2": 0.4610575756660062,
  "slot4_param3": 0.6767168209956484,
  "slot4_param4": 0.6167322790089436,
  "slot4_param5": 0.15886361667969928,
  "slot4_param6": 0.0,
  "slot4_param7": 0.5809086232523837,
  "slot4_param8": 0.5303144769836372,
  "slot4_param9": 1.0,
  "slot4_param10": 0.5279958530429363,
  "slot4_param11": 0.8456750097262007,
  "slot4_param12": 0.4503022849294944,
  "slot4_param13": 0.02229921391761852,
  "slot4_param14": 0.7169504927763201,
  "slot4_param15": 0.6874403417483916,
  "slot5_engine": 52,
  "slot5_bypass": 0.0,
  "slot5_solo": 0.0,
  "slot5_param1": 0.1725021343355936,
  "slot5_param2": 0.8213981279506763,
  "slot5_param3": 0.48838968244215397,
  "slot5_param4": 0.48265339713899463,
  "slot5_param5": 0.6212930908427448,
  "slot5_param6": 0.4098488470882504,
  "slot5_param7": 0.7476182179177927,
  "slot5_param8": 0.3143678036173895,
  "slot5_param9": 0.8817312954499268,
  "slot5_param10": 0.5266126277879273,
  "slot5_param11": 0.9028196503761886,
  "slot5_param12": 0.26890349020953147,
  "slot5_param13": 0.08542127775267461,
  "slot5_param14": 0.46410997369224355,
  "slot5_param15": 0.7165289990936687,
  "slot6_engine": 0,
  "slot6_bypass": 1.0,
  "slot6_solo": 0.0,
  "slot6_param1": 0.0,
  "slot6_param2": 0.0,
  "slot6_param3": 0.0,
  "slot6_param4": 0.0,
  "slot6_param5": 0.0,
  "slot6_param6": 0.0,
  "slot6_param7": 0.0,
  "slot6_param8": 0.0,
  "slot6_param9": 0.0,
  "slot6_param10": 0.0,
  "slot6_param11": 0.0,
  "slot6_param12": 0.0,
  "slot6_param13": 0.0,
  "slot6_param14": 0.0,
  "slot6_param15": 0.0,
  "id": "GC_0132",
  "index": 131
}