{
  "creative_name": "Nebula Ambient Drift",
  "category": "Experimental",
  "description": "Slowly evolving ambient textures",
  "tags": [
    "experimental",
    "creative",
    "unconventional",
    "ambient",
    "tension",
    "atmospheric"
  ],
  "complexity": 0.8784398630291123,
  "brightness": 0.46241069367287774,
  "warmth": 0.5833698892680748,
  "slot1_engine": 54,
  "slot1_bypass": 0.0,
  "slot1_solo": 0.0,
  "slot1_param1": 0.0,
  "slot1_param2": 1.0,
  "slot1_param3": 0.5468357935542876,
  "slot1_param4": 0.4037279216115011,
  "slot1_param5": 0.3277678269664501,
  "slot1_param6": 0.2908276700248635,
  "slot1_param7": 0.8517676540046833,
  "slot1_param8": 0.17184444590776426,
  "slot1_param9": 1.0,
  "slot1_param10": 0.3613247186411874,
  "slot1_param11": 0.7331366218727072,
  "slot1_param12": 0.48660070517186527,
  "slot1_param13": 0.5459761907597404,
  "slot1_param14": 0.7838948946508613,
  "slot1_param15": 0.7530185504722036,
  "slot2_engine": 44,
  "slot2_bypass": 0.0,
  "slot2_solo": 0.0,
  "slot2_param1": 0.31288835925213576,
  "slot2_param2": 1.0,
  "slot2_param3": 0.7093324223632993,
  "slot2_param4": 0.03400162171891749,
  "slot2_param5": 0.029289510233418303,
  "slot2_param6": 1.0,
  "slot2_param7": 0.8563452670806837,
  "slot2_param8": 0.25481910778923844,
  "slot2_param9": 0.695466526766864,
  "slot2_param10": 0.2775345616901045,
  "slot2_param11": 0.7738381475968767,
  "slot2_param12": 0.21249813848317903,
  "slot2_param13": 1.0,
  "slot2_param14": 0.5502962156177702,
  "slot2_param15": 0.7143263207159407,
  "slot3_engine": 56,
  "slot3_bypass": 0.0,
  "slot3_solo": 0.0,
  "slot3_param1": 0.5610729949546012,
  "slot3_param2": 0.6072438822003134,
  "slot3_param3": 1.0,
  "slot3_param4": 0.4236994616166232,
  "slot3_param5": 0.45005495350312996,
  "slot3_param6": 0.31624270202248667,
  "slot3_param7": 0.0364950350791895,
  "slot3_param8": 1.0,
  "slot3_param9": 0.5223945803298999,
  "slot3_param10": 0.46476170402576655,
  "slot3_param11": 1.0,
  "slot3_param12": 0.1279823857196404,
  "slot3_param13": 0.6688723962934395,
  "slot3_param14": 0.28297947827699566,
  "slot3_param15": 0.45479033717676026,
  "slot4_engine": 51,
  "slot4_bypass": 0.0,
  "slot4_solo": 0.0,
  "slot4_param1": 0.036617636721347546,
  "slot4_param2": 1.0,
  "slot4_param3": 0.4123739947216579,
  "slot4_param4": 0.13993918152179896,
  "slot4_param5": 0.520263939499682,
  "slot4_param6": 0.07841062657774878,
  "slot4_param7": 0.6604777722377665,
  "slot4_param8": 0.0,
  "slot4_param9": 1.0,
  "slot4_param10": 0.2047704587725715,
  "slot4_param11": 0.8336603375435458,
  "slot4_param12": 0.2972143813214675,
  "slot4_param13": 0.372439700508518,
  "slot4_param14": 0.8540669090661653,
  "slot4_param15": 0.5532554476528088,
  "slot5_engine": 52,
  "slot5_bypass": 0.0,
  "slot5_solo": 0.0,
  "slot5_param1": 0.24102017274016133,
  "slot5_param2": 0.7612200821865086,
  "slot5_param3": 0.42748780678578036,
  "slot5_param4": 0.1784489207175537,
  "slot5_param5": 0.37210482697388914,
  "slot5_param6": 0.4924429177242954,
  "slot5_param7": 0.5367653819669265,
  "slot5_param8": 0.0,
  "slot5_param9": 0.7250836133892801,
  "slot5_param10": 0.23560456781988967,
  "slot5_param11": 0.8068529105128937,
  "slot5_param12": 0.5241890216452703,
  "slot5_param13": 0.18284838321084268,
  "slot5_param14": 0.8656327649986784,
  "slot5_param15": 0.5908813709922809,
  "slot6_engine": 0,
  "slot6_bypass": 1.0,
  "slot6_solo": 0.0,
  "slot6_param1": 0.0,
  "slot6_param2": 0.0,
  "slot6_param3": 0.0,
  "slot6_param4": 0.0,
  "slot6_param5": 0.0,
  "slot6_param6": 0.0,
  "slot6_param7": 0.0,
  "slot6_param8": 0.0,
  "slot6_param9": 0.0,
  "slot6_param10": 0.0,
  "slot6_param11": 0.0,
  "slot6_param12": 0.0,
  "slot6_param13": 0.0,
  "slot6_param14": 0.0,
  "slot6_param15": 0.0,
  "id": "GC_0081",
  "context": "Film Score",
  "index": 80
}