{
  "creative_name": "Engineering Test 20 Dreams",
  "category": "Experimental",
  "description": "Systematic exploration of BucketBrigadeDelay",
  "tags": [
    "experimental",
    "creative",
    "unconventional",
    "systematic"
  ],
  "complexity": 0.9886957557583269,
  "brightness": 0.42044878424532806,
  "warmth": 0.622713580848156,
  "slot1_engine": 53,
  "slot1_bypass": 0.0,
  "slot1_solo": 0.0,
  "slot1_param1": 0.0,
  "slot1_param2": 0.8779476794074556,
  "slot1_param3": 0.42060867143983155,
  "slot1_param4": 0.3599360190340953,
  "slot1_param5": 0.25483537283706026,
  "slot1_param6": 0.38336508812444264,
  "slot1_param7": 0.6881992419058913,
  "slot1_param8": 0.05848978622743789,
  "slot1_param9": 1.0,
  "slot1_param10": 0.19446416055246163,
  "slot1_param11": 0.7035182802265854,
  "slot1_param12": 0.5268499797679569,
  "slot1_param13": 0.3415333488456808,
  "slot1_param14": 0.7844423034946567,
  "slot1_param15": 0.6040186683652748,
  "slot2_engine": 0,
  "slot2_bypass": 1.0,
  "slot2_solo": 0.0,
  "slot2_param1": 0.0,
  "slot2_param2": 0.0,
  "slot2_param3": 0.0,
  "slot2_param4": 0.0,
  "slot2_param5": 0.0,
  "slot2_param6": 0.0,
  "slot2_param7": 0.0,
  "slot2_param8": 0.0,
  "slot2_param9": 0.0,
  "slot2_param10": 0.0,
  "slot2_param11": 0.0,
  "slot2_param12": 0.0,
  "slot2_param13": 0.0,
  "slot2_param14": 0.0,
  "slot2_param15": 0.0,
  "slot3_engine": 44,
  "slot3_bypass": 0.0,
  "slot3_solo": 0.0,
  "slot3_param1": 1.0,
  "slot3_param2": 1.0,
  "slot3_param3": 0.0,
  "slot3_param4": 0.7750531474890796,
  "slot3_param5": 0.6525634956548219,
  "slot3_param6": 0.45409441918656657,
  "slot3_param7": 0.20781219928746758,
  "slot3_param8": 0.8160337746868951,
  "slot3_param9": 0.5110805682195567,
  "slot3_param10": 0.6722446018215471,
  "slot3_param11": 0.5999709537219626,
  "slot3_param12": 0.8763013606681598,
  "slot3_param13": 0.3973040809128556,
  "slot3_param14": 0.8517795147608188,
  "slot3_param15": 0.8407029554272357,
  "slot4_engine": 52,
  "slot4_bypass": 0.0,
  "slot4_solo": 0.0,
  "slot4_param1": 0.18040774827476094,
  "slot4_param2": 0.7395754980164186,
  "slot4_param3": 0.6151921662297843,
  "slot4_param4": 0.2530816455948997,
  "slot4_param5": 0.36853903188805237,
  "slot4_param6": 0.32870197345078495,
  "slot4_param7": 0.8037171802960088,
  "slot4_param8": 0.03432757116758306,
  "slot4_param9": 0.8711287331238879,
  "slot4_param10": 0.38465260176359023,
  "slot4_param11": 0.4331908500759743,
  "slot4_param12": 0.3959593394621761,
  "slot4_param13": 0.5380774624634652,
  "slot4_param14": 0.7948602722657288,
  "slot4_param15": 0.44577255075843064,
  "slot5_engine": 0,
  "slot5_bypass": 1.0,
  "slot5_solo": 0.0,
  "slot5_param1": 0.0,
  "slot5_param2": 0.0,
  "slot5_param3": 0.0,
  "slot5_param4": 0.0,
  "slot5_param5": 0.0,
  "slot5_param6": 0.0,
  "slot5_param7": 0.0,
  "slot5_param8": 0.0,
  "slot5_param9": 0.0,
  "slot5_param10": 0.0,
  "slot5_param11": 0.0,
  "slot5_param12": 0.0,
  "slot5_param13": 0.0,
  "slot5_param14": 0.0,
  "slot5_param15": 0.0,
  "slot6_engine": 0,
  "slot6_bypass": 1.0,
  "slot6_solo": 0.0,
  "slot6_param1": 0.0,
  "slot6_param2": 0.0,
  "slot6_param3": 0.0,
  "slot6_param4": 0.0,
  "slot6_param5": 0.0,
  "slot6_param6": 0.0,
  "slot6_param7": 0.0,
  "slot6_param8": 0.0,
  "slot6_param9": 0.0,
  "slot6_param10": 0.0,
  "slot6_param11": 0.0,
  "slot6_param12": 0.0,
  "slot6_param13": 0.0,
  "slot6_param14": 0.0,
  "slot6_param15": 0.0,
  "id": "GC_0070",
  "index": 69
}