{
  "creative_name": "Nebula Lo-Fi Degradation",
  "category": "Spatial",
  "description": "Heavy degradation with vintage character",
  "tags": [
    "experimental",
    "creative",
    "unconventional"
  ],
  "complexity": 0.8462970079430494,
  "brightness": 0.3220705832260118,
  "warmth": 0.4859343772855145,
  "slot1_engine": 18,
  "slot1_bypass": 0.0,
  "slot1_solo": 0.0,
  "slot1_param1": 0.2809272433864598,
  "slot1_param2": 0.45967787132625443,
  "slot1_param3": 0.27611422943354785,
  "slot1_param4": 0.8965227500180901,
  "slot1_param5": 0.7946829655225798,
  "slot1_param6": 0.7789153822825676,
  "slot1_param7": 0.1754665354260347,
  "slot1_param8": 1.0,
  "slot1_param9": 0.41732703531881576,
  "slot1_param10": 0.891815462307034,
  "slot1_param11": 0.5208652262550796,
  "slot1_param12": 0.9480235133571058,
  "slot1_param13": 0.08390816968632298,
  "slot1_param14": 0.7800384659249617,
  "slot1_param15": 0.4959991857255984,
  "slot2_engine": 56,
  "slot2_bypass": 0.0,
  "slot2_solo": 0.0,
  "slot2_param1": 1.0,
  "slot2_param2": 0.335080874584294,
  "slot2_param3": 0.7031578250714792,
  "slot2_param4": 0.4834893371623765,
  "slot2_param5": 0.6426354432785061,
  "slot2_param6": 0.7866645835574795,
  "slot2_param7": 0.0,
  "slot2_param8": 0.8548611328908,
  "slot2_param9": 0.774741099947529,
  "slot2_param10": 0.4249545763015369,
  "slot2_param11": 0.831816320695343,
  "slot2_param12": 0.0,
  "slot2_param13": 0.36582107308052525,
  "slot2_param14": 0.7101131274613508,
  "slot2_param15": 0.8018441771328704,
  "slot3_engine": 41,
  "slot3_bypass": 0.0,
  "slot3_solo": 0.0,
  "slot3_param1": 0.0,
  "slot3_param2": 0.5187924807886385,
  "slot3_param3": 0.4298538336514232,
  "slot3_param4": 0.8563364420233219,
  "slot3_param5": 0.48052111909297723,
  "slot3_param6": 0.1702252855972453,
  "slot3_param7": 0.9519210920364425,
  "slot3_param8": 0.18621538690868733,
  "slot3_param9": 0.7264663761448189,
  "slot3_param10": 0.11879364462175063,
  "slot3_param11": 0.37328120331502523,
  "slot3_param12": 0.9453402030055207,
  "slot3_param13": 0.45604498053231324,
  "slot3_param14": 0.4392395102994998,
  "slot3_param15": 0.6930712813972488,
  "slot4_engine": 20,
  "slot4_bypass": 0.0,
  "slot4_solo": 0.0,
  "slot4_param1": 1.0,
  "slot4_param2": 0.6518905033637155,
  "slot4_param3": 0.9299831355808357,
  "slot4_param4": 0.0,
  "slot4_param5": 1.0,
  "slot4_param6": 0.668029218750332,
  "slot4_param7": 0.635396143756091,
  "slot4_param8": 0.28248222010744795,
  "slot4_param9": 1.0,
  "slot4_param10": 0.500712687475306,
  "slot4_param11": 0.9479603394121787,
  "slot4_param12": 0.02326526691019551,
  "slot4_param13": 1.0,
  "slot4_param14": 0.44908839319350846,
  "slot4_param15": 0.8945643136542654,
  "slot5_engine": 43,
  "slot5_bypass": 0.0,
  "slot5_solo": 0.0,
  "slot5_param1": 0.25484479716601305,
  "slot5_param2": 0.5421238392755885,
  "slot5_param3": 0.6282572469394822,
  "slot5_param4": 0.3809620607710844,
  "slot5_param5": 0.2903320381461227,
  "slot5_param6": 0.6781226817300836,
  "slot5_param7": 0.3066232507481109,
  "slot5_param8": 0.0,
  "slot5_param9": 0.9459462178745106,
  "slot5_param10": 0.27608912321281354,
  "slot5_param11": 0.8544143601264738,
  "slot5_param12": 0.14952092362200736,
  "slot5_param13": 0.65817180098383,
  "slot5_param14": 0.7754150361503422,
  "slot5_param15": 0.63081355035093,
  "slot6_engine": 0,
  "slot6_bypass": 1.0,
  "slot6_solo": 0.0,
  "slot6_param1": 0.0,
  "slot6_param2": 0.0,
  "slot6_param3": 0.0,
  "slot6_param4": 0.0,
  "slot6_param5": 0.0,
  "slot6_param6": 0.0,
  "slot6_param7": 0.0,
  "slot6_param8": 0.0,
  "slot6_param9": 0.0,
  "slot6_param10": 0.0,
  "slot6_param11": 0.0,
  "slot6_param12": 0.0,
  "slot6_param13": 0.0,
  "slot6_param14": 0.0,
  "slot6_param15": 0.0,
  "id": "GC_0031",
  "index": 30
}