{
  "creative_name": "Fractal Chaos Field",
  "category": "Glitch",
  "description": "Chaotic stereo movement",
  "tags": [
    "experimental",
    "creative",
    "unconventional"
  ],
  "complexity": 0.8344856465819087,
  "brightness": 0.5437202602247284,
  "warmth": 0.44724414938906476,
  "slot1_engine": 56,
  "slot1_bypass": 0.0,
  "slot1_solo": 0.0,
  "slot1_param1": 0.33307838735504336,
  "slot1_param2": 0.8972797414365226,
  "slot1_param3": 0.7665020645552594,
  "slot1_param4": 0.528649799690863,
  "slot1_param5": 0.22791385477271658,
  "slot1_param6": 0.2794571630501817,
  "slot1_param7": 0.42928595244962364,
  "slot1_param8": 0.46701098601457947,
  "slot1_param9": 0.8700984348413863,
  "slot1_param10": 0.12415129563248639,
  "slot1_param11": 0.6008200159724748,
  "slot1_param12": 0.338551621838131,
  "slot1_param13": 0.30129034729394,
  "slot1_param14": 0.7037637216044161,
  "slot1_param15": 0.5064302183461811,
  "slot2_engine": 52,
  "slot2_bypass": 0.0,
  "slot2_solo": 0.0,
  "slot2_param1": 0.21455106694997275,
  "slot2_param2": 0.9091669718007884,
  "slot2_param3": 0.473513216175119,
  "slot2_param4": 0.44427118036174706,
  "slot2_param5": 0.6532907076908623,
  "slot2_param6": 0.24076817057237274,
  "slot2_param7": 0.4692933423740556,
  "slot2_param8": 0.0,
  "slot2_param9": 0.8052269270220017,
  "slot2_param10": 0.2630770806335241,
  "slot2_param11": 0.6172948058796706,
  "slot2_param12": 0.7724556034236776,
  "slot2_param13": 0.2598392215850904,
  "slot2_param14": 0.9488461071613681,
  "slot2_param15": 0.8200806959279946,
  "slot3_engine": 37,
  "slot3_bypass": 0.0,
  "slot3_solo": 0.0,
  "slot3_param1": 0.5300199046134171,
  "slot3_param2": 0.6014008823185394,
  "slot3_param3": 0.06319901136453329,
  "slot3_param4": 0.4759323494236066,
  "slot3_param5": 0.8684142585690855,
  "slot3_param6": 0.3246211006611047,
  "slot3_param7": 0.589506001153143,
  "slot3_param8": 0.22460102749195646,
  "slot3_param9": 0.6517831636687051,
  "slot3_param10": 0.9358943882662518,
  "slot3_param11": 0.1530403131987753,
  "slot3_param12": 0.8734243438255225,
  "slot3_param13": 0.6729740208283647,
  "slot3_param14": 0.1547117618485317,
  "slot3_param15": 0.42435708720125687,
  "slot4_engine": 47,
  "slot4_bypass": 0.0,
  "slot4_solo": 0.0,
  "slot4_param1": 0.015347955249625456,
  "slot4_param2": 0.7837817916322365,
  "slot4_param3": 0.6330058070955605,
  "slot4_param4": 0.3616695854315062,
  "slot4_param5": 0.3877119260895594,
  "slot4_param6": 0.08732830661768848,
  "slot4_param7": 0.49917524324177653,
  "slot4_param8": 0.1964112511040751,
  "slot4_param9": 0.7412579805807649,
  "slot4_param10": 0.5069270686670317,
  "slot4_param11": 0.4145808896763785,
  "slot4_param12": 0.30390507941644057,
  "slot4_param13": 0.24661242341165565,
  "slot4_param14": 1.0,
  "slot4_param15": 0.7849002773464236,
  "slot5_engine": 0,
  "slot5_bypass": 1.0,
  "slot5_solo": 0.0,
  "slot5_param1": 0.0,
  "slot5_param2": 0.0,
  "slot5_param3": 0.0,
  "slot5_param4": 0.0,
  "slot5_param5": 0.0,
  "slot5_param6": 0.0,
  "slot5_param7": 0.0,
  "slot5_param8": 0.0,
  "slot5_param9": 0.0,
  "slot5_param10": 0.0,
  "slot5_param11": 0.0,
  "slot5_param12": 0.0,
  "slot5_param13": 0.0,
  "slot5_param14": 0.0,
  "slot5_param15": 0.0,
  "slot6_engine": 0,
  "slot6_bypass": 1.0,
  "slot6_solo": 0.0,
  "slot6_param1": 0.0,
  "slot6_param2": 0.0,
  "slot6_param3": 0.0,
  "slot6_param4": 0.0,
  "slot6_param5": 0.0,
  "slot6_param6": 0.0,
  "slot6_param7": 0.0,
  "slot6_param8": 0.0,
  "slot6_param9": 0.0,
  "slot6_param10": 0.0,
  "slot6_param11": 0.0,
  "slot6_param12": 0.0,
  "slot6_param13": 0.0,
  "slot6_param14": 0.0,
  "slot6_param15": 0.0,
  "id": "GC_0034",
  "index": 33
}