{
  "creative_name": "Engineering Test 15 Dreams",
  "category": "Experimental",
  "description": "Systematic exploration of BucketBrigadeDelay",
  "tags": [
    "experimental",
    "creative",
    "unconventional",
    "systematic"
  ],
  "complexity": 0.7753197227697901,
  "brightness": 0.46426983927342874,
  "warmth": 0.6898398394188148,
  "slot1_engine": 53,
  "slot1_bypass": 0.0,
  "slot1_solo": 0.0,
  "slot1_param1": 0.6553787667199199,
  "slot1_param2": 0.4062441485084414,
  "slot1_param3": 0.8213374514986422,
  "slot1_param4": 0.5260565664501973,
  "slot1_param5": 0.9072838361649577,
  "slot1_param6": 0.27714037796292795,
  "slot1_param7": 0.20433862995094398,
  "slot1_param8": 1.0,
  "slot1_param9": 0.1830748780168941,
  "slot1_param10": 0.7492219395092385,
  "slot1_param11": 0.777957370164637,
  "slot1_param12": 0.13077373821942562,
  "slot1_param13": 0.5162710424647949,
  "slot1_param14": 0.2747000233302009,
  "slot1_param15": 0.7022772859130884,
  "slot2_engine": 0,
  "slot2_bypass": 1.0,
  "slot2_solo": 0.0,
  "slot2_param1": 0.0,
  "slot2_param2": 0.0,
  "slot2_param3": 0.0,
  "slot2_param4": 0.0,
  "slot2_param5": 0.0,
  "slot2_param6": 0.0,
  "slot2_param7": 0.0,
  "slot2_param8": 0.0,
  "slot2_param9": 0.0,
  "slot2_param10": 0.0,
  "slot2_param11": 0.0,
  "slot2_param12": 0.0,
  "slot2_param13": 0.0,
  "slot2_param14": 0.0,
  "slot2_param15": 0.0,
  "slot3_engine": 43,
  "slot3_bypass": 0.0,
  "slot3_solo": 0.0,
  "slot3_param1": 0.9918774537768307,
  "slot3_param2": 1.0,
  "slot3_param3": 0.034241916534146044,
  "slot3_param4": 0.6165584571928939,
  "slot3_param5": 0.6290135626278642,
  "slot3_param6": 0.7118269267085133,
  "slot3_param7": 0.3412529245105678,
  "slot3_param8": 0.7251445216733308,
  "slot3_param9": 0.3804604389188308,
  "slot3_param10": 1.0,
  "slot3_param11": 0.5717770720648951,
  "slot3_param12": 0.6385849053687813,
  "slot3_param13": 0.8427653102261419,
  "slot3_param14": 0.9954551938558666,
  "slot3_param15": 0.43882692742201074,
  "slot4_engine": 47,
  "slot4_bypass": 0.0,
  "slot4_solo": 0.0,
  "slot4_param1": 0.10669002540824532,
  "slot4_param2": 0.8791956880430083,
  "slot4_param3": 0.40295082355875156,
  "slot4_param4": 0.3403305228381792,
  "slot4_param5": 0.26710332090934674,
  "slot4_param6": 0.16866078437129722,
  "slot4_param7": 0.8974429146824392,
  "slot4_param8": 0.20338363029755618,
  "slot4_param9": 1.0,
  "slot4_param10": 0.497308456891919,
  "slot4_param11": 0.4697598203739238,
  "slot4_param12": 0.6573397733946869,
  "slot4_param13": 0.2296178240455377,
  "slot4_param14": 0.875268702532664,
  "slot4_param15": 0.5177161073601197,
  "slot5_engine": 0,
  "slot5_bypass": 1.0,
  "slot5_solo": 0.0,
  "slot5_param1": 0.0,
  "slot5_param2": 0.0,
  "slot5_param3": 0.0,
  "slot5_param4": 0.0,
  "slot5_param5": 0.0,
  "slot5_param6": 0.0,
  "slot5_param7": 0.0,
  "slot5_param8": 0.0,
  "slot5_param9": 0.0,
  "slot5_param10": 0.0,
  "slot5_param11": 0.0,
  "slot5_param12": 0.0,
  "slot5_param13": 0.0,
  "slot5_param14": 0.0,
  "slot5_param15": 0.0,
  "slot6_engine": 0,
  "slot6_bypass": 1.0,
  "slot6_solo": 0.0,
  "slot6_param1": 0.0,
  "slot6_param2": 0.0,
  "slot6_param3": 0.0,
  "slot6_param4": 0.0,
  "slot6_param5": 0.0,
  "slot6_param6": 0.0,
  "slot6_param7": 0.0,
  "slot6_param8": 0.0,
  "slot6_param9": 0.0,
  "slot6_param10": 0.0,
  "slot6_param11": 0.0,
  "slot6_param12": 0.0,
  "slot6_param13": 0.0,
  "slot6_param14": 0.0,
  "slot6_param15": 0.0,
  "id": "GC_0065",
  "index": 64
}