{
  "creative_name": "Engineering Test 6 Flux",
  "category": "Experimental",
  "description": "Systematic exploration of SpectralFreeze",
  "tags": [
    "experimental",
    "creative",
    "unconventional",
    "systematic"
  ],
  "complexity": 0.6701639203790107,
  "brightness": 0.41671644441188954,
  "warmth": 0.5816390043472066,
  "slot1_engine": 54,
  "slot1_bypass": 0.0,
  "slot1_solo": 0.0,
  "slot1_param1": 0.34609270903507094,
  "slot1_param2": 0.7266464888099844,
  "slot1_param3": 0.58504750094985,
  "slot1_param4": 0.24161900922238122,
  "slot1_param5": 0.5294541176707271,
  "slot1_param6": 0.1705675065495374,
  "slot1_param7": 0.6676591596633294,
  "slot1_param8": 0.30224575351310917,
  "slot1_param9": 1.0,
  "slot1_param10": 0.6168361941452138,
  "slot1_param11": 0.4382336382272826,
  "slot1_param12": 0.5313531593569187,
  "slot1_param13": 0.5286528710390225,
  "slot1_param14": 0.9595206713645653,
  "slot1_param15": 0.46650914340629296,
  "slot2_engine": 55,
  "slot2_bypass": 0.0,
  "slot2_solo": 0.0,
  "slot2_param1": 0.7079507194429338,
  "slot2_param2": 0.6067309595935202,
  "slot2_param3": 0.8334213851264274,
  "slot2_param4": 0.315620863190176,
  "slot2_param5": 0.6153187486653138,
  "slot2_param6": 0.27791943513930945,
  "slot2_param7": 0.0,
  "slot2_param8": 0.8052669349595113,
  "slot2_param9": 0.47359973829142327,
  "slot2_param10": 0.5639722211987694,
  "slot2_param11": 0.786045962832766,
  "slot2_param12": 0.40722775099233893,
  "slot2_param13": 0.4566846085867952,
  "slot2_param14": 0.6045823650091604,
  "slot2_param15": 0.680058947549278,
  "slot3_engine": 42,
  "slot3_bypass": 0.0,
  "slot3_solo": 0.0,
  "slot3_param1": 1.0,
  "slot3_param2": 0.654586782561261,
  "slot3_param3": 0.07700402935059764,
  "slot3_param4": 0.5574890007632513,
  "slot3_param5": 0.4053417619230974,
  "slot3_param6": 0.7775553181941615,
  "slot3_param7": 0.399174131135173,
  "slot3_param8": 0.7954945193858081,
  "slot3_param9": 0.482076730590671,
  "slot3_param10": 0.8940074777833955,
  "slot3_param11": 0.4742266155979116,
  "slot3_param12": 0.6749993251784229,
  "slot3_param13": 0.8489079767843568,
  "slot3_param14": 0.9582808793460822,
  "slot3_param15": 0.5254717021295517,
  "slot4_engine": 47,
  "slot4_bypass": 0.0,
  "slot4_solo": 0.0,
  "slot4_param1": 0.20000528551957023,
  "slot4_param2": 0.6724987026075275,
  "slot4_param3": 0.7901857434563082,
  "slot4_param4": 0.39124851132414784,
  "slot4_param5": 0.6280133755952749,
  "slot4_param6": 0.3370149760123535,
  "slot4_param7": 0.5589938894824603,
  "slot4_param8": 0.23881162722997074,
  "slot4_param9": 0.8304796121716767,
  "slot4_param10": 0.2802568980514994,
  "slot4_param11": 0.4565937492517597,
  "slot4_param12": 0.46057934785269244,
  "slot4_param13": 0.23000392031917882,
  "slot4_param14": 0.9409668561528126,
  "slot4_param15": 0.4237302148903712,
  "slot5_engine": 0,
  "slot5_bypass": 1.0,
  "slot5_solo": 0.0,
  "slot5_param1": 0.0,
  "slot5_param2": 0.0,
  "slot5_param3": 0.0,
  "slot5_param4": 0.0,
  "slot5_param5": 0.0,
  "slot5_param6": 0.0,
  "slot5_param7": 0.0,
  "slot5_param8": 0.0,
  "slot5_param9": 0.0,
  "slot5_param10": 0.0,
  "slot5_param11": 0.0,
  "slot5_param12": 0.0,
  "slot5_param13": 0.0,
  "slot5_param14": 0.0,
  "slot5_param15": 0.0,
  "slot6_engine": 0,
  "slot6_bypass": 1.0,
  "slot6_solo": 0.0,
  "slot6_param1": 0.0,
  "slot6_param2": 0.0,
  "slot6_param3": 0.0,
  "slot6_param4": 0.0,
  "slot6_param5": 0.0,
  "slot6_param6": 0.0,
  "slot6_param7": 0.0,
  "slot6_param8": 0.0,
  "slot6_param9": 0.0,
  "slot6_param10": 0.0,
  "slot6_param11": 0.0,
  "slot6_param12": 0.0,
  "slot6_param13": 0.0,
  "slot6_param14": 0.0,
  "slot6_param15": 0.0,
  "id": "GC_0056",
  "index": 55
}