{
  "creative_name": "Morphing Harmonic Chaos Spiral + Harmonic Web",
  "category": "Lo-Fi",
  "description": "Hybrid: Harmonized chaos with unstable pitch meets Complex harmonic textures",
  "tags": [
    "experimental",
    "creative",
    "unconventional",
    "hybrid"
  ],
  "complexity": 0.6842371966447315,
  "brightness": 0.43674994675964807,
  "warmth": 0.3808841818722557,
  "slot1_engine": 35,
  "slot1_bypass": 0.0,
  "slot1_solo": 0.0,
  "slot1_param1": 0.17679471286144421,
  "slot1_param2": 0.7453573814910548,
  "slot1_param3": 0.32069394901729337,
  "slot1_param4": 0.5092367181864186,
  "slot1_param5": 1.0,
  "slot1_param6": 0.0,
  "slot1_param7": 0.9468746623976554,
  "slot1_param8": 0.6283920538912431,
  "slot1_param9": 0.6375992486671764,
  "slot1_param10": 1.0,
  "slot1_param11": 0.1443262292437314,
  "slot1_param12": 0.7069124093902863,
  "slot1_param13": 0.867652083288552,
  "slot1_param14": 0.3184500315087839,
  "slot1_param15": 0.8992674839624025,
  "slot2_engine": 55,
  "slot2_bypass": 0.0,
  "slot2_solo": 0.0,
  "slot2_param1": 0.2290759248551287,
  "slot2_param2": 0.6648036469470804,
  "slot2_param3": 0.8950316690465437,
  "slot2_param4": 0.6291160314485458,
  "slot2_param5": 0.26290779265636205,
  "slot2_param6": 0.15066463721219384,
  "slot2_param7": 0.7028253962686071,
  "slot2_param8": 0.0,
  "slot2_param9": 1.0,
  "slot2_param10": 0.5992055325920971,
  "slot2_param11": 0.5847056164704437,
  "slot2_param12": 0.6273966781245994,
  "slot2_param13": 0.027024972965810135,
  "slot2_param14": 0.6149609663872582,
  "slot2_param15": 0.6806393519185517,
  "slot3_engine": 56,
  "slot3_bypass": 0.0,
  "slot3_solo": 0.0,
  "slot3_param1": 0.31349389773412706,
  "slot3_param2": 1.0,
  "slot3_param3": 0.35202308620018785,
  "slot3_param4": 0.2790847559344227,
  "slot3_param5": 0.8129127560466446,
  "slot3_param6": 0.5512849248778235,
  "slot3_param7": 0.35653457785031517,
  "slot3_param8": 0.09421418849933541,
  "slot3_param9": 1.0,
  "slot3_param10": 0.3315346055361682,
  "slot3_param11": 0.7073313443299949,
  "slot3_param12": 0.32565042455247495,
  "slot3_param13": 0.29628444407699317,
  "slot3_param14": 0.9584773209095686,
  "slot3_param15": 0.7130283962691871,
  "slot4_engine": 53,
  "slot4_bypass": 0.0,
  "slot4_solo": 0.0,
  "slot4_param1": 0.8482835988880171,
  "slot4_param2": 0.05986446282685792,
  "slot4_param3": 0.6275207819019997,
  "slot4_param4": 0.38886281284397567,
  "slot4_param5": 0.7933874961376335,
  "slot4_param6": 0.5478215526606383,
  "slot4_param7": 0.0,
  "slot4_param8": 0.46035386512478993,
  "slot4_param9": 0.12754514828281677,
  "slot4_param10": 0.7538051467463698,
  "slot4_param11": 0.6076928045391273,
  "slot4_param12": 0.39984700887708546,
  "slot4_param13": 0.6559309365211115,
  "slot4_param14": 0.42703146651664153,
  "slot4_param15": 0.8265365740246775,
  "slot5_engine": 47,
  "slot5_bypass": 0.0,
  "slot5_solo": 0.0,
  "slot5_param1": 0.2934928150787628,
  "slot5_param2": 1.0,
  "slot5_param3": 0.5811958684215899,
  "slot5_param4": 0.33717673057563,
  "slot5_param5": 0.7360921063809358,
  "slot5_param6": 0.14072508568325476,
  "slot5_param7": 0.8545963024446536,
  "slot5_param8": 0.3023849593740704,
  "slot5_param9": 1.0,
  "slot5_param10": 0.583242039698089,
  "slot5_param11": 0.5041526229121942,
  "slot5_param12": 0.36571186662506705,
  "slot5_param13": 0.4866750883022893,
  "slot5_param14": 0.8848080192695735,
  "slot5_param15": 0.5474931296496225,
  "slot6_engine": 0,
  "slot6_bypass": 1.0,
  "slot6_solo": 0.0,
  "slot6_param1": 0.0,
  "slot6_param2": 0.0,
  "slot6_param3": 0.0,
  "slot6_param4": 0.0,
  "slot6_param5": 0.0,
  "slot6_param6": 0.0,
  "slot6_param7": 0.0,
  "slot6_param8": 0.0,
  "slot6_param9": 0.0,
  "slot6_param10": 0.0,
  "slot6_param11": 0.0,
  "slot6_param12": 0.0,
  "slot6_param13": 0.0,
  "slot6_param14": 0.0,
  "slot6_param15": 0.0,
  "id": "GC_0128",
  "index": 127
}