{
  "creative_name": "Engineering Test 21 Vortex",
  "category": "Rhythmic",
  "description": "Systematic exploration of SpectralFreeze",
  "tags": [
    "experimental",
    "creative",
    "unconventional",
    "systematic"
  ],
  "complexity": 0.8187642427921503,
  "brightness": 0.7481766370509819,
  "warmth": 0.2507792504802899,
  "slot1_engine": 54,
  "slot1_bypass": 0.0,
  "slot1_solo": 0.0,
  "slot1_param1": 0.6100479305244952,
  "slot1_param2": 0.5298393475804162,
  "slot1_param3": 1.0,
  "slot1_param4": 0.33008042960598055,
  "slot1_param5": 0.52413764472578,
  "slot1_param6": 0.2620619291079926,
  "slot1_param7": 0.037964585035310916,
  "slot1_param8": 0.9613966076060245,
  "slot1_param9": 0.33190989898370593,
  "slot1_param10": 0.4470662358228534,
  "slot1_param11": 0.7738228261533612,
  "slot1_param12": 0.2939189050589811,
  "slot1_param13": 0.4597128824349276,
  "slot1_param14": 0.7420857985347091,
  "slot1_param15": 0.7075196736181479,
  "slot2_engine": 44,
  "slot2_bypass": 0.0,
  "slot2_solo": 0.0,
  "slot2_param1": 0.9836196082899281,
  "slot2_param2": 1.0,
  "slot2_param3": 0.36417748887787277,
  "slot2_param4": 0.7329579770769663,
  "slot2_param5": 0.5975703821270655,
  "slot2_param6": 0.6271473308138351,
  "slot2_param7": 0.43930174726225707,
  "slot2_param8": 0.812449924918307,
  "slot2_param9": 0.18268765879867543,
  "slot2_param10": 0.5769448771037687,
  "slot2_param11": 0.44909763492496035,
  "slot2_param12": 0.8227103290859996,
  "slot2_param13": 0.47290761465039416,
  "slot2_param14": 0.953729258898325,
  "slot2_param15": 0.6843410197305508,
  "slot3_engine": 43,
  "slot3_bypass": 0.0,
  "slot3_solo": 0.0,
  "slot3_param1": 0.29929321956849775,
  "slot3_param2": 0.7272725589396115,
  "slot3_param3": 0.7657567343497033,
  "slot3_param4": 0.0,
  "slot3_param5": 0.1252860826088072,
  "slot3_param6": 0.5573348010064167,
  "slot3_param7": 0.5986845474017062,
  "slot3_param8": 0.26835490266084383,
  "slot3_param9": 0.8466074029315023,
  "slot3_param10": 0.6080078744216835,
  "slot3_param11": 0.6817902852714188,
  "slot3_param12": 0.3153084067209323,
  "slot3_param13": 0.7328856542551656,
  "slot3_param14": 0.42823080052708345,
  "slot3_param15": 0.7029285177122551,
  "slot4_engine": 52,
  "slot4_bypass": 0.0,
  "slot4_solo": 0.0,
  "slot4_param1": 0.040714717414550156,
  "slot4_param2": 0.6525323482621297,
  "slot4_param3": 0.4026721491013129,
  "slot4_param4": 0.4110812830603826,
  "slot4_param5": 0.7292801647976328,
  "slot4_param6": 0.28615420570349387,
  "slot4_param7": 0.5095762862394907,
  "slot4_param8": 0.027227146879427067,
  "slot4_param9": 0.68766576816613,
  "slot4_param10": 0.2284856419231811,
  "slot4_param11": 0.8252271170879195,
  "slot4_param12": 0.46885182198128617,
  "slot4_param13": 0.05720596319103399,
  "slot4_param14": 0.6387569951138188,
  "slot4_param15": 0.7031789915758835,
  "slot5_engine": 0,
  "slot5_bypass": 1.0,
  "slot5_solo": 0.0,
  "slot5_param1": 0.0,
  "slot5_param2": 0.0,
  "slot5_param3": 0.0,
  "slot5_param4": 0.0,
  "slot5_param5": 0.0,
  "slot5_param6": 0.0,
  "slot5_param7": 0.0,
  "slot5_param8": 0.0,
  "slot5_param9": 0.0,
  "slot5_param10": 0.0,
  "slot5_param11": 0.0,
  "slot5_param12": 0.0,
  "slot5_param13": 0.0,
  "slot5_param14": 0.0,
  "slot5_param15": 0.0,
  "slot6_engine": 0,
  "slot6_bypass": 1.0,
  "slot6_solo": 0.0,
  "slot6_param1": 0.0,
  "slot6_param2": 0.0,
  "slot6_param3": 0.0,
  "slot6_param4": 0.0,
  "slot6_param5": 0.0,
  "slot6_param6": 0.0,
  "slot6_param7": 0.0,
  "slot6_param8": 0.0,
  "slot6_param9": 0.0,
  "slot6_param10": 0.0,
  "slot6_param11": 0.0,
  "slot6_param12": 0.0,
  "slot6_param13": 0.0,
  "slot6_param14": 0.0,
  "slot6_param15": 0.0,
  "id": "GC_0071",
  "index": 70
}