{
  "creative_name": "Astral Harmonic Chaos Spiral + Spectral Freeze Stutter",
  "category": "Textural",
  "description": "Hybrid: Harmonized chaos with unstable pitch meets Frozen spectral content with chaotic amplitude",
  "tags": [
    "experimental",
    "creative",
    "unconventional",
    "hybrid"
  ],
  "complexity": 0.9552397572144486,
  "brightness": 0.7424909324669751,
  "warmth": 0.6660339154877202,
  "slot1_engine": 35,
  "slot1_bypass": 0.0,
  "slot1_solo": 0.0,
  "slot1_param1": 0.9325589810403627,
  "slot1_param2": 0.695914058805637,
  "slot1_param3": 0.591251598126799,
  "slot1_param4": 0.6298564902374428,
  "slot1_param5": 0.4496676268493071,
  "slot1_param6": 0.5033902584047695,
  "slot1_param7": 0.1784026350765468,
  "slot1_param8": 0.4287076843537376,
  "slot1_param9": 1.0,
  "slot1_param10": 0.3207056069975471,
  "slot1_param11": 0.40350636413575786,
  "slot1_param12": 0.5851667844778162,
  "slot1_param13": 0.5449293001958622,
  "slot1_param14": 1.0,
  "slot1_param15": 0.45917565435890184,
  "slot2_engine": 54,
  "slot2_bypass": 0.0,
  "slot2_solo": 0.0,
  "slot2_param1": 0.349009620839534,
  "slot2_param2": 0.6834772838904662,
  "slot2_param3": 0.7882903708055455,
  "slot2_param4": 0.5649259501684804,
  "slot2_param5": 0.44082823389052866,
  "slot2_param6": 0.5824535600684875,
  "slot2_param7": 0.7283384168826839,
  "slot2_param8": 0.0,
  "slot2_param9": 0.9526391463031019,
  "slot2_param10": 0.18033013135048373,
  "slot2_param11": 0.6304782961281288,
  "slot2_param12": 0.6905946839967902,
  "slot2_param13": 0.12326463515134789,
  "slot2_param14": 0.9590111410300408,
  "slot2_param15": 0.6974489312124648,
  "slot3_engine": 56,
  "slot3_bypass": 0.0,
  "slot3_solo": 0.0,
  "slot3_param1": 0.0,
  "slot3_param2": 0.8808540982439717,
  "slot3_param3": 0.6580937215888896,
  "slot3_param4": 0.3755257511514215,
  "slot3_param5": 0.31689626891129963,
  "slot3_param6": 0.6296822694349602,
  "slot3_param7": 0.38308052005258714,
  "slot3_param8": 0.3886690974618385,
  "slot3_param9": 0.8845562525857358,
  "slot3_param10": 0.5120847034313452,
  "slot3_param11": 0.7553028094584716,
  "slot3_param12": 0.6344998165355635,
  "slot3_param13": 0.4367674677620707,
  "slot3_param14": 0.5978323245889982,
  "slot3_param15": 0.8514104753931675,
  "slot4_engine": 52,
  "slot4_bypass": 0.0,
  "slot4_solo": 0.0,
  "slot4_param1": 0.42316032839205986,
  "slot4_param2": 1.0,
  "slot4_param3": 0.31410797926267015,
  "slot4_param4": 0.1921555979327221,
  "slot4_param5": 0.4939034728828296,
  "slot4_param6": 0.5792008785699589,
  "slot4_param7": 0.7006120632034529,
  "slot4_param8": 0.3758000244249358,
  "slot4_param9": 0.8171339449191946,
  "slot4_param10": 0.35328460957200825,
  "slot4_param11": 0.6523931358041855,
  "slot4_param12": 0.7071588705921599,
  "slot4_param13": 0.2660437429529501,
  "slot4_param14": 0.7084847442697276,
  "slot4_param15": 0.6666860157835168,
  "slot5_engine": 52,
  "slot5_bypass": 0.0,
  "slot5_solo": 0.0,
  "slot5_param1": 0.13642128490146585,
  "slot5_param2": 0.6576024061350505,
  "slot5_param3": 0.7449994768911831,
  "slot5_param4": 0.18633812617049356,
  "slot5_param5": 0.6742853410146618,
  "slot5_param6": 0.590923021915275,
  "slot5_param7": 0.6999880747637239,
  "slot5_param8": 0.4022172473504723,
  "slot5_param9": 0.9584174818193414,
  "slot5_param10": 0.3956243863782511,
  "slot5_param11": 0.4778370704283781,
  "slot5_param12": 0.819725081304815,
  "slot5_param13": 0.18884744913749263,
  "slot5_param14": 0.8286824763347319,
  "slot5_param15": 0.5309556852852708,
  "slot6_engine": 0,
  "slot6_bypass": 1.0,
  "slot6_solo": 0.0,
  "slot6_param1": 0.0,
  "slot6_param2": 0.0,
  "slot6_param3": 0.0,
  "slot6_param4": 0.0,
  "slot6_param5": 0.0,
  "slot6_param6": 0.0,
  "slot6_param7": 0.0,
  "slot6_param8": 0.0,
  "slot6_param9": 0.0,
  "slot6_param10": 0.0,
  "slot6_param11": 0.0,
  "slot6_param12": 0.0,
  "slot6_param13": 0.0,
  "slot6_param14": 0.0,
  "slot6_param15": 0.0,
  "id": "GC_0139",
  "index": 138
}