{
  "creative_name": "Engineering Test 24 Storm",
  "category": "Glitch",
  "description": "Systematic exploration of DimensionExpander",
  "tags": [
    "experimental",
    "creative",
    "unconventional",
    "systematic"
  ],
  "complexity": 0.716089316748066,
  "brightness": 0.4628253011563206,
  "warmth": 0.4164669946774531,
  "slot1_engine": 52,
  "slot1_bypass": 0.0,
  "slot1_solo": 0.0,
  "slot1_param1": 0.03929616906603359,
  "slot1_param2": 0.7541513593967353,
  "slot1_param3": 0.43277049495888753,
  "slot1_param4": 0.5978520806213337,
  "slot1_param5": 0.560586796144861,
  "slot1_param6": 0.1655686761074568,
  "slot1_param7": 0.6770029180303184,
  "slot1_param8": 0.08419512336010632,
  "slot1_param9": 0.960243017010693,
  "slot1_param10": 0.48300917621042955,
  "slot1_param11": 0.4705137246365521,
  "slot1_param12": 0.5461943338648172,
  "slot1_param13": 0.22432547343268333,
  "slot1_param14": 0.576825759934735,
  "slot1_param15": 0.8756120513146277,
  "slot2_engine": 0,
  "slot2_bypass": 1.0,
  "slot2_solo": 0.0,
  "slot2_param1": 0.0,
  "slot2_param2": 0.0,
  "slot2_param3": 0.0,
  "slot2_param4": 0.0,
  "slot2_param5": 0.0,
  "slot2_param6": 0.0,
  "slot2_param7": 0.0,
  "slot2_param8": 0.0,
  "slot2_param9": 0.0,
  "slot2_param10": 0.0,
  "slot2_param11": 0.0,
  "slot2_param12": 0.0,
  "slot2_param13": 0.0,
  "slot2_param14": 0.0,
  "slot2_param15": 0.0,
  "slot3_engine": 45,
  "slot3_bypass": 0.0,
  "slot3_solo": 0.0,
  "slot3_param1": 0.44662973717791526,
  "slot3_param2": 0.6193409570997019,
  "slot3_param3": 1.0,
  "slot3_param4": 0.1842067199171157,
  "slot3_param5": 0.2911736888066921,
  "slot3_param6": 0.6086152909074334,
  "slot3_param7": 0.595980443399154,
  "slot3_param8": 0.42232189832542183,
  "slot3_param9": 0.9487913070546786,
  "slot3_param10": 0.28083213842673593,
  "slot3_param11": 0.9446634487374499,
  "slot3_param12": 0.4972910372663394,
  "slot3_param13": 0.5689774542523074,
  "slot3_param14": 0.5837113237872595,
  "slot3_param15": 0.5827140185006333,
  "slot4_engine": 52,
  "slot4_bypass": 0.0,
  "slot4_solo": 0.0,
  "slot4_param1": 0.16725341028387616,
  "slot4_param2": 0.5789183669051017,
  "slot4_param3": 0.7719871890534953,
  "slot4_param4": 0.2919617685812822,
  "slot4_param5": 0.31567156787850975,
  "slot4_param6": 0.4751981034718761,
  "slot4_param7": 0.49406905163352133,
  "slot4_param8": 0.4456546779730431,
  "slot4_param9": 0.9460686487942389,
  "slot4_param10": 0.18059927089124533,
  "slot4_param11": 0.6266274752970288,
  "slot4_param12": 0.3038839439554498,
  "slot4_param13": 0.09154733537533394,
  "slot4_param14": 0.9233955880148554,
  "slot4_param15": 0.6022664123676829,
  "slot5_engine": 0,
  "slot5_bypass": 1.0,
  "slot5_solo": 0.0,
  "slot5_param1": 0.0,
  "slot5_param2": 0.0,
  "slot5_param3": 0.0,
  "slot5_param4": 0.0,
  "slot5_param5": 0.0,
  "slot5_param6": 0.0,
  "slot5_param7": 0.0,
  "slot5_param8": 0.0,
  "slot5_param9": 0.0,
  "slot5_param10": 0.0,
  "slot5_param11": 0.0,
  "slot5_param12": 0.0,
  "slot5_param13": 0.0,
  "slot5_param14": 0.0,
  "slot5_param15": 0.0,
  "slot6_engine": 0,
  "slot6_bypass": 1.0,
  "slot6_solo": 0.0,
  "slot6_param1": 0.0,
  "slot6_param2": 0.0,
  "slot6_param3": 0.0,
  "slot6_param4": 0.0,
  "slot6_param5": 0.0,
  "slot6_param6": 0.0,
  "slot6_param7": 0.0,
  "slot6_param8": 0.0,
  "slot6_param9": 0.0,
  "slot6_param10": 0.0,
  "slot6_param11": 0.0,
  "slot6_param12": 0.0,
  "slot6_param13": 0.0,
  "slot6_param14": 0.0,
  "slot6_param15": 0.0,
  "id": "GC_0074",
  "index": 73
}