{
  "creative_name": "Nebula Harmonic Web + Resonant Modulation",
  "category": "Experimental",
  "description": "Hybrid: Complex harmonic textures meets Resonant filtering with chaotic modulation",
  "tags": [
    "experimental",
    "creative",
    "unconventional",
    "hybrid"
  ],
  "complexity": 0.957762620935334,
  "brightness": 0.6244518161659999,
  "warmth": 0.41405065298812616,
  "slot1_engine": 55,
  "slot1_bypass": 0.0,
  "slot1_solo": 0.0,
  "slot1_param1": 0.30070123956934447,
  "slot1_param2": 1.0,
  "slot1_param3": 0.5428379248538256,
  "slot1_param4": 0.2438632789544978,
  "slot1_param5": 0.7684756677139892,
  "slot1_param6": 0.009025803426250534,
  "slot1_param7": 0.8520886829229961,
  "slot1_param8": 0.0,
  "slot1_param9": 0.6988695210725109,
  "slot1_param10": 0.14837009935008594,
  "slot1_param11": 0.7270912194473007,
  "slot1_param12": 0.6052647211138509,
  "slot1_param13": 0.0,
  "slot1_param14": 0.8109321264634989,
  "slot1_param15": 0.7683839021886907,
  "slot2_engine": 31,
  "slot2_bypass": 0.0,
  "slot2_solo": 0.0,
  "slot2_param1": 0.32668140651932176,
  "slot2_param2": 0.8074198906879302,
  "slot2_param3": 0.9113434161567513,
  "slot2_param4": 0.39378489938218764,
  "slot2_param5": 0.8207929334758607,
  "slot2_param6": 0.2929983880590266,
  "slot2_param7": 0.6941804182736628,
  "slot2_param8": 0.0,
  "slot2_param9": 0.4621778372554798,
  "slot2_param10": 0.22876178637673628,
  "slot2_param11": 0.9582786875198261,
  "slot2_param12": 0.37341190790828394,
  "slot2_param13": 0.28421555929695824,
  "slot2_param14": 0.6451991458469255,
  "slot2_param15": 0.7272617629224738,
  "slot3_engine": 35,
  "slot3_bypass": 0.0,
  "slot3_solo": 0.0,
  "slot3_param1": 0.6146449466810799,
  "slot3_param2": 0.6689584962942106,
  "slot3_param3": 0.7018198828519349,
  "slot3_param4": 0.5700554707100082,
  "slot3_param5": 0.1142083410668654,
  "slot3_param6": 1.0,
  "slot3_param7": 0.3397681718854359,
  "slot3_param8": 0.2482804574363509,
  "slot3_param9": 0.5422525394050373,
  "slot3_param10": 0.6018521422631106,
  "slot3_param11": 0.46057409465548227,
  "slot3_param12": 0.541281993423201,
  "slot3_param13": 0.21990870416550384,
  "slot3_param14": 0.6936741588509018,
  "slot3_param15": 0.6006015633957164,
  "slot4_engine": 37,
  "slot4_bypass": 0.0,
  "slot4_solo": 0.0,
  "slot4_param1": 0.7127925997581768,
  "slot4_param2": 1.0,
  "slot4_param3": 0.6369567235385003,
  "slot4_param4": 0.7663026276687114,
  "slot4_param5": 0.9110823999001385,
  "slot4_param6": 0.0,
  "slot4_param7": 0.5335534329628119,
  "slot4_param8": 0.2724320074052732,
  "slot4_param9": 0.2359259712197217,
  "slot4_param10": 1.0,
  "slot4_param11": 0.36145448497480737,
  "slot4_param12": 0.43697979517854,
  "slot4_param13": 0.9483905578342364,
  "slot4_param14": 0.2782563762768725,
  "slot4_param15": 0.49119252195341534,
  "slot5_engine": 47,
  "slot5_bypass": 0.0,
  "slot5_solo": 0.0,
  "slot5_param1": 0.37462776406136367,
  "slot5_param2": 0.9935055902985018,
  "slot5_param3": 0.7939726068679056,
  "slot5_param4": 0.10408907422408903,
  "slot5_param5": 0.5532748632356685,
  "slot5_param6": 0.1416863672532895,
  "slot5_param7": 0.7171827640390451,
  "slot5_param8": 0.16181521062218412,
  "slot5_param9": 1.0,
  "slot5_param10": 0.5970902715777783,
  "slot5_param11": 0.9477440682579974,
  "slot5_param12": 0.8208863776965984,
  "slot5_param13": 0.1382809462292624,
  "slot5_param14": 0.5800844845243115,
  "slot5_param15": 0.7161402827329993,
  "slot6_engine": 0,
  "slot6_bypass": 1.0,
  "slot6_solo": 0.0,
  "slot6_param1": 0.0,
  "slot6_param2": 0.0,
  "slot6_param3": 0.0,
  "slot6_param4": 0.0,
  "slot6_param5": 0.0,
  "slot6_param6": 0.0,
  "slot6_param7": 0.0,
  "slot6_param8": 0.0,
  "slot6_param9": 0.0,
  "slot6_param10": 0.0,
  "slot6_param11": 0.0,
  "slot6_param12": 0.0,
  "slot6_param13": 0.0,
  "slot6_param14": 0.0,
  "slot6_param15": 0.0,
  "id": "GC_0142",
  "index": 141
}