{
  "creative_name": "Pitch Spiral Flux",
  "category": "Experimental",
  "description": "Ascending pitch spirals with granular texture",
  "tags": [
    "experimental",
    "creative",
    "unconventional"
  ],
  "complexity": 0.800892704359017,
  "brightness": 0.4514984536809816,
  "warmth": 0.4083049376662071,
  "slot1_engine": 34,
  "slot1_bypass": 0.0,
  "slot1_solo": 0.0,
  "slot1_param1": 0.7154834730518078,
  "slot1_param2": 0.7618180323412853,
  "slot1_param3": 0.08930397611790691,
  "slot1_param4": 0.33416469971736107,
  "slot1_param5": 0.6222830862693389,
  "slot1_param6": 0.06764595447983524,
  "slot1_param7": 0.7238314613886518,
  "slot1_param8": 0.1822490484558731,
  "slot1_param9": 0.807045774973381,
  "slot1_param10": 0.642911408215182,
  "slot1_param11": 0.4190803181296564,
  "slot1_param12": 0.720087531678042,
  "slot1_param13": 0.7934111053370381,
  "slot1_param14": 0.11683043953786049,
  "slot1_param15": 0.589800476447661,
  "slot2_engine": 55,
  "slot2_bypass": 0.0,
  "slot2_solo": 0.0,
  "slot2_param1": 0.4758656664332485,
  "slot2_param2": 0.2066535334325627,
  "slot2_param3": 0.6943604773658952,
  "slot2_param4": 0.4448656006762812,
  "slot2_param5": 0.7958701790321899,
  "slot2_param6": 0.6039384228387255,
  "slot2_param7": 0.06787420692641383,
  "slot2_param8": 0.9594786967891871,
  "slot2_param9": 0.30877849699934745,
  "slot2_param10": 0.4283190152711489,
  "slot2_param11": 0.7387060947374312,
  "slot2_param12": 0.0,
  "slot2_param13": 0.7791097806711177,
  "slot2_param14": 0.8076039973867237,
  "slot2_param15": 0.791164883303241,
  "slot3_engine": 53,
  "slot3_bypass": 0.0,
  "slot3_solo": 0.0,
  "slot3_param1": 0.0,
  "slot3_param2": 0.9742849161384359,
  "slot3_param3": 0.4820550377162769,
  "slot3_param4": 0.2951849682424671,
  "slot3_param5": 0.5029733688114646,
  "slot3_param6": 0.026376931318552288,
  "slot3_param7": 0.7188816511458891,
  "slot3_param8": 0.4438845157269249,
  "slot3_param9": 0.6970845796822205,
  "slot3_param10": 0.6107150912055948,
  "slot3_param11": 0.9485001125801262,
  "slot3_param12": 0.7102619070483855,
  "slot3_param13": 0.001686337600627641,
  "slot3_param14": 0.5893600538505519,
  "slot3_param15": 0.596964240008442,
  "slot4_engine": 19,
  "slot4_bypass": 0.0,
  "slot4_solo": 0.0,
  "slot4_param1": 0.9081949866357961,
  "slot4_param2": 0.3081364784074825,
  "slot4_param3": 0.6423035807574315,
  "slot4_param4": 0.0,
  "slot4_param5": 0.9240846728329588,
  "slot4_param6": 0.4009997411351014,
  "slot4_param7": 1.0,
  "slot4_param8": 0.0,
  "slot4_param9": 1.0,
  "slot4_param10": 0.3105705600138642,
  "slot4_param11": 1.0,
  "slot4_param12": 0.0,
  "slot4_param13": 0.8270334178753185,
  "slot4_param14": 0.5981103584637519,
  "slot4_param15": 0.5273321778111286,
  "slot5_engine": 0,
  "slot5_bypass": 1.0,
  "slot5_solo": 0.0,
  "slot5_param1": 0.0,
  "slot5_param2": 0.0,
  "slot5_param3": 0.0,
  "slot5_param4": 0.0,
  "slot5_param5": 0.0,
  "slot5_param6": 0.0,
  "slot5_param7": 0.0,
  "slot5_param8": 0.0,
  "slot5_param9": 0.0,
  "slot5_param10": 0.0,
  "slot5_param11": 0.0,
  "slot5_param12": 0.0,
  "slot5_param13": 0.0,
  "slot5_param14": 0.0,
  "slot5_param15": 0.0,
  "slot6_engine": 0,
  "slot6_bypass": 1.0,
  "slot6_solo": 0.0,
  "slot6_param1": 0.0,
  "slot6_param2": 0.0,
  "slot6_param3": 0.0,
  "slot6_param4": 0.0,
  "slot6_param5": 0.0,
  "slot6_param6": 0.0,
  "slot6_param7": 0.0,
  "slot6_param8": 0.0,
  "slot6_param9": 0.0,
  "slot6_param10": 0.0,
  "slot6_param11": 0.0,
  "slot6_param12": 0.0,
  "slot6_param13": 0.0,
  "slot6_param14": 0.0,
  "slot6_param15": 0.0,
  "id": "GC_0033",
  "index": 32
}