{
  "creative_name": "Spectral Freeze Stutter Waves",
  "category": "Experimental",
  "description": "Frozen spectral content with chaotic amplitude",
  "tags": [
    "experimental",
    "creative",
    "unconventional",
    "glitch",
    "idm",
    "experimental"
  ],
  "complexity": 0.8756987669570813,
  "brightness": 0.4250576310001151,
  "warmth": 0.3488300195233175,
  "slot1_engine": 54,
  "slot1_bypass": 0.0,
  "slot1_solo": 0.0,
  "slot1_param1": 0.2498962786229361,
  "slot1_param2": 1.0,
  "slot1_param3": 0.5490755003933054,
  "slot1_param4": 0.42173951206576415,
  "slot1_param5": 0.7574147874027619,
  "slot1_param6": 0.5353420340151309,
  "slot1_param7": 0.5965031737800157,
  "slot1_param8": 0.0,
  "slot1_param9": 0.8411269223141812,
  "slot1_param10": 0.216799621041722,
  "slot1_param11": 0.5127565586330123,
  "slot1_param12": 0.3875444419747768,
  "slot1_param13": 0.01639960399556617,
  "slot1_param14": 0.6406462923405236,
  "slot1_param15": 0.8642732155564401,
  "slot2_engine": 56,
  "slot2_bypass": 0.0,
  "slot2_solo": 0.0,
  "slot2_param1": 0.0,
  "slot2_param2": 0.5488725814243837,
  "slot2_param3": 0.4148762651928646,
  "slot2_param4": 0.6448545259845313,
  "slot2_param5": 0.3131623625159959,
  "slot2_param6": 0.12878303326364499,
  "slot2_param7": 0.7756168700622607,
  "slot2_param8": 0.42116761777695233,
  "slot2_param9": 1.0,
  "slot2_param10": 0.4246143307412596,
  "slot2_param11": 0.4820627316919752,
  "slot2_param12": 0.3563624535497324,
  "slot2_param13": 0.3756114351267456,
  "slot2_param14": 1.0,
  "slot2_param15": 0.7909267586412645,
  "slot3_engine": 52,
  "slot3_bypass": 0.0,
  "slot3_solo": 0.0,
  "slot3_param1": 0.0,
  "slot3_param2": 0.8386168718066702,
  "slot3_param3": 0.8998551201681972,
  "slot3_param4": 0.2507661474584446,
  "slot3_param5": 0.4846383876631394,
  "slot3_param6": 0.00787738625598372,
  "slot3_param7": 0.5667868725259703,
  "slot3_param8": 0.4303762843732938,
  "slot3_param9": 0.8816225197607545,
  "slot3_param10": 0.4085625735348726,
  "slot3_param11": 0.5035137812052873,
  "slot3_param12": 0.6498858951478156,
  "slot3_param13": 0.5541533105549407,
  "slot3_param14": 0.9923265245747734,
  "slot3_param15": 0.7112765596943246,
  "slot4_engine": 0,
  "slot4_bypass": 1.0,
  "slot4_solo": 0.0,
  "slot4_param1": 0.0,
  "slot4_param2": 0.0,
  "slot4_param3": 0.0,
  "slot4_param4": 0.0,
  "slot4_param5": 0.0,
  "slot4_param6": 0.0,
  "slot4_param7": 0.0,
  "slot4_param8": 0.0,
  "slot4_param9": 0.0,
  "slot4_param10": 0.0,
  "slot4_param11": 0.0,
  "slot4_param12": 0.0,
  "slot4_param13": 0.0,
  "slot4_param14": 0.0,
  "slot4_param15": 0.0,
  "slot5_engine": 0,
  "slot5_bypass": 1.0,
  "slot5_solo": 0.0,
  "slot5_param1": 0.0,
  "slot5_param2": 0.0,
  "slot5_param3": 0.0,
  "slot5_param4": 0.0,
  "slot5_param5": 0.0,
  "slot5_param6": 0.0,
  "slot5_param7": 0.0,
  "slot5_param8": 0.0,
  "slot5_param9": 0.0,
  "slot5_param10": 0.0,
  "slot5_param11": 0.0,
  "slot5_param12": 0.0,
  "slot5_param13": 0.0,
  "slot5_param14": 0.0,
  "slot5_param15": 0.0,
  "slot6_engine": 0,
  "slot6_bypass": 1.0,
  "slot6_solo": 0.0,
  "slot6_param1": 0.0,
  "slot6_param2": 0.0,
  "slot6_param3": 0.0,
  "slot6_param4": 0.0,
  "slot6_param5": 0.0,
  "slot6_param6": 0.0,
  "slot6_param7": 0.0,
  "slot6_param8": 0.0,
  "slot6_param9": 0.0,
  "slot6_param10": 0.0,
  "slot6_param11": 0.0,
  "slot6_param12": 0.0,
  "slot6_param13": 0.0,
  "slot6_param14": 0.0,
  "slot6_param15": 0.0,
  "id": "GC_0092",
  "context": "Electronic",
  "index": 91
}