{
  "creative_name": "Astral Engineering Test 23",
  "category": "Experimental",
  "description": "Systematic exploration of ChaosGenerator",
  "tags": [
    "experimental",
    "creative",
    "unconventional",
    "systematic"
  ],
  "complexity": 0.9547787534400924,
  "brightness": 0.4333669449445043,
  "warmth": 0.2819322239673486,
  "slot1_engine": 56,
  "slot1_bypass": 0.0,
  "slot1_solo": 0.0,
  "slot1_param1": 0.08370072267723952,
  "slot1_param2": 0.8813479244066271,
  "slot1_param3": 0.4493717875958811,
  "slot1_param4": 0.5171517982680904,
  "slot1_param5": 0.27383058152658957,
  "slot1_param6": 0.5196521561457058,
  "slot1_param7": 0.8185460393948615,
  "slot1_param8": 0.07687538340567535,
  "slot1_param9": 0.6589904806425815,
  "slot1_param10": 0.5350958393995784,
  "slot1_param11": 0.8185534243329748,
  "slot1_param12": 0.5253271907098198,
  "slot1_param13": 0.2969686404241883,
  "slot1_param14": 0.6676740247796482,
  "slot1_param15": 0.7589533328496899,
  "slot2_engine": 54,
  "slot2_bypass": 0.0,
  "slot2_solo": 0.0,
  "slot2_param1": 0.18941811639670955,
  "slot2_param2": 0.7668342850448908,
  "slot2_param3": 0.6160753540556569,
  "slot2_param4": 0.35969089826793293,
  "slot2_param5": 0.648375927344595,
  "slot2_param6": 0.3938971323987614,
  "slot2_param7": 0.5555307409722937,
  "slot2_param8": 0.4380326346597165,
  "slot2_param9": 0.962048534756996,
  "slot2_param10": 0.34382175645420443,
  "slot2_param11": 0.4584100347648292,
  "slot2_param12": 0.5698759744374962,
  "slot2_param13": 0.3082233143729459,
  "slot2_param14": 0.7615825404695402,
  "slot2_param15": 0.6255555270514913,
  "slot3_engine": 43,
  "slot3_bypass": 0.0,
  "slot3_solo": 0.0,
  "slot3_param1": 0.799530956224728,
  "slot3_param2": 0.8337935110612377,
  "slot3_param3": 0.30600898381678643,
  "slot3_param4": 1.0,
  "slot3_param5": 0.5821529929414413,
  "slot3_param6": 0.728179244927833,
  "slot3_param7": 0.48956674835584485,
  "slot3_param8": 0.6562842137991671,
  "slot3_param9": 0.1467153027784639,
  "slot3_param10": 0.6195893134882945,
  "slot3_param11": 0.35525963811987155,
  "slot3_param12": 0.7879081918099515,
  "slot3_param13": 0.791396545960037,
  "slot3_param14": 1.0,
  "slot3_param15": 0.7426969295253909,
  "slot4_engine": 52,
  "slot4_bypass": 0.0,
  "slot4_solo": 0.0,
  "slot4_param1": 0.2849455187303035,
  "slot4_param2": 0.9373559917222398,
  "slot4_param3": 0.8175521509067776,
  "slot4_param4": 0.2532999619341893,
  "slot4_param5": 0.3240979184586015,
  "slot4_param6": 0.4506338625347859,
  "slot4_param7": 0.59865874182621,
  "slot4_param8": 0.33330833483912015,
  "slot4_param9": 1.0,
  "slot4_param10": 0.5066274555130006,
  "slot4_param11": 0.7107471045981497,
  "slot4_param12": 0.4242041143797099,
  "slot4_param13": 0.4431338035003548,
  "slot4_param14": 0.7152633881397108,
  "slot4_param15": 0.7096269014066465,
  "slot5_engine": 0,
  "slot5_bypass": 1.0,
  "slot5_solo": 0.0,
  "slot5_param1": 0.0,
  "slot5_param2": 0.0,
  "slot5_param3": 0.0,
  "slot5_param4": 0.0,
  "slot5_param5": 0.0,
  "slot5_param6": 0.0,
  "slot5_param7": 0.0,
  "slot5_param8": 0.0,
  "slot5_param9": 0.0,
  "slot5_param10": 0.0,
  "slot5_param11": 0.0,
  "slot5_param12": 0.0,
  "slot5_param13": 0.0,
  "slot5_param14": 0.0,
  "slot5_param15": 0.0,
  "slot6_engine": 0,
  "slot6_bypass": 1.0,
  "slot6_solo": 0.0,
  "slot6_param1": 0.0,
  "slot6_param2": 0.0,
  "slot6_param3": 0.0,
  "slot6_param4": 0.0,
  "slot6_param5": 0.0,
  "slot6_param6": 0.0,
  "slot6_param7": 0.0,
  "slot6_param8": 0.0,
  "slot6_param9": 0.0,
  "slot6_param10": 0.0,
  "slot6_param11": 0.0,
  "slot6_param12": 0.0,
  "slot6_param13": 0.0,
  "slot6_param14": 0.0,
  "slot6_param15": 0.0,
  "id": "GC_0073",
  "index": 72
}