{
  "creative_name": "Ambient Drift Dreams",
  "category": "Experimental",
  "description": "Slowly evolving ambient textures",
  "tags": [
    "experimental",
    "creative",
    "unconventional",
    "harsh",
    "metallic",
    "aggressive"
  ],
  "complexity": 0.6519579678103119,
  "brightness": 0.7780469602956905,
  "warmth": 0.3472762609876995,
  "slot1_engine": 54,
  "slot1_bypass": 0.0,
  "slot1_solo": 0.0,
  "slot1_param1": 0.0,
  "slot1_param2": 1.0,
  "slot1_param3": 0.4979107785829392,
  "slot1_param4": 0.32928471648619606,
  "slot1_param5": 0.36594088365006583,
  "slot1_param6": 0.5008643506434164,
  "slot1_param7": 0.8144238076005157,
  "slot1_param8": 0.0,
  "slot1_param9": 1.0,
  "slot1_param10": 0.29681715407935866,
  "slot1_param11": 0.8236069957262946,
  "slot1_param12": 0.24528591844529085,
  "slot1_param13": 0.13396711373149636,
  "slot1_param14": 0.8136685002239776,
  "slot1_param15": 0.5955008010458358,
  "slot2_engine": 44,
  "slot2_bypass": 0.0,
  "slot2_solo": 0.0,
  "slot2_param1": 0.10866032198655218,
  "slot2_param2": 0.5733519316918112,
  "slot2_param3": 0.8056669574698042,
  "slot2_param4": 0.32701997668798133,
  "slot2_param5": 0.41745636016502413,
  "slot2_param6": 0.9619671041135867,
  "slot2_param7": 0.3141763921130965,
  "slot2_param8": 0.0,
  "slot2_param9": 1.0,
  "slot2_param10": 0.6463324909787478,
  "slot2_param11": 0.6233635611861109,
  "slot2_param12": 0.13050285599237973,
  "slot2_param13": 1.0,
  "slot2_param14": 0.4108182841256698,
  "slot2_param15": 0.5936582475693679,
  "slot3_engine": 56,
  "slot3_bypass": 0.0,
  "slot3_solo": 0.0,
  "slot3_param1": 0.8777464463944877,
  "slot3_param2": 0.4341001372179119,
  "slot3_param3": 0.6681751471441264,
  "slot3_param4": 0.15058508730137068,
  "slot3_param5": 0.7751667117932561,
  "slot3_param6": 0.3606242494143042,
  "slot3_param7": 0.0,
  "slot3_param8": 1.0,
  "slot3_param9": 0.16048802182377175,
  "slot3_param10": 0.47117073377070473,
  "slot3_param11": 0.6945669126377998,
  "slot3_param12": 0.11567345108586533,
  "slot3_param13": 0.4220050908073212,
  "slot3_param14": 0.5759457362179072,
  "slot3_param15": 0.6891986916854134,
  "slot4_engine": 51,
  "slot4_bypass": 0.0,
  "slot4_solo": 0.0,
  "slot4_param1": 0.3074007930111531,
  "slot4_param2": 0.9134489820612323,
  "slot4_param3": 0.896345846918043,
  "slot4_param4": 0.5826718197147256,
  "slot4_param5": 0.6670665742047113,
  "slot4_param6": 0.38018554828787143,
  "slot4_param7": 0.9805222002720657,
  "slot4_param8": 0.02003200328104149,
  "slot4_param9": 0.9854868705596136,
  "slot4_param10": 0.5985919770834152,
  "slot4_param11": 0.7286756479109369,
  "slot4_param12": 0.7436496000440747,
  "slot4_param13": 0.38479964176885134,
  "slot4_param14": 0.7476616985508964,
  "slot4_param15": 0.6565373755169213,
  "slot5_engine": 52,
  "slot5_bypass": 0.0,
  "slot5_solo": 0.0,
  "slot5_param1": 0.1656230182007515,
  "slot5_param2": 0.774878017328458,
  "slot5_param3": 0.4256672403871523,
  "slot5_param4": 0.15694999038294155,
  "slot5_param5": 0.27079876113071405,
  "slot5_param6": 0.1718385386683132,
  "slot5_param7": 0.543699869266065,
  "slot5_param8": 0.35411221826919714,
  "slot5_param9": 0.6453301978848573,
  "slot5_param10": 0.5999121258215172,
  "slot5_param11": 0.43867645935127586,
  "slot5_param12": 0.5417969326907469,
  "slot5_param13": 0.03946400677483275,
  "slot5_param14": 0.6618721688209595,
  "slot5_param15": 0.6416162130599559,
  "slot6_engine": 0,
  "slot6_bypass": 1.0,
  "slot6_solo": 0.0,
  "slot6_param1": 0.0,
  "slot6_param2": 0.0,
  "slot6_param3": 0.0,
  "slot6_param4": 0.0,
  "slot6_param5": 0.0,
  "slot6_param6": 0.0,
  "slot6_param7": 0.0,
  "slot6_param8": 0.0,
  "slot6_param9": 0.0,
  "slot6_param10": 0.0,
  "slot6_param11": 0.0,
  "slot6_param12": 0.0,
  "slot6_param13": 0.0,
  "slot6_param14": 0.0,
  "slot6_param15": 0.0,
  "id": "GC_0084",
  "context": "Industrial",
  "index": 83
}