{
  "creative_name": "Ethereal Glitch Matrix",
  "category": "Lo-Fi",
  "description": "Micro-stutters with digital artifacts",
  "tags": [
    "experimental",
    "creative",
    "unconventional",
    "glitch",
    "idm",
    "experimental"
  ],
  "complexity": 0.6013228753057288,
  "brightness": 0.6916778422581807,
  "warmth": 0.6416714336998282,
  "slot1_engine": 55,
  "slot1_bypass": 0.0,
  "slot1_solo": 0.0,
  "slot1_param1": 0.5152517611174235,
  "slot1_param2": 0.6084760193334031,
  "slot1_param3": 1.0,
  "slot1_param4": 0.36346587274915415,
  "slot1_param5": 0.7862799191117473,
  "slot1_param6": 0.5028852829252988,
  "slot1_param7": 0.3561998622149442,
  "slot1_param8": 0.9890549349231543,
  "slot1_param9": 0.12744151986423352,
  "slot1_param10": 0.6986456922436468,
  "slot1_param11": 0.8032856663476607,
  "slot1_param12": 0.5567617513519917,
  "slot1_param13": 0.4214568954364465,
  "slot1_param14": 0.6230659308675666,
  "slot1_param15": 0.649894077617631,
  "slot2_engine": 18,
  "slot2_bypass": 0.0,
  "slot2_solo": 0.0,
  "slot2_param1": 0.7735718962990181,
  "slot2_param2": 0.3017438946525862,
  "slot2_param3": 1.0,
  "slot2_param4": 0.024725742599959688,
  "slot2_param5": 1.0,
  "slot2_param6": 0.27919910103886914,
  "slot2_param7": 0.43538657980117446,
  "slot2_param8": 0.0,
  "slot2_param9": 1.0,
  "slot2_param10": 0.597170321908111,
  "slot2_param11": 1.0,
  "slot2_param12": 0.45340865580497813,
  "slot2_param13": 1.0,
  "slot2_param14": 0.12459285960788602,
  "slot2_param15": 0.6214260749745459,
  "slot3_engine": 27,
  "slot3_bypass": 0.0,
  "slot3_solo": 0.0,
  "slot3_param1": 0.3067338968744988,
  "slot3_param2": 1.0,
  "slot3_param3": 0.35956017028122195,
  "slot3_param4": 0.11075868829405333,
  "slot3_param5": 0.5542047366013934,
  "slot3_param6": 0.011264566300313583,
  "slot3_param7": 0.9896167033055125,
  "slot3_param8": 0.14117510381730802,
  "slot3_param9": 0.6607280138752902,
  "slot3_param10": 0.22239645890451964,
  "slot3_param11": 0.36420911747247353,
  "slot3_param12": 0.29402341230990375,
  "slot3_param13": 0.41112031938831756,
  "slot3_param14": 0.5733094436493721,
  "slot3_param15": 0.6454838606843301,
  "slot4_engine": 53,
  "slot4_bypass": 0.0,
  "slot4_solo": 0.0,
  "slot4_param1": 0.07223245124294661,
  "slot4_param2": 0.9213496614904533,
  "slot4_param3": 0.8063156383150096,
  "slot4_param4": 0.17713348138767593,
  "slot4_param5": 0.7190445982591103,
  "slot4_param6": 0.41060541365765874,
  "slot4_param7": 0.4721234315719438,
  "slot4_param8": 0.0808315656158691,
  "slot4_param9": 0.9366363331295393,
  "slot4_param10": 0.34234518424444715,
  "slot4_param11": 0.6771929627888398,
  "slot4_param12": 0.32161717087437064,
  "slot4_param13": 0.07676891899663896,
  "slot4_param14": 0.5127502477988874,
  "slot4_param15": 0.4125439032003668,
  "slot5_engine": 0,
  "slot5_bypass": 1.0,
  "slot5_solo": 0.0,
  "slot5_param1": 0.0,
  "slot5_param2": 0.0,
  "slot5_param3": 0.0,
  "slot5_param4": 0.0,
  "slot5_param5": 0.0,
  "slot5_param6": 0.0,
  "slot5_param7": 0.0,
  "slot5_param8": 0.0,
  "slot5_param9": 0.0,
  "slot5_param10": 0.0,
  "slot5_param11": 0.0,
  "slot5_param12": 0.0,
  "slot5_param13": 0.0,
  "slot5_param14": 0.0,
  "slot5_param15": 0.0,
  "slot6_engine": 0,
  "slot6_bypass": 1.0,
  "slot6_solo": 0.0,
  "slot6_param1": 0.0,
  "slot6_param2": 0.0,
  "slot6_param3": 0.0,
  "slot6_param4": 0.0,
  "slot6_param5": 0.0,
  "slot6_param6": 0.0,
  "slot6_param7": 0.0,
  "slot6_param8": 0.0,
  "slot6_param9": 0.0,
  "slot6_param10": 0.0,
  "slot6_param11": 0.0,
  "slot6_param12": 0.0,
  "slot6_param13": 0.0,
  "slot6_param14": 0.0,
  "slot6_param15": 0.0,
  "id": "GC_0082",
  "context": "Electronic",
  "index": 81
}