{
  "creative_name": "Astral Lo-Fi Degradation",
  "category": "Experimental",
  "description": "Heavy degradation with vintage character",
  "tags": [
    "experimental",
    "creative",
    "unconventional"
  ],
  "complexity": 0.7080430310972334,
  "brightness": 0.3331010477862641,
  "warmth": 0.22445349745449011,
  "slot1_engine": 18,
  "slot1_bypass": 0.0,
  "slot1_solo": 0.0,
  "slot1_param1": 0.9605187887049869,
  "slot1_param2": 0.6349699885566686,
  "slot1_param3": 0.5529264204518527,
  "slot1_param4": 0.3268502430772168,
  "slot1_param5": 1.0,
  "slot1_param6": 0.5641998618750259,
  "slot1_param7": 0.44836487464886887,
  "slot1_param8": 0.0020516730349905976,
  "slot1_param9": 1.0,
  "slot1_param10": 0.48631022370986504,
  "slot1_param11": 1.0,
  "slot1_param12": 0.1494916973364221,
  "slot1_param13": 0.6323844762385888,
  "slot1_param14": 0.3333544615535045,
  "slot1_param15": 0.46158160401298315,
  "slot2_engine": 56,
  "slot2_bypass": 0.0,
  "slot2_solo": 0.0,
  "slot2_param1": 0.5662718257225725,
  "slot2_param2": 0.44867202602242284,
  "slot2_param3": 0.6950491066776456,
  "slot2_param4": 0.36731929650105444,
  "slot2_param5": 0.36766649048810546,
  "slot2_param6": 0.49960759961345047,
  "slot2_param7": 0.3213244037419342,
  "slot2_param8": 0.5027083329110472,
  "slot2_param9": 0.1390704246121418,
  "slot2_param10": 0.5288515134872285,
  "slot2_param11": 0.8873271859118707,
  "slot2_param12": 0.1558496086753949,
  "slot2_param13": 0.8149108504002365,
  "slot2_param14": 0.6164556797190184,
  "slot2_param15": 0.5578378790430703,
  "slot3_engine": 41,
  "slot3_bypass": 0.0,
  "slot3_solo": 0.0,
  "slot3_param1": 0.23248891602961191,
  "slot3_param2": 0.9407300461428465,
  "slot3_param3": 0.6741487330907017,
  "slot3_param4": 0.2976184966101068,
  "slot3_param5": 1.0,
  "slot3_param6": 0.4120373803350532,
  "slot3_param7": 1.0,
  "slot3_param8": 0.450593284982857,
  "slot3_param9": 1.0,
  "slot3_param10": 0.8218359620620193,
  "slot3_param11": 0.6678349272648412,
  "slot3_param12": 0.49434107590933596,
  "slot3_param13": 0.223359338521312,
  "slot3_param14": 0.6084218163361914,
  "slot3_param15": 0.40037139843188885,
  "slot4_engine": 20,
  "slot4_bypass": 0.0,
  "slot4_solo": 0.0,
  "slot4_param1": 0.8971787927969025,
  "slot4_param2": 0.0,
  "slot4_param3": 0.7025011456038052,
  "slot4_param4": 0.04680265817646939,
  "slot4_param5": 0.9525354045438866,
  "slot4_param6": 0.4599966598223022,
  "slot4_param7": 0.444929280597568,
  "slot4_param8": 0.3711871934984825,
  "slot4_param9": 0.6511193034000289,
  "slot4_param10": 0.3385529842857798,
  "slot4_param11": 0.8529560870643769,
  "slot4_param12": 0.0,
  "slot4_param13": 1.0,
  "slot4_param14": 0.2767822749407889,
  "slot4_param15": 0.706610822825953,
  "slot5_engine": 43,
  "slot5_bypass": 0.0,
  "slot5_solo": 0.0,
  "slot5_param1": 0.8579744637548884,
  "slot5_param2": 0.8542937126686938,
  "slot5_param3": 0.3995158397914464,
  "slot5_param4": 1.0,
  "slot5_param5": 0.807824284695832,
  "slot5_param6": 0.5989978372086411,
  "slot5_param7": 0.47996181770138546,
  "slot5_param8": 1.0,
  "slot5_param9": 0.18892170030384298,
  "slot5_param10": 0.9429431347305873,
  "slot5_param11": 0.6210287194292656,
  "slot5_param12": 0.36789183547196697,
  "slot5_param13": 0.8555959329739938,
  "slot5_param14": 0.7970601105041715,
  "slot5_param15": 0.5480554222243343,
  "slot6_engine": 0,
  "slot6_bypass": 1.0,
  "slot6_solo": 0.0,
  "slot6_param1": 0.0,
  "slot6_param2": 0.0,
  "slot6_param3": 0.0,
  "slot6_param4": 0.0,
  "slot6_param5": 0.0,
  "slot6_param6": 0.0,
  "slot6_param7": 0.0,
  "slot6_param8": 0.0,
  "slot6_param9": 0.0,
  "slot6_param10": 0.0,
  "slot6_param11": 0.0,
  "slot6_param12": 0.0,
  "slot6_param13": 0.0,
  "slot6_param14": 0.0,
  "slot6_param15": 0.0,
  "id": "GC_0044",
  "index": 43
}