{
  "creative_name": "Lo-Fi Degradation Horizon",
  "category": "Glitch",
  "description": "Heavy degradation with vintage character",
  "tags": [
    "experimental",
    "creative",
    "unconventional"
  ],
  "complexity": 0.9838482733071537,
  "brightness": 0.47733317835981803,
  "warmth": 0.6392122542863374,
  "slot1_engine": 18,
  "slot1_bypass": 0.0,
  "slot1_solo": 0.0,
  "slot1_param1": 1.0,
  "slot1_param2": 0.04782323917479181,
  "slot1_param3": 0.9244942195254773,
  "slot1_param4": 0.5019964686021456,
  "slot1_param5": 1.0,
  "slot1_param6": 0.6153614320742103,
  "slot1_param7": 0.9078363862766544,
  "slot1_param8": 0.0,
  "slot1_param9": 1.0,
  "slot1_param10": 0.5780563448221019,
  "slot1_param11": 1.0,
  "slot1_param12": 0.3212180208310021,
  "slot1_param13": 0.8474163101974815,
  "slot1_param14": 0.5734562621228703,
  "slot1_param15": 0.8647465160845075,
  "slot2_engine": 56,
  "slot2_bypass": 0.0,
  "slot2_solo": 0.0,
  "slot2_param1": 0.5893459154073338,
  "slot2_param2": 0.5582331191718839,
  "slot2_param3": 0.7015257622486282,
  "slot2_param4": 0.13128397067565098,
  "slot2_param5": 0.9191128837447347,
  "slot2_param6": 0.6019399256449423,
  "slot2_param7": 0.042087615809371426,
  "slot2_param8": 0.9019701727098595,
  "slot2_param9": 0.30834828060516895,
  "slot2_param10": 0.46581231263485723,
  "slot2_param11": 0.8361033839440433,
  "slot2_param12": 0.3447211946923586,
  "slot2_param13": 0.8395124481563485,
  "slot2_param14": 0.5506236917022485,
  "slot2_param15": 0.6042774859826039,
  "slot3_engine": 41,
  "slot3_bypass": 0.0,
  "slot3_solo": 0.0,
  "slot3_param1": 0.3637180203972406,
  "slot3_param2": 0.5931316308754776,
  "slot3_param3": 0.18006753418171073,
  "slot3_param4": 0.6848965514714774,
  "slot3_param5": 0.3396272758030638,
  "slot3_param6": 0.49047157689386767,
  "slot3_param7": 0.49781752886992114,
  "slot3_param8": 0.5249609134933106,
  "slot3_param9": 0.15217033349061493,
  "slot3_param10": 0.6539275381393188,
  "slot3_param11": 0.006557494470770697,
  "slot3_param12": 0.8796671041371742,
  "slot3_param13": 0.5200117849080865,
  "slot3_param14": 0.7525953169682036,
  "slot3_param15": 0.7602944554574976,
  "slot4_engine": 20,
  "slot4_bypass": 0.0,
  "slot4_solo": 0.0,
  "slot4_param1": 1.0,
  "slot4_param2": 0.3804228668628079,
  "slot4_param3": 1.0,
  "slot4_param4": 0.08402564034413329,
  "slot4_param5": 0.6707257427274241,
  "slot4_param6": 0.09731506462426431,
  "slot4_param7": 0.6298531378816145,
  "slot4_param8": 0.2648528630043493,
  "slot4_param9": 0.9539913593477687,
  "slot4_param10": 0.05953450925174855,
  "slot4_param11": 0.5898127327159179,
  "slot4_param12": 0.41188320456897504,
  "slot4_param13": 0.7877408593446349,
  "slot4_param14": 0.27435759680143346,
  "slot4_param15": 0.42062424764658396,
  "slot5_engine": 43,
  "slot5_bypass": 0.0,
  "slot5_solo": 0.0,
  "slot5_param1": 0.8160997079248982,
  "slot5_param2": 0.6833712740051066,
  "slot5_param3": 0.0,
  "slot5_param4": 0.9791799813188069,
  "slot5_param5": 0.3438146640582851,
  "slot5_param6": 0.6387956247336732,
  "slot5_param7": 0.5107939525847918,
  "slot5_param8": 0.6554003781463225,
  "slot5_param9": 0.09723587585006416,
  "slot5_param10": 0.8809037047862767,
  "slot5_param11": 0.4130073159013604,
  "slot5_param12": 0.5843056030035906,
  "slot5_param13": 0.6268478463233109,
  "slot5_param14": 0.6081264418038755,
  "slot5_param15": 0.8373273170901823,
  "slot6_engine": 0,
  "slot6_bypass": 1.0,
  "slot6_solo": 0.0,
  "slot6_param1": 0.0,
  "slot6_param2": 0.0,
  "slot6_param3": 0.0,
  "slot6_param4": 0.0,
  "slot6_param5": 0.0,
  "slot6_param6": 0.0,
  "slot6_param7": 0.0,
  "slot6_param8": 0.0,
  "slot6_param9": 0.0,
  "slot6_param10": 0.0,
  "slot6_param11": 0.0,
  "slot6_param12": 0.0,
  "slot6_param13": 0.0,
  "slot6_param14": 0.0,
  "slot6_param15": 0.0,
  "id": "GC_0038",
  "index": 37
}