{
  "creative_name": "Nebula Glitch Matrix",
  "category": "Glitch",
  "description": "Micro-stutters with digital artifacts",
  "tags": [
    "experimental",
    "creative",
    "unconventional",
    "glitch",
    "idm",
    "experimental"
  ],
  "complexity": 0.7305975633840484,
  "brightness": 0.6098322491535534,
  "warmth": 0.6321834836760825,
  "slot1_engine": 55,
  "slot1_bypass": 0.0,
  "slot1_solo": 0.0,
  "slot1_param1": 0.7156318851103363,
  "slot1_param2": 0.3300717767231892,
  "slot1_param3": 0.6927190707944054,
  "slot1_param4": 0.34649254146075187,
  "slot1_param5": 0.961642285448121,
  "slot1_param6": 0.5132395463601784,
  "slot1_param7": 0.17690228430574578,
  "slot1_param8": 0.6021201852076422,
  "slot1_param9": 0.2505664701110689,
  "slot1_param10": 0.8934993810827894,
  "slot1_param11": 0.6745334123130937,
  "slot1_param12": 0.240977254834231,
  "slot1_param13": 0.8062595740669029,
  "slot1_param14": 0.7916914450704733,
  "slot1_param15": 0.46538082200681546,
  "slot2_engine": 18,
  "slot2_bypass": 0.0,
  "slot2_solo": 0.0,
  "slot2_param1": 0.8691961345899659,
  "slot2_param2": 0.6789318907546641,
  "slot2_param3": 0.57206229988332,
  "slot2_param4": 0.5048709348323894,
  "slot2_param5": 0.6550042399867675,
  "slot2_param6": 0.4116669752801706,
  "slot2_param7": 0.593702509569569,
  "slot2_param8": 0.8736432542217298,
  "slot2_param9": 0.48540419257008016,
  "slot2_param10": 0.5923138848911741,
  "slot2_param11": 0.7738219933092036,
  "slot2_param12": 0.8652462638126768,
  "slot2_param13": 0.06543037463590556,
  "slot2_param14": 0.5496503067673297,
  "slot2_param15": 0.8089947658533448,
  "slot3_engine": 27,
  "slot3_bypass": 0.0,
  "slot3_solo": 0.0,
  "slot3_param1": 0.22841953359566922,
  "slot3_param2": 0.9801644204961522,
  "slot3_param3": 0.5986402172342642,
  "slot3_param4": 0.12398170407587755,
  "slot3_param5": 0.31619601563993166,
  "slot3_param6": 0.5801950801224591,
  "slot3_param7": 0.528534934961624,
  "slot3_param8": 0.1810169172659396,
  "slot3_param9": 0.8590353961306535,
  "slot3_param10": 0.6160604863500443,
  "slot3_param11": 0.6413832012025051,
  "slot3_param12": 0.42761572497713196,
  "slot3_param13": 0.1126814651327886,
  "slot3_param14": 0.6551729176156986,
  "slot3_param15": 0.7470323703980536,
  "slot4_engine": 53,
  "slot4_bypass": 0.0,
  "slot4_solo": 0.0,
  "slot4_param1": 1.0,
  "slot4_param2": 0.20353468532236876,
  "slot4_param3": 1.0,
  "slot4_param4": 0.21257874710502792,
  "slot4_param5": 0.8281883184335219,
  "slot4_param6": 0.6048281516489351,
  "slot4_param7": 0.18177480897642834,
  "slot4_param8": 0.5883195203160428,
  "slot4_param9": 0.5202054013214237,
  "slot4_param10": 0.3603325169309888,
  "slot4_param11": 0.8007507741494725,
  "slot4_param12": 0.5384199869351735,
  "slot4_param13": 0.6655742813487798,
  "slot4_param14": 0.6704371588929283,
  "slot4_param15": 0.8117556788456233,
  "slot5_engine": 0,
  "slot5_bypass": 1.0,
  "slot5_solo": 0.0,
  "slot5_param1": 0.0,
  "slot5_param2": 0.0,
  "slot5_param3": 0.0,
  "slot5_param4": 0.0,
  "slot5_param5": 0.0,
  "slot5_param6": 0.0,
  "slot5_param7": 0.0,
  "slot5_param8": 0.0,
  "slot5_param9": 0.0,
  "slot5_param10": 0.0,
  "slot5_param11": 0.0,
  "slot5_param12": 0.0,
  "slot5_param13": 0.0,
  "slot5_param14": 0.0,
  "slot5_param15": 0.0,
  "slot6_engine": 0,
  "slot6_bypass": 1.0,
  "slot6_solo": 0.0,
  "slot6_param1": 0.0,
  "slot6_param2": 0.0,
  "slot6_param3": 0.0,
  "slot6_param4": 0.0,
  "slot6_param5": 0.0,
  "slot6_param6": 0.0,
  "slot6_param7": 0.0,
  "slot6_param8": 0.0,
  "slot6_param9": 0.0,
  "slot6_param10": 0.0,
  "slot6_param11": 0.0,
  "slot6_param12": 0.0,
  "slot6_param13": 0.0,
  "slot6_param14": 0.0,
  "slot6_param15": 0.0,
  "id": "GC_0102",
  "context": "Electronic",
  "index": 101
}