{
  "creative_name": "Chromatic Spectral Freeze Stutter",
  "category": "Spatial",
  "description": "Frozen spectral content with chaotic amplitude",
  "tags": [
    "experimental",
    "creative",
    "unconventional",
    "harsh",
    "metallic",
    "aggressive"
  ],
  "complexity": 0.7249114320857601,
  "brightness": 0.4417223953412067,
  "warmth": 0.2577854679122602,
  "slot1_engine": 54,
  "slot1_bypass": 0.0,
  "slot1_solo": 0.0,
  "slot1_param1": 0.5494539175728268,
  "slot1_param2": 0.48401940049289466,
  "slot1_param3": 0.6429266012014756,
  "slot1_param4": 0.5062419258753311,
  "slot1_param5": 0.622888553479035,
  "slot1_param6": 0.25000896105199055,
  "slot1_param7": 0.295733604616533,
  "slot1_param8": 1.0,
  "slot1_param9": 0.6238852811664661,
  "slot1_param10": 0.6863586727580708,
  "slot1_param11": 0.7891681738246864,
  "slot1_param12": 0.3838039162373775,
  "slot1_param13": 0.8327719675969096,
  "slot1_param14": 0.7710207415474686,
  "slot1_param15": 0.8705785312157555,
  "slot2_engine": 56,
  "slot2_bypass": 0.0,
  "slot2_solo": 0.0,
  "slot2_param1": 0.8988606936705179,
  "slot2_param2": 0.6510595044018752,
  "slot2_param3": 0.8674192153025866,
  "slot2_param4": 0.5373359183784941,
  "slot2_param5": 0.4030265365010524,
  "slot2_param6": 0.4408201499252996,
  "slot2_param7": 0.012560029647176452,
  "slot2_param8": 0.6064033383292524,
  "slot2_param9": 0.6672818296797867,
  "slot2_param10": 0.5713703944864468,
  "slot2_param11": 0.8039589602368087,
  "slot2_param12": 0.27580464070559646,
  "slot2_param13": 0.43823474277788593,
  "slot2_param14": 0.5497692540910237,
  "slot2_param15": 0.44779315836684325,
  "slot3_engine": 52,
  "slot3_bypass": 0.0,
  "slot3_solo": 0.0,
  "slot3_param1": 0.0,
  "slot3_param2": 0.9701572696626826,
  "slot3_param3": 0.4066449946306832,
  "slot3_param4": 0.162158447358104,
  "slot3_param5": 0.4673387866538745,
  "slot3_param6": 0.3171144438629406,
  "slot3_param7": 0.449002027364405,
  "slot3_param8": 0.12845034339982614,
  "slot3_param9": 1.0,
  "slot3_param10": 0.1490225555640992,
  "slot3_param11": 0.5160864242640836,
  "slot3_param12": 0.3297177311179347,
  "slot3_param13": 0.527633120976245,
  "slot3_param14": 0.5847667328666941,
  "slot3_param15": 0.8151362103783912,
  "slot4_engine": 0,
  "slot4_bypass": 1.0,
  "slot4_solo": 0.0,
  "slot4_param1": 0.0,
  "slot4_param2": 0.0,
  "slot4_param3": 0.0,
  "slot4_param4": 0.0,
  "slot4_param5": 0.0,
  "slot4_param6": 0.0,
  "slot4_param7": 0.0,
  "slot4_param8": 0.0,
  "slot4_param9": 0.0,
  "slot4_param10": 0.0,
  "slot4_param11": 0.0,
  "slot4_param12": 0.0,
  "slot4_param13": 0.0,
  "slot4_param14": 0.0,
  "slot4_param15": 0.0,
  "slot5_engine": 0,
  "slot5_bypass": 1.0,
  "slot5_solo": 0.0,
  "slot5_param1": 0.0,
  "slot5_param2": 0.0,
  "slot5_param3": 0.0,
  "slot5_param4": 0.0,
  "slot5_param5": 0.0,
  "slot5_param6": 0.0,
  "slot5_param7": 0.0,
  "slot5_param8": 0.0,
  "slot5_param9": 0.0,
  "slot5_param10": 0.0,
  "slot5_param11": 0.0,
  "slot5_param12": 0.0,
  "slot5_param13": 0.0,
  "slot5_param14": 0.0,
  "slot5_param15": 0.0,
  "slot6_engine": 0,
  "slot6_bypass": 1.0,
  "slot6_solo": 0.0,
  "slot6_param1": 0.0,
  "slot6_param2": 0.0,
  "slot6_param3": 0.0,
  "slot6_param4": 0.0,
  "slot6_param5": 0.0,
  "slot6_param6": 0.0,
  "slot6_param7": 0.0,
  "slot6_param8": 0.0,
  "slot6_param9": 0.0,
  "slot6_param10": 0.0,
  "slot6_param11": 0.0,
  "slot6_param12": 0.0,
  "slot6_param13": 0.0,
  "slot6_param14": 0.0,
  "slot6_param15": 0.0,
  "id": "GC_0094",
  "context": "Industrial",
  "index": 93
}