{
  "creative_name": "Ethereal Engineering Test 11",
  "category": "Ambient",
  "description": "Systematic exploration of SpectralFreeze",
  "tags": [
    "experimental",
    "creative",
    "unconventional",
    "systematic"
  ],
  "complexity": 0.9783600167229702,
  "brightness": 0.4116599724522067,
  "warmth": 0.39246696581525886,
  "slot1_engine": 54,
  "slot1_bypass": 0.0,
  "slot1_solo": 0.0,
  "slot1_param1": 0.13910823228841127,
  "slot1_param2": 0.6963048700623888,
  "slot1_param3": 0.7846142710279898,
  "slot1_param4": 0.6012826469620287,
  "slot1_param5": 0.6462634392854012,
  "slot1_param6": 0.30859892777341524,
  "slot1_param7": 0.7765982213866203,
  "slot1_param8": 0.0,
  "slot1_param9": 0.9468848832970276,
  "slot1_param10": 0.5877200904582942,
  "slot1_param11": 0.6776322204574812,
  "slot1_param12": 0.6456392390987521,
  "slot1_param13": 0.5397352532881339,
  "slot1_param14": 0.7752613330601635,
  "slot1_param15": 0.4507006369977479,
  "slot2_engine": 56,
  "slot2_bypass": 0.0,
  "slot2_solo": 0.0,
  "slot2_param1": 0.0,
  "slot2_param2": 0.9111439448597075,
  "slot2_param3": 0.4893643917720868,
  "slot2_param4": 0.4209956475297618,
  "slot2_param5": 0.6747019192248831,
  "slot2_param6": 0.29963777848621487,
  "slot2_param7": 0.4813862417220107,
  "slot2_param8": 0.35186433430152086,
  "slot2_param9": 0.6869410274712326,
  "slot2_param10": 0.5571310112402414,
  "slot2_param11": 0.7538671072510463,
  "slot2_param12": 0.6820733519263793,
  "slot2_param13": 0.3519762209005508,
  "slot2_param14": 1.0,
  "slot2_param15": 0.7542342757597174,
  "slot3_engine": 46,
  "slot3_bypass": 0.0,
  "slot3_solo": 0.0,
  "slot3_param1": 0.7104554307084543,
  "slot3_param2": 0.6872168004955267,
  "slot3_param3": 0.4080697414363441,
  "slot3_param4": 1.0,
  "slot3_param5": 0.6619663491737005,
  "slot3_param6": 0.7049823824426596,
  "slot3_param7": 0.166003043601825,
  "slot3_param8": 0.6537720274978112,
  "slot3_param9": 0.10694282169307973,
  "slot3_param10": 0.6998343703091916,
  "slot3_param11": 0.5783396328080705,
  "slot3_param12": 0.7673195642796624,
  "slot3_param13": 0.5911902263260653,
  "slot3_param14": 0.9464631794287702,
  "slot3_param15": 0.6807698772411158,
  "slot4_engine": 47,
  "slot4_bypass": 0.0,
  "slot4_solo": 0.0,
  "slot4_param1": 0.0,
  "slot4_param2": 0.5629420141833377,
  "slot4_param3": 0.4980260047913901,
  "slot4_param4": 0.19837082251038524,
  "slot4_param5": 0.388221109216299,
  "slot4_param6": 0.09025053157265434,
  "slot4_param7": 0.6548357924501205,
  "slot4_param8": 0.21238772461993288,
  "slot4_param9": 0.7499905162459357,
  "slot4_param10": 0.5238285939057414,
  "slot4_param11": 0.6401788935393182,
  "slot4_param12": 0.626474009169757,
  "slot4_param13": 0.1308131326267098,
  "slot4_param14": 0.7162412485857514,
  "slot4_param15": 0.8455438234193758,
  "slot5_engine": 0,
  "slot5_bypass": 1.0,
  "slot5_solo": 0.0,
  "slot5_param1": 0.0,
  "slot5_param2": 0.0,
  "slot5_param3": 0.0,
  "slot5_param4": 0.0,
  "slot5_param5": 0.0,
  "slot5_param6": 0.0,
  "slot5_param7": 0.0,
  "slot5_param8": 0.0,
  "slot5_param9": 0.0,
  "slot5_param10": 0.0,
  "slot5_param11": 0.0,
  "slot5_param12": 0.0,
  "slot5_param13": 0.0,
  "slot5_param14": 0.0,
  "slot5_param15": 0.0,
  "slot6_engine": 0,
  "slot6_bypass": 1.0,
  "slot6_solo": 0.0,
  "slot6_param1": 0.0,
  "slot6_param2": 0.0,
  "slot6_param3": 0.0,
  "slot6_param4": 0.0,
  "slot6_param5": 0.0,
  "slot6_param6": 0.0,
  "slot6_param7": 0.0,
  "slot6_param8": 0.0,
  "slot6_param9": 0.0,
  "slot6_param10": 0.0,
  "slot6_param11": 0.0,
  "slot6_param12": 0.0,
  "slot6_param13": 0.0,
  "slot6_param14": 0.0,
  "slot6_param15": 0.0,
  "id": "GC_0061",
  "index": 60
}