{
  "creative_name": "Morphing Formant Web",
  "category": "Ambient",
  "description": "Formant-shaped feedback network",
  "tags": [
    "experimental",
    "creative",
    "unconventional"
  ],
  "complexity": 0.7748536758136463,
  "brightness": 0.6212302846965835,
  "warmth": 0.458133017569577,
  "slot1_engine": 32,
  "slot1_bypass": 0.0,
  "slot1_solo": 0.0,
  "slot1_param1": 0.0,
  "slot1_param2": 0.7348739347226689,
  "slot1_param3": 0.5664692760508434,
  "slot1_param4": 0.514833436899297,
  "slot1_param5": 0.5422106999627295,
  "slot1_param6": 0.5291495464240441,
  "slot1_param7": 1.0,
  "slot1_param8": 0.37166100504467453,
  "slot1_param9": 0.7925044415591642,
  "slot1_param10": 0.732310280300555,
  "slot1_param11": 0.6970571547384116,
  "slot1_param12": 0.4705920718676985,
  "slot1_param13": 0.3159260807217987,
  "slot1_param14": 0.48502144804528274,
  "slot1_param15": 0.7730797298535202,
  "slot2_engine": 39,
  "slot2_bypass": 0.0,
  "slot2_solo": 0.0,
  "slot2_param1": 0.5733722544751831,
  "slot2_param2": 0.5863584272589384,
  "slot2_param3": 0.43058550648249494,
  "slot2_param4": 0.8268482978308382,
  "slot2_param5": 0.8731536414405083,
  "slot2_param6": 0.0,
  "slot2_param7": 0.536687659861876,
  "slot2_param8": 0.25142774365633713,
  "slot2_param9": 0.7184486716941787,
  "slot2_param10": 0.680234697356831,
  "slot2_param11": 0.6074602634497247,
  "slot2_param12": 0.7627689053247027,
  "slot2_param13": 0.9619902934937333,
  "slot2_param14": 0.39132252719705624,
  "slot2_param15": 0.59961247136298,
  "slot3_engine": 45,
  "slot3_bypass": 0.0,
  "slot3_solo": 0.0,
  "slot3_param1": 0.2761146770043337,
  "slot3_param2": 0.6432039741459674,
  "slot3_param3": 0.8602736225454821,
  "slot3_param4": 0.11495307370118066,
  "slot3_param5": 0.3710241845917111,
  "slot3_param6": 0.902462330826691,
  "slot3_param7": 0.8727594850964606,
  "slot3_param8": 0.06014691211030898,
  "slot3_param9": 1.0,
  "slot3_param10": 0.3967459677664347,
  "slot3_param11": 1.0,
  "slot3_param12": 0.022488085663626645,
  "slot3_param13": 0.9271751835959545,
  "slot3_param14": 0.3121525938751682,
  "slot3_param15": 0.5895882792956813,
  "slot4_engine": 0,
  "slot4_bypass": 1.0,
  "slot4_solo": 0.0,
  "slot4_param1": 0.0,
  "slot4_param2": 0.0,
  "slot4_param3": 0.0,
  "slot4_param4": 0.0,
  "slot4_param5": 0.0,
  "slot4_param6": 0.0,
  "slot4_param7": 0.0,
  "slot4_param8": 0.0,
  "slot4_param9": 0.0,
  "slot4_param10": 0.0,
  "slot4_param11": 0.0,
  "slot4_param12": 0.0,
  "slot4_param13": 0.0,
  "slot4_param14": 0.0,
  "slot4_param15": 0.0,
  "slot5_engine": 0,
  "slot5_bypass": 1.0,
  "slot5_solo": 0.0,
  "slot5_param1": 0.0,
  "slot5_param2": 0.0,
  "slot5_param3": 0.0,
  "slot5_param4": 0.0,
  "slot5_param5": 0.0,
  "slot5_param6": 0.0,
  "slot5_param7": 0.0,
  "slot5_param8": 0.0,
  "slot5_param9": 0.0,
  "slot5_param10": 0.0,
  "slot5_param11": 0.0,
  "slot5_param12": 0.0,
  "slot5_param13": 0.0,
  "slot5_param14": 0.0,
  "slot5_param15": 0.0,
  "slot6_engine": 0,
  "slot6_bypass": 1.0,
  "slot6_solo": 0.0,
  "slot6_param1": 0.0,
  "slot6_param2": 0.0,
  "slot6_param3": 0.0,
  "slot6_param4": 0.0,
  "slot6_param5": 0.0,
  "slot6_param6": 0.0,
  "slot6_param7": 0.0,
  "slot6_param8": 0.0,
  "slot6_param9": 0.0,
  "slot6_param10": 0.0,
  "slot6_param11": 0.0,
  "slot6_param12": 0.0,
  "slot6_param13": 0.0,
  "slot6_param14": 0.0,
  "slot6_param15": 0.0,
  "id": "GC_0018",
  "index": 17
}