{
  "creative_name": "Fractal Granular Feedback Madness",
  "category": "Spatial",
  "description": "Dense granular texture with metallic feedback",
  "tags": [
    "experimental",
    "creative",
    "unconventional"
  ],
  "complexity": 0.930062498559626,
  "brightness": 0.6953243072712512,
  "warmth": 0.4439765675784886,
  "slot1_engine": 55,
  "slot1_bypass": 0.0,
  "slot1_solo": 0.0,
  "slot1_param1": 0.20937221721795538,
  "slot1_param2": 0.9139028552522488,
  "slot1_param3": 0.5897517412326007,
  "slot1_param4": 0.5956073522642229,
  "slot1_param5": 0.1411632766007882,
  "slot1_param6": 0.1602341825423712,
  "slot1_param7": 1.0,
  "slot1_param8": 0.0,
  "slot1_param9": 0.9164137986395844,
  "slot1_param10": 0.7920690509901112,
  "slot1_param11": 0.39740127817758003,
  "slot1_param12": 0.48548286816869546,
  "slot1_param13": 0.4591301130761777,
  "slot1_param14": 0.9576861595194053,
  "slot1_param15": 0.44579772734700573,
  "slot2_engine": 53,
  "slot2_bypass": 0.0,
  "slot2_solo": 0.0,
  "slot2_param1": 0.0,
  "slot2_param2": 0.8360308678375166,
  "slot2_param3": 0.2850253035122859,
  "slot2_param4": 0.7817672745192299,
  "slot2_param5": 0.8646653716664678,
  "slot2_param6": 0.008380292606160245,
  "slot2_param7": 0.7332976703250742,
  "slot2_param8": 0.07929362983297061,
  "slot2_param9": 0.9674087529760096,
  "slot2_param10": 0.7050383370057545,
  "slot2_param11": 0.7227194118775022,
  "slot2_param12": 0.4266708792223612,
  "slot2_param13": 0.3609462277988508,
  "slot2_param14": 0.6127098062023948,
  "slot2_param15": 0.7876306337055834,
  "slot3_engine": 27,
  "slot3_bypass": 0.0,
  "slot3_solo": 0.0,
  "slot3_param1": 0.0,
  "slot3_param2": 0.739545939134702,
  "slot3_param3": 0.26407676816076214,
  "slot3_param4": 0.5991065624660146,
  "slot3_param5": 0.8161894894751782,
  "slot3_param6": 0.21223011491911142,
  "slot3_param7": 0.807747862163515,
  "slot3_param8": 0.13983990568644322,
  "slot3_param9": 1.0,
  "slot3_param10": 0.5429746686860382,
  "slot3_param11": 0.6998989083231655,
  "slot3_param12": 0.38397396073252754,
  "slot3_param13": 0.3608156757983444,
  "slot3_param14": 0.9775660892160463,
  "slot3_param15": 0.408072030127434,
  "slot4_engine": 45,
  "slot4_bypass": 0.0,
  "slot4_solo": 0.0,
  "slot4_param1": 0.5444536175182835,
  "slot4_param2": 0.6477954328309672,
  "slot4_param3": 1.0,
  "slot4_param4": 0.40306900050220573,
  "slot4_param5": 0.4229845867554066,
  "slot4_param6": 0.9698809692308834,
  "slot4_param7": 0.7190498654506248,
  "slot4_param8": 0.3984052766337778,
  "slot4_param9": 0.8566495256408688,
  "slot4_param10": 0.4796898856725263,
  "slot4_param11": 0.4388806360017343,
  "slot4_param12": 0.24117399065979928,
  "slot4_param13": 1.0,
  "slot4_param14": 0.609836668731464,
  "slot4_param15": 0.8911426353507339,
  "slot5_engine": 0,
  "slot5_bypass": 1.0,
  "slot5_solo": 0.0,
  "slot5_param1": 0.0,
  "slot5_param2": 0.0,
  "slot5_param3": 0.0,
  "slot5_param4": 0.0,
  "slot5_param5": 0.0,
  "slot5_param6": 0.0,
  "slot5_param7": 0.0,
  "slot5_param8": 0.0,
  "slot5_param9": 0.0,
  "slot5_param10": 0.0,
  "slot5_param11": 0.0,
  "slot5_param12": 0.0,
  "slot5_param13": 0.0,
  "slot5_param14": 0.0,
  "slot5_param15": 0.0,
  "slot6_engine": 0,
  "slot6_bypass": 1.0,
  "slot6_solo": 0.0,
  "slot6_param1": 0.0,
  "slot6_param2": 0.0,
  "slot6_param3": 0.0,
  "slot6_param4": 0.0,
  "slot6_param5": 0.0,
  "slot6_param6": 0.0,
  "slot6_param7": 0.0,
  "slot6_param8": 0.0,
  "slot6_param9": 0.0,
  "slot6_param10": 0.0,
  "slot6_param11": 0.0,
  "slot6_param12": 0.0,
  "slot6_param13": 0.0,
  "slot6_param14": 0.0,
  "slot6_param15": 0.0,
  "id": "GC_0032",
  "index": 31
}