{
  "creative_name": "Astral Engineering Test 22",
  "category": "Harmonic",
  "description": "Systematic exploration of GranularCloud",
  "tags": [
    "experimental",
    "creative",
    "unconventional",
    "systematic"
  ],
  "complexity": 0.9804184678613919,
  "brightness": 0.35643813267935526,
  "warmth": 0.47880343271729325,
  "slot1_engine": 55,
  "slot1_bypass": 0.0,
  "slot1_solo": 0.0,
  "slot1_param1": 0.0,
  "slot1_param2": 0.6796491565949228,
  "slot1_param3": 0.668907335318436,
  "slot1_param4": 0.4991951780602146,
  "slot1_param5": 0.5554968121955988,
  "slot1_param6": 0.5065626539738526,
  "slot1_param7": 0.6549747333447954,
  "slot1_param8": 0.4449525216913557,
  "slot1_param9": 0.958959998789601,
  "slot1_param10": 0.33768358314948427,
  "slot1_param11": 0.6576340277583738,
  "slot1_param12": 0.31379571240940407,
  "slot1_param13": 0.2117012893747961,
  "slot1_param14": 0.6234600648056545,
  "slot1_param15": 0.46082886609988577,
  "slot2_engine": 53,
  "slot2_bypass": 0.0,
  "slot2_solo": 0.0,
  "slot2_param1": 0.9017069171228006,
  "slot2_param2": 0.5620227791346728,
  "slot2_param3": 0.8774434975614864,
  "slot2_param4": 0.26906258805425765,
  "slot2_param5": 0.5855490579064899,
  "slot2_param6": 0.6765823656642389,
  "slot2_param7": 0.0,
  "slot2_param8": 0.8719551574921109,
  "slot2_param9": 0.38770193276716125,
  "slot2_param10": 0.48104137171994216,
  "slot2_param11": 1.0,
  "slot2_param12": 0.17262476766996632,
  "slot2_param13": 0.45257181874808555,
  "slot2_param14": 0.6617218288404436,
  "slot2_param15": 0.8953741743508845,
  "slot3_engine": 42,
  "slot3_bypass": 0.0,
  "slot3_solo": 0.0,
  "slot3_param1": 1.0,
  "slot3_param2": 1.0,
  "slot3_param3": 0.3069071097226194,
  "slot3_param4": 0.7441086742178192,
  "slot3_param5": 0.3735622432841151,
  "slot3_param6": 0.6296356909721088,
  "slot3_param7": 0.3284183929410875,
  "slot3_param8": 0.7442517364034303,
  "slot3_param9": 0.13986023916515694,
  "slot3_param10": 0.6191724076636577,
  "slot3_param11": 0.3233022317949568,
  "slot3_param12": 0.9249617396557188,
  "slot3_param13": 0.6102773496102416,
  "slot3_param14": 0.7665998999753499,
  "slot3_param15": 0.86964072197798,
  "slot4_engine": 47,
  "slot4_bypass": 0.0,
  "slot4_solo": 0.0,
  "slot4_param1": 0.0,
  "slot4_param2": 0.8553067218286514,
  "slot4_param3": 0.7958754316145216,
  "slot4_param4": 0.34940824102635326,
  "slot4_param5": 0.4860291255407048,
  "slot4_param6": 0.3208305917150154,
  "slot4_param7": 0.7962253664862355,
  "slot4_param8": 0.35417836626767984,
  "slot4_param9": 0.9880815380680348,
  "slot4_param10": 0.17160598406942285,
  "slot4_param11": 0.6185150371316221,
  "slot4_param12": 0.3919077414272213,
  "slot4_param13": 0.5482134632996685,
  "slot4_param14": 0.9683810729522742,
  "slot4_param15": 0.6580099558336251,
  "slot5_engine": 0,
  "slot5_bypass": 1.0,
  "slot5_solo": 0.0,
  "slot5_param1": 0.0,
  "slot5_param2": 0.0,
  "slot5_param3": 0.0,
  "slot5_param4": 0.0,
  "slot5_param5": 0.0,
  "slot5_param6": 0.0,
  "slot5_param7": 0.0,
  "slot5_param8": 0.0,
  "slot5_param9": 0.0,
  "slot5_param10": 0.0,
  "slot5_param11": 0.0,
  "slot5_param12": 0.0,
  "slot5_param13": 0.0,
  "slot5_param14": 0.0,
  "slot5_param15": 0.0,
  "slot6_engine": 0,
  "slot6_bypass": 1.0,
  "slot6_solo": 0.0,
  "slot6_param1": 0.0,
  "slot6_param2": 0.0,
  "slot6_param3": 0.0,
  "slot6_param4": 0.0,
  "slot6_param5": 0.0,
  "slot6_param6": 0.0,
  "slot6_param7": 0.0,
  "slot6_param8": 0.0,
  "slot6_param9": 0.0,
  "slot6_param10": 0.0,
  "slot6_param11": 0.0,
  "slot6_param12": 0.0,
  "slot6_param13": 0.0,
  "slot6_param14": 0.0,
  "slot6_param15": 0.0,
  "id": "GC_0072",
  "index": 71
}