{
  "creative_name": "Glitch Matrix + Rhythmic Chaos Echo",
  "category": "Experimental",
  "description": "Hybrid: Micro-stutters with digital artifacts meets Chaotic rhythmic patterns",
  "tags": [
    "experimental",
    "creative",
    "unconventional",
    "hybrid"
  ],
  "complexity": 0.8349609657284989,
  "brightness": 0.6784048827287252,
  "warmth": 0.2089476588059438,
  "slot1_engine": 55,
  "slot1_bypass": 0.0,
  "slot1_solo": 0.0,
  "slot1_param1": 0.8697970420490557,
  "slot1_param2": 0.1912017559051526,
  "slot1_param3": 1.0,
  "slot1_param4": 0.5677846168365424,
  "slot1_param5": 0.7386335937362191,
  "slot1_param6": 0.7983749550208058,
  "slot1_param7": 0.45558733938652135,
  "slot1_param8": 0.8428072211687044,
  "slot1_param9": 0.44660980111673926,
  "slot1_param10": 0.7789934323790643,
  "slot1_param11": 1.0,
  "slot1_param12": 0.0,
  "slot1_param13": 0.6659105509930321,
  "slot1_param14": 0.6269927300512723,
  "slot1_param15": 0.6702743073681359,
  "slot2_engine": 56,
  "slot2_bypass": 0.0,
  "slot2_solo": 0.0,
  "slot2_param1": 1.0,
  "slot2_param2": 0.20950557796754726,
  "slot2_param3": 0.6850740200171181,
  "slot2_param4": 0.04710707808506953,
  "slot2_param5": 0.4522186243695176,
  "slot2_param6": 0.24462763699387852,
  "slot2_param7": 0.5317646184280407,
  "slot2_param8": 0.49203416424960994,
  "slot2_param9": 0.098896026558975,
  "slot2_param10": 0.6218832029524243,
  "slot2_param11": 0.9307122332984943,
  "slot2_param12": 0.25262449332647646,
  "slot2_param13": 0.8445481470395297,
  "slot2_param14": 0.6286446869976487,
  "slot2_param15": 0.51614001252101,
  "slot3_engine": 18,
  "slot3_bypass": 0.0,
  "slot3_solo": 0.0,
  "slot3_param1": 0.6515329690413313,
  "slot3_param2": 0.9216159422034518,
  "slot3_param3": 0.373948098940086,
  "slot3_param4": 0.6276842829275979,
  "slot3_param5": 0.8409050641815634,
  "slot3_param6": 0.47906167430706426,
  "slot3_param7": 0.018946342806908767,
  "slot3_param8": 0.4378537098110598,
  "slot3_param9": 0.4573138028784583,
  "slot3_param10": 0.5304959039759782,
  "slot3_param11": 0.5710508802493286,
  "slot3_param12": 1.0,
  "slot3_param13": 0.29193930939686946,
  "slot3_param14": 0.5491174899222417,
  "slot3_param15": 0.51195809897987,
  "slot4_engine": 45,
  "slot4_bypass": 0.0,
  "slot4_solo": 0.0,
  "slot4_param1": 0.38206690075636923,
  "slot4_param2": 0.8237183986501031,
  "slot4_param3": 1.0,
  "slot4_param4": 0.3110151375835507,
  "slot4_param5": 0.20233803639486864,
  "slot4_param6": 1.0,
  "slot4_param7": 0.2765577696936991,
  "slot4_param8": 0.5265000334084393,
  "slot4_param9": 0.9758807308352397,
  "slot4_param10": 0.35879468983021856,
  "slot4_param11": 0.6043670795575604,
  "slot4_param12": 0.3504642170792185,
  "slot4_param13": 0.4847025077562456,
  "slot4_param14": 0.17382366096617385,
  "slot4_param15": 0.6107638339421881,
  "slot5_engine": 51,
  "slot5_bypass": 0.0,
  "slot5_solo": 0.0,
  "slot5_param1": 0.13139311671925866,
  "slot5_param2": 0.8877997122692072,
  "slot5_param3": 0.570992249673616,
  "slot5_param4": 0.428318695428262,
  "slot5_param5": 0.41903357988093803,
  "slot5_param6": 0.2891617015827822,
  "slot5_param7": 0.7442182240927331,
  "slot5_param8": 0.17381488610555823,
  "slot5_param9": 0.7022437066303157,
  "slot5_param10": 0.5712249985924693,
  "slot5_param11": 0.35200719651849227,
  "slot5_param12": 0.61346396408623,
  "slot5_param13": 0.19054563055682283,
  "slot5_param14": 0.47647542546834065,
  "slot5_param15": 0.6549486512330971,
  "slot6_engine": 0,
  "slot6_bypass": 1.0,
  "slot6_solo": 0.0,
  "slot6_param1": 0.0,
  "slot6_param2": 0.0,
  "slot6_param3": 0.0,
  "slot6_param4": 0.0,
  "slot6_param5": 0.0,
  "slot6_param6": 0.0,
  "slot6_param7": 0.0,
  "slot6_param8": 0.0,
  "slot6_param9": 0.0,
  "slot6_param10": 0.0,
  "slot6_param11": 0.0,
  "slot6_param12": 0.0,
  "slot6_param13": 0.0,
  "slot6_param14": 0.0,
  "slot6_param15": 0.0,
  "id": "GC_0146",
  "index": 145
}