{
  "creative_name": "Spectral Resonance Dreams",
  "category": "Harmonic",
  "description": "Resonant spectral sweeps",
  "tags": [
    "experimental",
    "creative",
    "unconventional"
  ],
  "complexity": 0.8781836536197855,
  "brightness": 0.5669125487480822,
  "warmth": 0.6121596702132356,
  "slot1_engine": 54,
  "slot1_bypass": 0.0,
  "slot1_solo": 0.0,
  "slot1_param1": 0.6171608954740051,
  "slot1_param2": 0.3779886484924374,
  "slot1_param3": 1.0,
  "slot1_param4": 0.2880660946106366,
  "slot1_param5": 0.8948952495914906,
  "slot1_param6": 0.40695624042753586,
  "slot1_param7": 0.1196254870405373,
  "slot1_param8": 0.5435525490008704,
  "slot1_param9": 0.33966495985466943,
  "slot1_param10": 0.47151694928989685,
  "slot1_param11": 0.8028093972559266,
  "slot1_param12": 0.08354005747980994,
  "slot1_param13": 0.8521063192052141,
  "slot1_param14": 0.3521226198758668,
  "slot1_param15": 0.41998547048741613,
  "slot2_engine": 31,
  "slot2_bypass": 0.0,
  "slot2_solo": 0.0,
  "slot2_param1": 0.42042266304827214,
  "slot2_param2": 0.7632453795027465,
  "slot2_param3": 0.9268922739982651,
  "slot2_param4": 0.3784468500016182,
  "slot2_param5": 0.8092222023634803,
  "slot2_param6": 0.22628488564657617,
  "slot2_param7": 0.8752707183664687,
  "slot2_param8": 0.06671945790344683,
  "slot2_param9": 0.9471637632504415,
  "slot2_param10": 0.2658374286867231,
  "slot2_param11": 1.0,
  "slot2_param12": 0.3282249260298471,
  "slot2_param13": 0.37648537086297623,
  "slot2_param14": 0.5865241871238327,
  "slot2_param15": 0.48240964572811856,
  "slot3_engine": 27,
  "slot3_bypass": 0.0,
  "slot3_solo": 0.0,
  "slot3_param1": 0.0,
  "slot3_param2": 0.9508617739857934,
  "slot3_param3": 0.5961948660202048,
  "slot3_param4": 0.24972002896660783,
  "slot3_param5": 0.7164731608752412,
  "slot3_param6": 0.18003684462012587,
  "slot3_param7": 0.7876796787250124,
  "slot3_param8": 0.21773232229262052,
  "slot3_param9": 0.752235868724471,
  "slot3_param10": 0.25586120402423745,
  "slot3_param11": 0.36528556141449164,
  "slot3_param12": 0.24353208488549716,
  "slot3_param13": 0.34032626163981605,
  "slot3_param14": 0.7634804994067244,
  "slot3_param15": 0.791571877448848,
  "slot4_engine": 52,
  "slot4_bypass": 0.0,
  "slot4_solo": 0.0,
  "slot4_param1": 0.0940507397984823,
  "slot4_param2": 0.9115106471662082,
  "slot4_param3": 0.6861747819053843,
  "slot4_param4": 0.18185329203522313,
  "slot4_param5": 0.3357209210966149,
  "slot4_param6": 0.23953323135617993,
  "slot4_param7": 0.8732880180158513,
  "slot4_param8": 0.12543933508042104,
  "slot4_param9": 1.0,
  "slot4_param10": 0.640035123808046,
  "slot4_param11": 0.5571650491087553,
  "slot4_param12": 0.6935569621330893,
  "slot4_param13": 0.2110615761323194,
  "slot4_param14": 0.822856497536522,
  "slot4_param15": 0.779806119579771,
  "slot5_engine": 0,
  "slot5_bypass": 1.0,
  "slot5_solo": 0.0,
  "slot5_param1": 0.0,
  "slot5_param2": 0.0,
  "slot5_param3": 0.0,
  "slot5_param4": 0.0,
  "slot5_param5": 0.0,
  "slot5_param6": 0.0,
  "slot5_param7": 0.0,
  "slot5_param8": 0.0,
  "slot5_param9": 0.0,
  "slot5_param10": 0.0,
  "slot5_param11": 0.0,
  "slot5_param12": 0.0,
  "slot5_param13": 0.0,
  "slot5_param14": 0.0,
  "slot5_param15": 0.0,
  "slot6_engine": 0,
  "slot6_bypass": 1.0,
  "slot6_solo": 0.0,
  "slot6_param1": 0.0,
  "slot6_param2": 0.0,
  "slot6_param3": 0.0,
  "slot6_param4": 0.0,
  "slot6_param5": 0.0,
  "slot6_param6": 0.0,
  "slot6_param7": 0.0,
  "slot6_param8": 0.0,
  "slot6_param9": 0.0,
  "slot6_param10": 0.0,
  "slot6_param11": 0.0,
  "slot6_param12": 0.0,
  "slot6_param13": 0.0,
  "slot6_param14": 0.0,
  "slot6_param15": 0.0,
  "id": "GC_0042",
  "index": 41
}