{
  "creative_name": "Chaotic Spectral Morphing Horizon",
  "category": "Lo-Fi",
  "description": "Constantly evolving spectral content with chaotic modulation",
  "tags": [
    "experimental",
    "creative",
    "unconventional"
  ],
  "complexity": 0.7357251702619383,
  "brightness": 0.311568690610977,
  "warmth": 0.6632583008625719,
  "slot1_engine": 56,
  "slot1_bypass": 0.0,
  "slot1_solo": 0.0,
  "slot1_param1": 0.24926919243023385,
  "slot1_param2": 0.9428894343998534,
  "slot1_param3": 0.694561714446149,
  "slot1_param4": 0.20073009773807252,
  "slot1_param5": 0.2756921181008056,
  "slot1_param6": 0.10328942481120429,
  "slot1_param7": 0.5817284351971731,
  "slot1_param8": 0.20860802932508737,
  "slot1_param9": 0.6878258246153849,
  "slot1_param10": 0.1811227149595957,
  "slot1_param11": 0.8582245204936605,
  "slot1_param12": 0.27050667649078586,
  "slot1_param13": 0.04054341020439034,
  "slot1_param14": 0.9887342216240356,
  "slot1_param15": 0.4276931246110972,
  "slot2_engine": 54,
  "slot2_bypass": 0.0,
  "slot2_solo": 0.0,
  "slot2_param1": 0.2985976032613541,
  "slot2_param2": 0.9420410058739144,
  "slot2_param3": 0.5864896320741214,
  "slot2_param4": 0.48571889627907666,
  "slot2_param5": 0.34028576550686496,
  "slot2_param6": 0.5342082619024702,
  "slot2_param7": 0.6914862656558369,
  "slot2_param8": 0.01773647364801234,
  "slot2_param9": 0.9479792402689406,
  "slot2_param10": 0.4844614868073092,
  "slot2_param11": 0.8614009755303889,
  "slot2_param12": 0.7163261843552639,
  "slot2_param13": 0.564992513719542,
  "slot2_param14": 0.696925603609864,
  "slot2_param15": 0.7237785106941228,
  "slot3_engine": 44,
  "slot3_bypass": 0.0,
  "slot3_solo": 0.0,
  "slot3_param1": 1.0,
  "slot3_param2": 0.8670046685785385,
  "slot3_param3": 0.4221685282124219,
  "slot3_param4": 0.7815908143093109,
  "slot3_param5": 0.7645762857181873,
  "slot3_param6": 0.8571844231203424,
  "slot3_param7": 0.21934853950658645,
  "slot3_param8": 0.7623198798315753,
  "slot3_param9": 0.5150940415232718,
  "slot3_param10": 0.8233846328853269,
  "slot3_param11": 0.4738805840968584,
  "slot3_param12": 0.6792232321937115,
  "slot3_param13": 0.39250269014948125,
  "slot3_param14": 0.9083420242597717,
  "slot3_param15": 0.4786387488956227,
  "slot4_engine": 0,
  "slot4_bypass": 1.0,
  "slot4_solo": 0.0,
  "slot4_param1": 0.0,
  "slot4_param2": 0.0,
  "slot4_param3": 0.0,
  "slot4_param4": 0.0,
  "slot4_param5": 0.0,
  "slot4_param6": 0.0,
  "slot4_param7": 0.0,
  "slot4_param8": 0.0,
  "slot4_param9": 0.0,
  "slot4_param10": 0.0,
  "slot4_param11": 0.0,
  "slot4_param12": 0.0,
  "slot4_param13": 0.0,
  "slot4_param14": 0.0,
  "slot4_param15": 0.0,
  "slot5_engine": 0,
  "slot5_bypass": 1.0,
  "slot5_solo": 0.0,
  "slot5_param1": 0.0,
  "slot5_param2": 0.0,
  "slot5_param3": 0.0,
  "slot5_param4": 0.0,
  "slot5_param5": 0.0,
  "slot5_param6": 0.0,
  "slot5_param7": 0.0,
  "slot5_param8": 0.0,
  "slot5_param9": 0.0,
  "slot5_param10": 0.0,
  "slot5_param11": 0.0,
  "slot5_param12": 0.0,
  "slot5_param13": 0.0,
  "slot5_param14": 0.0,
  "slot5_param15": 0.0,
  "slot6_engine": 0,
  "slot6_bypass": 1.0,
  "slot6_solo": 0.0,
  "slot6_param1": 0.0,
  "slot6_param2": 0.0,
  "slot6_param3": 0.0,
  "slot6_param4": 0.0,
  "slot6_param5": 0.0,
  "slot6_param6": 0.0,
  "slot6_param7": 0.0,
  "slot6_param8": 0.0,
  "slot6_param9": 0.0,
  "slot6_param10": 0.0,
  "slot6_param11": 0.0,
  "slot6_param12": 0.0,
  "slot6_param13": 0.0,
  "slot6_param14": 0.0,
  "slot6_param15": 0.0,
  "id": "GC_0012",
  "index": 11
}