{
  "creative_name": "Quantum Harmonic Web + Spectral Resonance",
  "category": "Glitch",
  "description": "Hybrid: Complex harmonic textures meets Resonant spectral sweeps",
  "tags": [
    "experimental",
    "creative",
    "unconventional",
    "hybrid"
  ],
  "complexity": 0.6403522592097989,
  "brightness": 0.40780176234270243,
  "warmth": 0.6347185342296215,
  "slot1_engine": 55,
  "slot1_bypass": 0.0,
  "slot1_solo": 0.0,
  "slot1_param1": 0.0,
  "slot1_param2": 0.4917839908178349,
  "slot1_param3": 0.4357909268074864,
  "slot1_param4": 0.08975325118543692,
  "slot1_param5": 0.7438949089236876,
  "slot1_param6": 0.054199256186468536,
  "slot1_param7": 1.0,
  "slot1_param8": 0.09006473892282624,
  "slot1_param9": 0.868519803526143,
  "slot1_param10": 0.0853794071977082,
  "slot1_param11": 0.5258144212474978,
  "slot1_param12": 0.7239138366785102,
  "slot1_param13": 0.2764665148782209,
  "slot1_param14": 0.8817936144420668,
  "slot1_param15": 0.8577700435476612,
  "slot2_engine": 54,
  "slot2_bypass": 0.0,
  "slot2_solo": 0.0,
  "slot2_param1": 0.16058290504449227,
  "slot2_param2": 0.5861886048057519,
  "slot2_param3": 0.6626506335895438,
  "slot2_param4": 0.22967139069845738,
  "slot2_param5": 0.6844190346181952,
  "slot2_param6": 0.6475890911713831,
  "slot2_param7": 0.5623977746932709,
  "slot2_param8": 0.31230403122143724,
  "slot2_param9": 1.0,
  "slot2_param10": 0.165605352509546,
  "slot2_param11": 0.5484483754688825,
  "slot2_param12": 0.6087835577090592,
  "slot2_param13": 0.3192383945675529,
  "slot2_param14": 0.6949583938067774,
  "slot2_param15": 0.7234577595409781,
  "slot3_engine": 35,
  "slot3_bypass": 0.0,
  "slot3_solo": 0.0,
  "slot3_param1": 0.7700908593891188,
  "slot3_param2": 0.6989864864843088,
  "slot3_param3": 0.6562608936736591,
  "slot3_param4": 0.5328913854706666,
  "slot3_param5": 0.647944744849215,
  "slot3_param6": 0.4029375312519707,
  "slot3_param7": 0.771480631105506,
  "slot3_param8": 0.0,
  "slot3_param9": 1.0,
  "slot3_param10": 0.9334569898782306,
  "slot3_param11": 0.18496168402914154,
  "slot3_param12": 0.7041454961188427,
  "slot3_param13": 0.21864389547386281,
  "slot3_param14": 1.0,
  "slot3_param15": 0.40752611994419746,
  "slot4_engine": 27,
  "slot4_bypass": 0.0,
  "slot4_solo": 0.0,
  "slot4_param1": 0.39823499036809196,
  "slot4_param2": 1.0,
  "slot4_param3": 0.373690554943964,
  "slot4_param4": 0.4322379301001764,
  "slot4_param5": 0.3796120717906658,
  "slot4_param6": 0.030591918707753796,
  "slot4_param7": 0.45936714917219146,
  "slot4_param8": 0.04873124555998651,
  "slot4_param9": 0.5707197471053018,
  "slot4_param10": 0.6640715767349699,
  "slot4_param11": 0.8183633794019672,
  "slot4_param12": 0.8173391006693222,
  "slot4_param13": 0.26065896512785425,
  "slot4_param14": 0.7575452745183471,
  "slot4_param15": 0.4366489804727671,
  "slot5_engine": 52,
  "slot5_bypass": 0.0,
  "slot5_solo": 0.0,
  "slot5_param1": 0.2511942568069453,
  "slot5_param2": 0.9420768057438942,
  "slot5_param3": 0.3957388305987268,
  "slot5_param4": 0.17722227600171306,
  "slot5_param5": 0.3487953637016234,
  "slot5_param6": 0.0,
  "slot5_param7": 1.0,
  "slot5_param8": 0.07910697970601699,
  "slot5_param9": 0.5558714748112015,
  "slot5_param10": 0.12045531508446694,
  "slot5_param11": 0.5603353234987792,
  "slot5_param12": 0.3629581981929316,
  "slot5_param13": 0.12370706236383619,
  "slot5_param14": 0.7613494823348211,
  "slot5_param15": 0.4891321562578428,
  "slot6_engine": 0,
  "slot6_bypass": 1.0,
  "slot6_solo": 0.0,
  "slot6_param1": 0.0,
  "slot6_param2": 0.0,
  "slot6_param3": 0.0,
  "slot6_param4": 0.0,
  "slot6_param5": 0.0,
  "slot6_param6": 0.0,
  "slot6_param7": 0.0,
  "slot6_param8": 0.0,
  "slot6_param9": 0.0,
  "slot6_param10": 0.0,
  "slot6_param11": 0.0,
  "slot6_param12": 0.0,
  "slot6_param13": 0.0,
  "slot6_param14": 0.0,
  "slot6_param15": 0.0,
  "id": "GC_0137",
  "index": 136
}