{
  "creative_name": "Harmonic Chaos Spiral Storm",
  "category": "Lo-Fi",
  "description": "Harmonized chaos with unstable pitch",
  "tags": [
    "experimental",
    "creative",
    "unconventional"
  ],
  "complexity": 0.8473218951206961,
  "brightness": 0.4534988654918799,
  "warmth": 0.39686544280177205,
  "slot1_engine": 35,
  "slot1_bypass": 0.0,
  "slot1_solo": 0.0,
  "slot1_param1": 1.0,
  "slot1_param2": 0.5634340141557048,
  "slot1_param3": 0.3122409934645483,
  "slot1_param4": 1.0,
  "slot1_param5": 0.5872631644470674,
  "slot1_param6": 0.6413233115031318,
  "slot1_param7": 0.7099961733412206,
  "slot1_param8": 0.414666292795023,
  "slot1_param9": 0.7006026971454153,
  "slot1_param10": 0.41559641957151927,
  "slot1_param11": 0.2111515554802293,
  "slot1_param12": 0.593797805712823,
  "slot1_param13": 0.4993219069392216,
  "slot1_param14": 1.0,
  "slot1_param15": 0.8562359652915612,
  "slot2_engine": 56,
  "slot2_bypass": 0.0,
  "slot2_solo": 0.0,
  "slot2_param1": 0.9210578044261742,
  "slot2_param2": 0.645759714096884,
  "slot2_param3": 0.7199331044234584,
  "slot2_param4": 0.09189404144967503,
  "slot2_param5": 0.8088935200656511,
  "slot2_param6": 0.6079348196644967,
  "slot2_param7": 0.43708398614975563,
  "slot2_param8": 0.8556018077390115,
  "slot2_param9": 0.6681474460628651,
  "slot2_param10": 0.6161169808591578,
  "slot2_param11": 0.994084488399281,
  "slot2_param12": 0.3451102468972285,
  "slot2_param13": 0.5125493510225884,
  "slot2_param14": 0.44455762783671326,
  "slot2_param15": 0.8845439891416522,
  "slot3_engine": 27,
  "slot3_bypass": 0.0,
  "slot3_solo": 0.0,
  "slot3_param1": 0.130202058023812,
  "slot3_param2": 0.90487568991796,
  "slot3_param3": 0.48838518997223535,
  "slot3_param4": 0.6502116964799067,
  "slot3_param5": 0.3657291049385859,
  "slot3_param6": 0.2530453153665688,
  "slot3_param7": 0.4174394238245362,
  "slot3_param8": 0.0,
  "slot3_param9": 1.0,
  "slot3_param10": 0.5854793909092899,
  "slot3_param11": 0.5391498984728538,
  "slot3_param12": 0.2501387826534024,
  "slot3_param13": 0.5063691228231029,
  "slot3_param14": 0.6921073953965773,
  "slot3_param15": 0.8159912873148545,
  "slot4_engine": 45,
  "slot4_bypass": 0.0,
  "slot4_solo": 0.0,
  "slot4_param1": 0.1552407778812715,
  "slot4_param2": 0.6038975723562935,
  "slot4_param3": 0.8084543719061611,
  "slot4_param4": 0.0,
  "slot4_param5": 0.19323624626800812,
  "slot4_param6": 0.6358900364500448,
  "slot4_param7": 0.3435128189615347,
  "slot4_param8": 0.058316660656116986,
  "slot4_param9": 0.9916197454671363,
  "slot4_param10": 0.6675460369302626,
  "slot4_param11": 0.892730616676809,
  "slot4_param12": 0.1621195879250432,
  "slot4_param13": 1.0,
  "slot4_param14": 0.5628284599900163,
  "slot4_param15": 0.6568437733295717,
  "slot5_engine": 0,
  "slot5_bypass": 1.0,
  "slot5_solo": 0.0,
  "slot5_param1": 0.0,
  "slot5_param2": 0.0,
  "slot5_param3": 0.0,
  "slot5_param4": 0.0,
  "slot5_param5": 0.0,
  "slot5_param6": 0.0,
  "slot5_param7": 0.0,
  "slot5_param8": 0.0,
  "slot5_param9": 0.0,
  "slot5_param10": 0.0,
  "slot5_param11": 0.0,
  "slot5_param12": 0.0,
  "slot5_param13": 0.0,
  "slot5_param14": 0.0,
  "slot5_param15": 0.0,
  "slot6_engine": 0,
  "slot6_bypass": 1.0,
  "slot6_solo": 0.0,
  "slot6_param1": 0.0,
  "slot6_param2": 0.0,
  "slot6_param3": 0.0,
  "slot6_param4": 0.0,
  "slot6_param5": 0.0,
  "slot6_param6": 0.0,
  "slot6_param7": 0.0,
  "slot6_param8": 0.0,
  "slot6_param9": 0.0,
  "slot6_param10": 0.0,
  "slot6_param11": 0.0,
  "slot6_param12": 0.0,
  "slot6_param13": 0.0,
  "slot6_param14": 0.0,
  "slot6_param15": 0.0,
  "id": "GC_0020",
  "index": 19
}