{
  "creative_name": "Kaleidoscope Ambient Drift",
  "category": "Experimental",
  "description": "Slowly evolving ambient textures",
  "tags": [
    "experimental",
    "creative",
    "unconventional",
    "ambient",
    "tension",
    "atmospheric"
  ],
  "complexity": 0.646113844962016,
  "brightness": 0.43554734982597687,
  "warmth": 0.5648485794487013,
  "slot1_engine": 54,
  "slot1_bypass": 0.0,
  "slot1_solo": 0.0,
  "slot1_param1": 0.06478606719513072,
  "slot1_param2": 0.8898886158363299,
  "slot1_param3": 0.7680521903466104,
  "slot1_param4": 0.18325562217928398,
  "slot1_param5": 0.2166559277847097,
  "slot1_param6": 0.06610528728149612,
  "slot1_param7": 0.6662939715566917,
  "slot1_param8": 0.4745348403517783,
  "slot1_param9": 0.9189422115454937,
  "slot1_param10": 0.6328824758348339,
  "slot1_param11": 0.33028064328912315,
  "slot1_param12": 0.39174743170005816,
  "slot1_param13": 0.5616246547038135,
  "slot1_param14": 0.9596147802787085,
  "slot1_param15": 0.6117688860548711,
  "slot2_engine": 44,
  "slot2_bypass": 0.0,
  "slot2_solo": 0.0,
  "slot2_param1": 0.8418490475989626,
  "slot2_param2": 1.0,
  "slot2_param3": 0.4021233117585892,
  "slot2_param4": 0.7570428284395867,
  "slot2_param5": 0.6150527200951317,
  "slot2_param6": 0.6841880291661072,
  "slot2_param7": 0.35198180464342677,
  "slot2_param8": 0.9457423263899676,
  "slot2_param9": 0.022307233476114352,
  "slot2_param10": 0.7087782446225706,
  "slot2_param11": 0.36054594091350756,
  "slot2_param12": 0.5572450940414613,
  "slot2_param13": 0.5183614203995037,
  "slot2_param14": 0.9273836855426063,
  "slot2_param15": 0.6395794931772962,
  "slot3_engine": 56,
  "slot3_bypass": 0.0,
  "slot3_solo": 0.0,
  "slot3_param1": 1.0,
  "slot3_param2": 0.15816518262260656,
  "slot3_param3": 1.0,
  "slot3_param4": 0.4536704696285896,
  "slot3_param5": 0.9818815914210755,
  "slot3_param6": 0.44248233633615813,
  "slot3_param7": 0.20228553082498985,
  "slot3_param8": 0.8911930463931659,
  "slot3_param9": 0.42539010518906406,
  "slot3_param10": 0.8099460879953508,
  "slot3_param11": 0.873068795983564,
  "slot3_param12": 0.4825662738707293,
  "slot3_param13": 0.6764180308017322,
  "slot3_param14": 0.43265160372449635,
  "slot3_param15": 0.6591863117972068,
  "slot4_engine": 51,
  "slot4_bypass": 0.0,
  "slot4_solo": 0.0,
  "slot4_param1": 0.2944465162062385,
  "slot4_param2": 0.5298168789232529,
  "slot4_param3": 0.8543447321921385,
  "slot4_param4": 0.48599071769885316,
  "slot4_param5": 0.705696790790515,
  "slot4_param6": 0.42011359960399514,
  "slot4_param7": 0.8014533420853799,
  "slot4_param8": 0.1324901678523999,
  "slot4_param9": 0.7626240817638347,
  "slot4_param10": 0.5105562171735145,
  "slot4_param11": 0.7813811277773539,
  "slot4_param12": 0.440055980228438,
  "slot4_param13": 0.4211061288379236,
  "slot4_param14": 0.5307791861994426,
  "slot4_param15": 0.674803205985165,
  "slot5_engine": 52,
  "slot5_bypass": 0.0,
  "slot5_solo": 0.0,
  "slot5_param1": 0.11070625838703355,
  "slot5_param2": 0.9301771565858941,
  "slot5_param3": 0.6458468125166812,
  "slot5_param4": 0.5296799699961052,
  "slot5_param5": 0.20445066866744327,
  "slot5_param6": 0.5443342046260853,
  "slot5_param7": 0.4403826471515641,
  "slot5_param8": 0.11476759058301855,
  "slot5_param9": 0.7859956282939436,
  "slot5_param10": 0.46516725905094497,
  "slot5_param11": 0.8040269909720312,
  "slot5_param12": 0.409307440672613,
  "slot5_param13": 0.2870260182853808,
  "slot5_param14": 0.6901615399239667,
  "slot5_param15": 0.7768833184038852,
  "slot6_engine": 0,
  "slot6_bypass": 1.0,
  "slot6_solo": 0.0,
  "slot6_param1": 0.0,
  "slot6_param2": 0.0,
  "slot6_param3": 0.0,
  "slot6_param4": 0.0,
  "slot6_param5": 0.0,
  "slot6_param6": 0.0,
  "slot6_param7": 0.0,
  "slot6_param8": 0.0,
  "slot6_param9": 0.0,
  "slot6_param10": 0.0,
  "slot6_param11": 0.0,
  "slot6_param12": 0.0,
  "slot6_param13": 0.0,
  "slot6_param14": 0.0,
  "slot6_param15": 0.0,
  "id": "GC_0086",
  "context": "Film Score",
  "index": 85
}