{
  "creative_name": "Harmonic Web Vortex",
  "category": "Textural",
  "description": "Complex harmonic textures",
  "tags": [
    "experimental",
    "creative",
    "unconventional"
  ],
  "complexity": 0.9057907420992054,
  "brightness": 0.49709220393939824,
  "warmth": 0.46058650842578985,
  "slot1_engine": 55,
  "slot1_bypass": 0.0,
  "slot1_solo": 0.0,
  "slot1_param1": 0.40945102164748404,
  "slot1_param2": 0.7938214859807657,
  "slot1_param3": 0.8050952629585122,
  "slot1_param4": 0.1572536115129527,
  "slot1_param5": 0.5049121169619817,
  "slot1_param6": 0.03126704784345552,
  "slot1_param7": 0.6270247337490947,
  "slot1_param8": 0.0,
  "slot1_param9": 1.0,
  "slot1_param10": 0.4776179365809226,
  "slot1_param11": 0.2773812006747996,
  "slot1_param12": 0.7581388013308172,
  "slot1_param13": 0.3302958160794334,
  "slot1_param14": 0.8282357240308955,
  "slot1_param15": 0.8425209708642553,
  "slot2_engine": 35,
  "slot2_bypass": 0.0,
  "slot2_solo": 0.0,
  "slot2_param1": 0.5803814595658412,
  "slot2_param2": 0.6982580688163267,
  "slot2_param3": 0.48396292628309123,
  "slot2_param4": 0.7069857763814492,
  "slot2_param5": 0.4448040468858529,
  "slot2_param6": 0.81444269186237,
  "slot2_param7": 0.7747139779267381,
  "slot2_param8": 0.0,
  "slot2_param9": 0.9159707565628845,
  "slot2_param10": 0.5452660068568649,
  "slot2_param11": 0.352252638737561,
  "slot2_param12": 0.3676665212213918,
  "slot2_param13": 0.10822012654594759,
  "slot2_param14": 0.7329827406767445,
  "slot2_param15": 0.4525588966107294,
  "slot3_engine": 53,
  "slot3_bypass": 0.0,
  "slot3_solo": 0.0,
  "slot3_param1": 0.8654399793582763,
  "slot3_param2": 0.11330836414668444,
  "slot3_param3": 1.0,
  "slot3_param4": 0.33126013036022334,
  "slot3_param5": 0.7683952316604418,
  "slot3_param6": 0.6449589529276166,
  "slot3_param7": 0.044650074450453936,
  "slot3_param8": 0.8502442530768796,
  "slot3_param9": 0.27646523906581955,
  "slot3_param10": 0.8899666094429473,
  "slot3_param11": 0.5668854770513194,
  "slot3_param12": 0.4471274072219525,
  "slot3_param13": 0.8893571787665604,
  "slot3_param14": 0.38703028255352856,
  "slot3_param15": 0.7579711770417327,
  "slot4_engine": 52,
  "slot4_bypass": 0.0,
  "slot4_solo": 0.0,
  "slot4_param1": 0.33596644138097087,
  "slot4_param2": 0.7409131563067107,
  "slot4_param3": 0.81295173294107,
  "slot4_param4": 0.5480878723056789,
  "slot4_param5": 0.20454897064185595,
  "slot4_param6": 0.05236699803160855,
  "slot4_param7": 0.5759428860245066,
  "slot4_param8": 0.43063841632638805,
  "slot4_param9": 0.6069727903329429,
  "slot4_param10": 0.08658867723937957,
  "slot4_param11": 0.8627543007810431,
  "slot4_param12": 0.3469348605377962,
  "slot4_param13": 0.15085975906495036,
  "slot4_param14": 0.8632999642120589,
  "slot4_param15": 0.6369715588362685,
  "slot5_engine": 0,
  "slot5_bypass": 1.0,
  "slot5_solo": 0.0,
  "slot5_param1": 0.0,
  "slot5_param2": 0.0,
  "slot5_param3": 0.0,
  "slot5_param4": 0.0,
  "slot5_param5": 0.0,
  "slot5_param6": 0.0,
  "slot5_param7": 0.0,
  "slot5_param8": 0.0,
  "slot5_param9": 0.0,
  "slot5_param10": 0.0,
  "slot5_param11": 0.0,
  "slot5_param12": 0.0,
  "slot5_param13": 0.0,
  "slot5_param14": 0.0,
  "slot5_param15": 0.0,
  "slot6_engine": 0,
  "slot6_bypass": 1.0,
  "slot6_solo": 0.0,
  "slot6_param1": 0.0,
  "slot6_param2": 0.0,
  "slot6_param3": 0.0,
  "slot6_param4": 0.0,
  "slot6_param5": 0.0,
  "slot6_param6": 0.0,
  "slot6_param7": 0.0,
  "slot6_param8": 0.0,
  "slot6_param9": 0.0,
  "slot6_param10": 0.0,
  "slot6_param11": 0.0,
  "slot6_param12": 0.0,
  "slot6_param13": 0.0,
  "slot6_param14": 0.0,
  "slot6_param15": 0.0,
  "id": "GC_0021",
  "index": 20
}