{
  "creative_name": "Fractal Engineering Test 17",
  "category": "Experimental",
  "description": "Systematic exploration of GranularCloud",
  "tags": [
    "experimental",
    "creative",
    "unconventional",
    "systematic"
  ],
  "complexity": 0.9916116038683973,
  "brightness": 0.4524221944904179,
  "warmth": 0.29294718757997684,
  "slot1_engine": 55,
  "slot1_bypass": 0.0,
  "slot1_solo": 0.0,
  "slot1_param1": 0.01984069165450661,
  "slot1_param2": 0.9398702485206806,
  "slot1_param3": 0.7244106437304854,
  "slot1_param4": 0.3714327016153646,
  "slot1_param5": 0.6436324188165687,
  "slot1_param6": 0.070836383249611,
  "slot1_param7": 0.46525604728649594,
  "slot1_param8": 0.2249797048324732,
  "slot1_param9": 1.0,
  "slot1_param10": 0.6198671886757514,
  "slot1_param11": 0.49649247118102374,
  "slot1_param12": 0.6923567111942753,
  "slot1_param13": 0.5313063838928729,
  "slot1_param14": 1.0,
  "slot1_param15": 0.8846202534770693,
  "slot2_engine": 35,
  "slot2_bypass": 0.0,
  "slot2_solo": 0.0,
  "slot2_param1": 0.9709397116663638,
  "slot2_param2": 0.5092804805282526,
  "slot2_param3": 0.3709745138267059,
  "slot2_param4": 0.6504561104038972,
  "slot2_param5": 0.08791981341999505,
  "slot2_param6": 0.9094368400157813,
  "slot2_param7": 0.4444091121222453,
  "slot2_param8": 0.15748946910819706,
  "slot2_param9": 0.9156443721206897,
  "slot2_param10": 0.5500229578957236,
  "slot2_param11": 0.3112997505983875,
  "slot2_param12": 0.593751647181322,
  "slot2_param13": 0.15697997469084674,
  "slot2_param14": 0.8080606767865884,
  "slot2_param15": 0.403339907177538,
  "slot3_engine": 46,
  "slot3_bypass": 0.0,
  "slot3_solo": 0.0,
  "slot3_param1": 0.5762699618137812,
  "slot3_param2": 0.623472223091948,
  "slot3_param3": 1.0,
  "slot3_param4": 0.0,
  "slot3_param5": 0.1872388722125572,
  "slot3_param6": 0.8636428038096802,
  "slot3_param7": 0.3619647320662153,
  "slot3_param8": 0.005777686613901267,
  "slot3_param9": 0.9346039300328451,
  "slot3_param10": 0.31846486003863933,
  "slot3_param11": 0.9416249242438708,
  "slot3_param12": 0.3188086885668548,
  "slot3_param13": 0.643925057513913,
  "slot3_param14": 0.5157409601376035,
  "slot3_param15": 0.7320521293540831,
  "slot4_engine": 52,
  "slot4_bypass": 0.0,
  "slot4_solo": 0.0,
  "slot4_param1": 0.14988399047676867,
  "slot4_param2": 0.580054951700374,
  "slot4_param3": 0.5626064130653199,
  "slot4_param4": 0.592322100676153,
  "slot4_param5": 0.7243118546817733,
  "slot4_param6": 0.20964007374743554,
  "slot4_param7": 0.5412829975931323,
  "slot4_param8": 0.029050587937466232,
  "slot4_param9": 0.8706691495177278,
  "slot4_param10": 0.35111177690459744,
  "slot4_param11": 0.8016446564084618,
  "slot4_param12": 0.40056507217847126,
  "slot4_param13": 0.2868151870270563,
  "slot4_param14": 0.7330494245235635,
  "slot4_param15": 0.8750185324277486,
  "slot5_engine": 0,
  "slot5_bypass": 1.0,
  "slot5_solo": 0.0,
  "slot5_param1": 0.0,
  "slot5_param2": 0.0,
  "slot5_param3": 0.0,
  "slot5_param4": 0.0,
  "slot5_param5": 0.0,
  "slot5_param6": 0.0,
  "slot5_param7": 0.0,
  "slot5_param8": 0.0,
  "slot5_param9": 0.0,
  "slot5_param10": 0.0,
  "slot5_param11": 0.0,
  "slot5_param12": 0.0,
  "slot5_param13": 0.0,
  "slot5_param14": 0.0,
  "slot5_param15": 0.0,
  "slot6_engine": 0,
  "slot6_bypass": 1.0,
  "slot6_solo": 0.0,
  "slot6_param1": 0.0,
  "slot6_param2": 0.0,
  "slot6_param3": 0.0,
  "slot6_param4": 0.0,
  "slot6_param5": 0.0,
  "slot6_param6": 0.0,
  "slot6_param7": 0.0,
  "slot6_param8": 0.0,
  "slot6_param9": 0.0,
  "slot6_param10": 0.0,
  "slot6_param11": 0.0,
  "slot6_param12": 0.0,
  "slot6_param13": 0.0,
  "slot6_param14": 0.0,
  "slot6_param15": 0.0,
  "id": "GC_0067",
  "index": 66
}