{
  "creative_name": "Formant Web + Chaotic Spectral Morphing Storm",
  "category": "Ambient",
  "description": "Hybrid: Formant-shaped feedback network meets Constantly evolving spectral content with chaotic modulation",
  "tags": [
    "experimental",
    "creative",
    "unconventional",
    "hybrid"
  ],
  "complexity": 0.7823626262108455,
  "brightness": 0.699119829906772,
  "warmth": 0.28747929737775707,
  "slot1_engine": 32,
  "slot1_bypass": 0.0,
  "slot1_solo": 0.0,
  "slot1_param1": 0.19163535855290337,
  "slot1_param2": 0.6104576690826471,
  "slot1_param3": 0.4314560161719466,
  "slot1_param4": 0.5801487855988846,
  "slot1_param5": 0.4237473133434123,
  "slot1_param6": 0.6253135207833453,
  "slot1_param7": 0.0,
  "slot1_param8": 0.8499838833663003,
  "slot1_param9": 0.6074437706443465,
  "slot1_param10": 0.3747364822126352,
  "slot1_param11": 0.03225577361009102,
  "slot1_param12": 0.5396120915497109,
  "slot1_param13": 0.43469526949265813,
  "slot1_param14": 0.4560263416343247,
  "slot1_param15": 0.476546863170508,
  "slot2_engine": 56,
  "slot2_bypass": 0.0,
  "slot2_solo": 0.0,
  "slot2_param1": 0.2759636424596199,
  "slot2_param2": 0.5787077292944871,
  "slot2_param3": 0.30301943483867344,
  "slot2_param4": 0.6347858024740259,
  "slot2_param5": 0.5538162641086952,
  "slot2_param6": 0.5065427558752891,
  "slot2_param7": 0.9507335020433257,
  "slot2_param8": 0.34386142338829906,
  "slot2_param9": 0.8247013107316048,
  "slot2_param10": 0.5318472703766448,
  "slot2_param11": 0.7375713597810154,
  "slot2_param12": 0.4806496653900053,
  "slot2_param13": 0.16993543312946593,
  "slot2_param14": 1.0,
  "slot2_param15": 0.8029347658259685,
  "slot3_engine": 39,
  "slot3_bypass": 0.0,
  "slot3_solo": 0.0,
  "slot3_param1": 0.6976057001863178,
  "slot3_param2": 0.7942954126875992,
  "slot3_param3": 0.2788446570539889,
  "slot3_param4": 0.2922237987005306,
  "slot3_param5": 0.8570057953645752,
  "slot3_param6": 0.2201444337318979,
  "slot3_param7": 0.3802446596154523,
  "slot3_param8": 0.39966896606135194,
  "slot3_param9": 0.34431902336467085,
  "slot3_param10": 0.6978777593080502,
  "slot3_param11": 0.12644308322242098,
  "slot3_param12": 0.5731570798217552,
  "slot3_param13": 1.0,
  "slot3_param14": 0.14865961678132344,
  "slot3_param15": 0.5610375429338684,
  "slot4_engine": 44,
  "slot4_bypass": 0.0,
  "slot4_solo": 0.0,
  "slot4_param1": 0.7374841748279475,
  "slot4_param2": 0.8396599211275304,
  "slot4_param3": 0.49525278500322106,
  "slot4_param4": 0.7039554326080444,
  "slot4_param5": 0.7212480843138176,
  "slot4_param6": 0.5857786976258018,
  "slot4_param7": 0.32170137077796046,
  "slot4_param8": 0.9877438670261967,
  "slot4_param9": 0.5699224730082231,
  "slot4_param10": 1.0,
  "slot4_param11": 0.6020602688236574,
  "slot4_param12": 1.0,
  "slot4_param13": 0.5234372764639643,
  "slot4_param14": 1.0,
  "slot4_param15": 0.4500781489609991,
  "slot5_engine": 52,
  "slot5_bypass": 0.0,
  "slot5_solo": 0.0,
  "slot5_param1": 0.0,
  "slot5_param2": 1.0,
  "slot5_param3": 0.8239604400546336,
  "slot5_param4": 0.43576886765022466,
  "slot5_param5": 0.38562706371721406,
  "slot5_param6": 0.3348050847445704,
  "slot5_param7": 0.7968729957074577,
  "slot5_param8": 0.0,
  "slot5_param9": 0.6482191020722634,
  "slot5_param10": 0.14231385874459607,
  "slot5_param11": 0.7856522118020081,
  "slot5_param12": 0.3948916785929799,
  "slot5_param13": 0.2509299232908281,
  "slot5_param14": 0.9717747015006022,
  "slot5_param15": 0.4659516073386486,
  "slot6_engine": 0,
  "slot6_bypass": 1.0,
  "slot6_solo": 0.0,
  "slot6_param1": 0.0,
  "slot6_param2": 0.0,
  "slot6_param3": 0.0,
  "slot6_param4": 0.0,
  "slot6_param5": 0.0,
  "slot6_param6": 0.0,
  "slot6_param7": 0.0,
  "slot6_param8": 0.0,
  "slot6_param9": 0.0,
  "slot6_param10": 0.0,
  "slot6_param11": 0.0,
  "slot6_param12": 0.0,
  "slot6_param13": 0.0,
  "slot6_param14": 0.0,
  "slot6_param15": 0.0,
  "id": "GC_0138",
  "index": 137
}