{
  "creative_name": "Harmonic Chaos Spiral Echo",
  "category": "Glitch",
  "description": "Harmonized chaos with unstable pitch",
  "tags": [
    "experimental",
    "creative",
    "unconventional"
  ],
  "complexity": 0.6284510507324397,
  "brightness": 0.3605646800039939,
  "warmth": 0.695522886005167,
  "slot1_engine": 35,
  "slot1_bypass": 0.0,
  "slot1_solo": 0.0,
  "slot1_param1": 0.5660943965984794,
  "slot1_param2": 0.6421215627598853,
  "slot1_param3": 0.1536344524591962,
  "slot1_param4": 0.4093625815286225,
  "slot1_param5": 1.0,
  "slot1_param6": 0.0,
  "slot1_param7": 0.7394362317877936,
  "slot1_param8": 0.31838608648771294,
  "slot1_param9": 0.6219676573620706,
  "slot1_param10": 0.5775871708859851,
  "slot1_param11": 0.4080652174407974,
  "slot1_param12": 0.5550092150605579,
  "slot1_param13": 0.7850571795277678,
  "slot1_param14": 0.48319985426735335,
  "slot1_param15": 0.780783120215577,
  "slot2_engine": 56,
  "slot2_bypass": 0.0,
  "slot2_solo": 0.0,
  "slot2_param1": 0.747525812948296,
  "slot2_param2": 0.48085054922606496,
  "slot2_param3": 0.778746050030165,
  "slot2_param4": 0.49709326479458404,
  "slot2_param5": 0.521698978709846,
  "slot2_param6": 0.5125785584546726,
  "slot2_param7": 0.20961435261660605,
  "slot2_param8": 0.7142900642385255,
  "slot2_param9": 0.25075242140690024,
  "slot2_param10": 0.7489650855773841,
  "slot2_param11": 0.7795489776332646,
  "slot2_param12": 0.2142657591058455,
  "slot2_param13": 0.9031526358789225,
  "slot2_param14": 0.38560884002964624,
  "slot2_param15": 0.6395362632258048,
  "slot3_engine": 27,
  "slot3_bypass": 0.0,
  "slot3_solo": 0.0,
  "slot3_param1": 0.0,
  "slot3_param2": 0.7880161196296689,
  "slot3_param3": 0.7854413878952282,
  "slot3_param4": 0.5341240327472117,
  "slot3_param5": 0.5345918204098227,
  "slot3_param6": 0.4561132776880701,
  "slot3_param7": 0.6163125179357261,
  "slot3_param8": 0.10366288935749932,
  "slot3_param9": 0.8087324676893188,
  "slot3_param10": 0.2713914340241123,
  "slot3_param11": 0.5611741875063612,
  "slot3_param12": 0.4219094158485418,
  "slot3_param13": 0.4059104900252736,
  "slot3_param14": 0.6491504919311706,
  "slot3_param15": 0.4110131078682912,
  "slot4_engine": 45,
  "slot4_bypass": 0.0,
  "slot4_solo": 0.0,
  "slot4_param1": 0.7914500789941108,
  "slot4_param2": 0.693909785483665,
  "slot4_param3": 0.2793240785949578,
  "slot4_param4": 0.9782296227920333,
  "slot4_param5": 0.7045162659820191,
  "slot4_param6": 0.7954834028958925,
  "slot4_param7": 0.5668471475102331,
  "slot4_param8": 0.8746254462551517,
  "slot4_param9": 0.16546362812469975,
  "slot4_param10": 0.7822153901587388,
  "slot4_param11": 0.5425799640818973,
  "slot4_param12": 0.565089377587028,
  "slot4_param13": 0.6248629193785042,
  "slot4_param14": 0.9632662615643938,
  "slot4_param15": 0.7855977177631646,
  "slot5_engine": 0,
  "slot5_bypass": 1.0,
  "slot5_solo": 0.0,
  "slot5_param1": 0.0,
  "slot5_param2": 0.0,
  "slot5_param3": 0.0,
  "slot5_param4": 0.0,
  "slot5_param5": 0.0,
  "slot5_param6": 0.0,
  "slot5_param7": 0.0,
  "slot5_param8": 0.0,
  "slot5_param9": 0.0,
  "slot5_param10": 0.0,
  "slot5_param11": 0.0,
  "slot5_param12": 0.0,
  "slot5_param13": 0.0,
  "slot5_param14": 0.0,
  "slot5_param15": 0.0,
  "slot6_engine": 0,
  "slot6_bypass": 1.0,
  "slot6_solo": 0.0,
  "slot6_param1": 0.0,
  "slot6_param2": 0.0,
  "slot6_param3": 0.0,
  "slot6_param4": 0.0,
  "slot6_param5": 0.0,
  "slot6_param6": 0.0,
  "slot6_param7": 0.0,
  "slot6_param8": 0.0,
  "slot6_param9": 0.0,
  "slot6_param10": 0.0,
  "slot6_param11": 0.0,
  "slot6_param12": 0.0,
  "slot6_param13": 0.0,
  "slot6_param14": 0.0,
  "slot6_param15": 0.0,
  "id": "GC_0023",
  "index": 22
}