{
  "creative_name": "Vocal Formant Destruction Echo",
  "category": "Experimental",
  "description": "Vocal formants destroyed and reconstructed",
  "tags": [
    "experimental",
    "creative",
    "unconventional"
  ],
  "complexity": 0.6572348001231604,
  "brightness": 0.3265423394326704,
  "warmth": 0.4978921651875503,
  "slot1_engine": 32,
  "slot1_bypass": 0.0,
  "slot1_solo": 0.0,
  "slot1_param1": 0.4077273063768505,
  "slot1_param2": 1.0,
  "slot1_param3": 0.6098944101219086,
  "slot1_param4": 0.2895824005019356,
  "slot1_param5": 0.8627526566892758,
  "slot1_param6": 0.14839068823828794,
  "slot1_param7": 0.7309465980118329,
  "slot1_param8": 0.1618500639913626,
  "slot1_param9": 0.6914882864373386,
  "slot1_param10": 0.6204702791014705,
  "slot1_param11": 0.8318741375312338,
  "slot1_param12": 0.4581667472511337,
  "slot1_param13": 0.3402818850515452,
  "slot1_param14": 0.49987692883529783,
  "slot1_param15": 0.5519912154685991,
  "slot2_engine": 37,
  "slot2_bypass": 0.0,
  "slot2_solo": 0.0,
  "slot2_param1": 0.2881553544565857,
  "slot2_param2": 0.9037015143445448,
  "slot2_param3": 0.3461419948175681,
  "slot2_param4": 0.409288098755452,
  "slot2_param5": 0.9335687653058256,
  "slot2_param6": 0.3624659103354857,
  "slot2_param7": 0.6864603631488231,
  "slot2_param8": 0.48847832036907046,
  "slot2_param9": 0.5865446224316984,
  "slot2_param10": 0.6747986606011556,
  "slot2_param11": 0.4518018828413422,
  "slot2_param12": 0.8029410553156282,
  "slot2_param13": 1.0,
  "slot2_param14": 0.3635387795063203,
  "slot2_param15": 0.5815633012346074,
  "slot3_engine": 54,
  "slot3_bypass": 0.0,
  "slot3_solo": 0.0,
  "slot3_param1": 0.1692554434407035,
  "slot3_param2": 0.8664116993443942,
  "slot3_param3": 0.5950653525410973,
  "slot3_param4": 0.47446809760359127,
  "slot3_param5": 0.47265116279543706,
  "slot3_param6": 0.1122117315096548,
  "slot3_param7": 0.7892520572663245,
  "slot3_param8": 0.0,
  "slot3_param9": 1.0,
  "slot3_param10": 0.32420525060244054,
  "slot3_param11": 0.37769773194417466,
  "slot3_param12": 0.2713985716567806,
  "slot3_param13": 0.2879523019919149,
  "slot3_param14": 0.5740696332216497,
  "slot3_param15": 0.733063123644782,
  "slot4_engine": 53,
  "slot4_bypass": 0.0,
  "slot4_solo": 0.0,
  "slot4_param1": 0.8910570876283892,
  "slot4_param2": 0.17986524794071357,
  "slot4_param3": 1.0,
  "slot4_param4": 0.20248182876257403,
  "slot4_param5": 0.9228566984212971,
  "slot4_param6": 0.40919785112055007,
  "slot4_param7": 0.18513569593558238,
  "slot4_param8": 0.6189260500342812,
  "slot4_param9": 0.24020959109050274,
  "slot4_param10": 0.3849209630148621,
  "slot4_param11": 0.7729307193801409,
  "slot4_param12": 0.32383478292577617,
  "slot4_param13": 0.6130532988720153,
  "slot4_param14": 0.4188769305499527,
  "slot4_param15": 0.6884452464773635,
  "slot5_engine": 0,
  "slot5_bypass": 1.0,
  "slot5_solo": 0.0,
  "slot5_param1": 0.0,
  "slot5_param2": 0.0,
  "slot5_param3": 0.0,
  "slot5_param4": 0.0,
  "slot5_param5": 0.0,
  "slot5_param6": 0.0,
  "slot5_param7": 0.0,
  "slot5_param8": 0.0,
  "slot5_param9": 0.0,
  "slot5_param10": 0.0,
  "slot5_param11": 0.0,
  "slot5_param12": 0.0,
  "slot5_param13": 0.0,
  "slot5_param14": 0.0,
  "slot5_param15": 0.0,
  "slot6_engine": 0,
  "slot6_bypass": 1.0,
  "slot6_solo": 0.0,
  "slot6_param1": 0.0,
  "slot6_param2": 0.0,
  "slot6_param3": 0.0,
  "slot6_param4": 0.0,
  "slot6_param5": 0.0,
  "slot6_param6": 0.0,
  "slot6_param7": 0.0,
  "slot6_param8": 0.0,
  "slot6_param9": 0.0,
  "slot6_param10": 0.0,
  "slot6_param11": 0.0,
  "slot6_param12": 0.0,
  "slot6_param13": 0.0,
  "slot6_param14": 0.0,
  "slot6_param15": 0.0,
  "id": "GC_0006",
  "index": 5
}