{
  "creative_name": "Chaotic Spectral Morphing Dreams",
  "category": "Experimental",
  "description": "Constantly evolving spectral content with chaotic modulation",
  "tags": [
    "experimental",
    "creative",
    "unconventional"
  ],
  "complexity": 0.7235586816860429,
  "brightness": 0.4459667150988997,
  "warmth": 0.37960927762899865,
  "slot1_engine": 56,
  "slot1_bypass": 0.0,
  "slot1_solo": 0.0,
  "slot1_param1": 0.0,
  "slot1_param2": 0.6825896146797732,
  "slot1_param3": 0.8670178103174488,
  "slot1_param4": 0.3594882458713414,
  "slot1_param5": 0.6195942899433642,
  "slot1_param6": 0.44588159337779815,
  "slot1_param7": 0.46125903132273177,
  "slot1_param8": 0.26967318229828846,
  "slot1_param9": 0.9731383924232083,
  "slot1_param10": 0.4586284295738121,
  "slot1_param11": 0.45216371006328987,
  "slot1_param12": 0.6246461956816391,
  "slot1_param13": 0.14506726286087326,
  "slot1_param14": 0.5350950757395652,
  "slot1_param15": 0.423439484570257,
  "slot2_engine": 54,
  "slot2_bypass": 0.0,
  "slot2_solo": 0.0,
  "slot2_param1": 0.030781778085181788,
  "slot2_param2": 1.0,
  "slot2_param3": 0.8686398282484318,
  "slot2_param4": 0.1581531227409258,
  "slot2_param5": 0.7737498854752465,
  "slot2_param6": 0.1664494193468182,
  "slot2_param7": 0.49681426046932964,
  "slot2_param8": 0.275920326401402,
  "slot2_param9": 0.7635029997720809,
  "slot2_param10": 0.13188337997027377,
  "slot2_param11": 0.41218404712787293,
  "slot2_param12": 0.3543133656425793,
  "slot2_param13": 0.1524445103222392,
  "slot2_param14": 0.5399356096911339,
  "slot2_param15": 0.8940114193072272,
  "slot3_engine": 44,
  "slot3_bypass": 0.0,
  "slot3_solo": 0.0,
  "slot3_param1": 1.0,
  "slot3_param2": 1.0,
  "slot3_param3": 0.07643558674210363,
  "slot3_param4": 1.0,
  "slot3_param5": 0.9084013432303037,
  "slot3_param6": 0.4517689470267994,
  "slot3_param7": 0.6034468015302861,
  "slot3_param8": 0.9188476227178759,
  "slot3_param9": 0.5157910285664422,
  "slot3_param10": 0.7980002359076028,
  "slot3_param11": 0.7518857035334212,
  "slot3_param12": 0.6215469557846609,
  "slot3_param13": 0.633286437870992,
  "slot3_param14": 1.0,
  "slot3_param15": 0.6508743257414277,
  "slot4_engine": 0,
  "slot4_bypass": 1.0,
  "slot4_solo": 0.0,
  "slot4_param1": 0.0,
  "slot4_param2": 0.0,
  "slot4_param3": 0.0,
  "slot4_param4": 0.0,
  "slot4_param5": 0.0,
  "slot4_param6": 0.0,
  "slot4_param7": 0.0,
  "slot4_param8": 0.0,
  "slot4_param9": 0.0,
  "slot4_param10": 0.0,
  "slot4_param11": 0.0,
  "slot4_param12": 0.0,
  "slot4_param13": 0.0,
  "slot4_param14": 0.0,
  "slot4_param15": 0.0,
  "slot5_engine": 0,
  "slot5_bypass": 1.0,
  "slot5_solo": 0.0,
  "slot5_param1": 0.0,
  "slot5_param2": 0.0,
  "slot5_param3": 0.0,
  "slot5_param4": 0.0,
  "slot5_param5": 0.0,
  "slot5_param6": 0.0,
  "slot5_param7": 0.0,
  "slot5_param8": 0.0,
  "slot5_param9": 0.0,
  "slot5_param10": 0.0,
  "slot5_param11": 0.0,
  "slot5_param12": 0.0,
  "slot5_param13": 0.0,
  "slot5_param14": 0.0,
  "slot5_param15": 0.0,
  "slot6_engine": 0,
  "slot6_bypass": 1.0,
  "slot6_solo": 0.0,
  "slot6_param1": 0.0,
  "slot6_param2": 0.0,
  "slot6_param3": 0.0,
  "slot6_param4": 0.0,
  "slot6_param5": 0.0,
  "slot6_param6": 0.0,
  "slot6_param7": 0.0,
  "slot6_param8": 0.0,
  "slot6_param9": 0.0,
  "slot6_param10": 0.0,
  "slot6_param11": 0.0,
  "slot6_param12": 0.0,
  "slot6_param13": 0.0,
  "slot6_param14": 0.0,
  "slot6_param15": 0.0,
  "id": "GC_0009",
  "index": 8
}