{
  "creative_name": "Spectral Resonance + Granular Feedback Madness Cascade",
  "category": "Ambient",
  "description": "Hybrid: Resonant spectral sweeps meets Dense granular texture with metallic feedback",
  "tags": [
    "experimental",
    "creative",
    "unconventional",
    "hybrid"
  ],
  "complexity": 0.788006863927376,
  "brightness": 0.6014198715333483,
  "warmth": 0.41199721108702214,
  "slot1_engine": 54,
  "slot1_bypass": 0.0,
  "slot1_solo": 0.0,
  "slot1_param1": 0.5468200216677317,
  "slot1_param2": 0.5097745744716817,
  "slot1_param3": 0.7930574868843578,
  "slot1_param4": 0.5930692111718181,
  "slot1_param5": 0.5664967791214901,
  "slot1_param6": 0.4585642963342638,
  "slot1_param7": 0.5073995556256317,
  "slot1_param8": 0.7231561363455203,
  "slot1_param9": 0.36580273130937246,
  "slot1_param10": 0.27923557567675833,
  "slot1_param11": 0.7498417104208944,
  "slot1_param12": 0.012183758157569835,
  "slot1_param13": 0.7564835335703531,
  "slot1_param14": 0.22602000332451683,
  "slot1_param15": 0.8761992271995171,
  "slot2_engine": 55,
  "slot2_bypass": 0.0,
  "slot2_solo": 0.0,
  "slot2_param1": 0.0,
  "slot2_param2": 0.8255098739957331,
  "slot2_param3": 0.6599695550632001,
  "slot2_param4": 0.10276450872028592,
  "slot2_param5": 0.15830769197124472,
  "slot2_param6": 0.2847995234549669,
  "slot2_param7": 0.7977669576936205,
  "slot2_param8": 0.051078991258344475,
  "slot2_param9": 0.9557198692753266,
  "slot2_param10": 0.7166348589218903,
  "slot2_param11": 0.5195604056795935,
  "slot2_param12": 0.44555378489630565,
  "slot2_param13": 0.028296226914397538,
  "slot2_param14": 1.0,
  "slot2_param15": 0.8965254508328961,
  "slot3_engine": 31,
  "slot3_bypass": 0.0,
  "slot3_solo": 0.0,
  "slot3_param1": 0.7597428268026216,
  "slot3_param2": 0.60932336689895,
  "slot3_param3": 0.6035373489674702,
  "slot3_param4": 0.992895301568594,
  "slot3_param5": 0.3206771976864911,
  "slot3_param6": 0.7700843179095008,
  "slot3_param7": 0.4892569269012514,
  "slot3_param8": 0.8858067566649267,
  "slot3_param9": 0.6036980240971697,
  "slot3_param10": 0.7054754612906737,
  "slot3_param11": 0.36905213979518964,
  "slot3_param12": 0.5383065362906023,
  "slot3_param13": 0.5456702371257651,
  "slot3_param14": 0.3938311284723669,
  "slot3_param15": 0.738554676378453,
  "slot4_engine": 27,
  "slot4_bypass": 0.0,
  "slot4_solo": 0.0,
  "slot4_param1": 0.15975004131241596,
  "slot4_param2": 0.6664949979148227,
  "slot4_param3": 0.8565403650116681,
  "slot4_param4": 0.45722204074898354,
  "slot4_param5": 0.7437077333813426,
  "slot4_param6": 0.5019107903925948,
  "slot4_param7": 0.7236453799011423,
  "slot4_param8": 0.3437890279265745,
  "slot4_param9": 0.939582831047516,
  "slot4_param10": 0.4722764797624531,
  "slot4_param11": 0.7745052928680637,
  "slot4_param12": 0.322703073064462,
  "slot4_param13": 0.041236956239036615,
  "slot4_param14": 0.7010173038922818,
  "slot4_param15": 0.7765874697239461,
  "slot5_engine": 52,
  "slot5_bypass": 0.0,
  "slot5_solo": 0.0,
  "slot5_param1": 0.34802852599479794,
  "slot5_param2": 1.0,
  "slot5_param3": 0.37231945536082467,
  "slot5_param4": 0.6973244233900525,
  "slot5_param5": 0.5553204396797362,
  "slot5_param6": 0.3920708845357359,
  "slot5_param7": 0.5806390636840925,
  "slot5_param8": 0.0,
  "slot5_param9": 0.63461461626859,
  "slot5_param10": 0.6160098551252791,
  "slot5_param11": 0.6267202624411944,
  "slot5_param12": 0.6750452451336639,
  "slot5_param13": 0.29310413496091586,
  "slot5_param14": 0.5787530266812846,
  "slot5_param15": 0.7346840821792127,
  "slot6_engine": 0,
  "slot6_bypass": 1.0,
  "slot6_solo": 0.0,
  "slot6_param1": 0.0,
  "slot6_param2": 0.0,
  "slot6_param3": 0.0,
  "slot6_param4": 0.0,
  "slot6_param5": 0.0,
  "slot6_param6": 0.0,
  "slot6_param7": 0.0,
  "slot6_param8": 0.0,
  "slot6_param9": 0.0,
  "slot6_param10": 0.0,
  "slot6_param11": 0.0,
  "slot6_param12": 0.0,
  "slot6_param13": 0.0,
  "slot6_param14": 0.0,
  "slot6_param15": 0.0,
  "id": "GC_0133",
  "index": 132
}