{
  "creative_name": "Lo-Fi Degradation Horizon",
  "category": "Ambient",
  "description": "Heavy degradation with vintage character",
  "tags": [
    "experimental",
    "creative",
    "unconventional",
    "trippy",
    "morphing",
    "colorful"
  ],
  "complexity": 0.8349482901957314,
  "brightness": 0.603929359877295,
  "warmth": 0.2190852985152671,
  "slot1_engine": 18,
  "slot1_bypass": 0.0,
  "slot1_solo": 0.0,
  "slot1_param1": 1.0,
  "slot1_param2": 0.24666353365015875,
  "slot1_param3": 0.6416207113993652,
  "slot1_param4": 0.0,
  "slot1_param5": 0.6036356949136605,
  "slot1_param6": 0.6027227335170526,
  "slot1_param7": 0.6126218306840681,
  "slot1_param8": 0.0,
  "slot1_param9": 1.0,
  "slot1_param10": 0.5246444934873262,
  "slot1_param11": 1.0,
  "slot1_param12": 0.47479484993659904,
  "slot1_param13": 1.0,
  "slot1_param14": 0.4392154720319084,
  "slot1_param15": 0.5700250728186866,
  "slot2_engine": 56,
  "slot2_bypass": 0.0,
  "slot2_solo": 0.0,
  "slot2_param1": 0.8820321792506123,
  "slot2_param2": 0.5348776068491595,
  "slot2_param3": 1.0,
  "slot2_param4": 0.5632876187199616,
  "slot2_param5": 0.6880208999472213,
  "slot2_param6": 0.545268652540646,
  "slot2_param7": 0.49669701065722793,
  "slot2_param8": 0.875157154012864,
  "slot2_param9": 0.580289528658475,
  "slot2_param10": 0.523003405404864,
  "slot2_param11": 1.0,
  "slot2_param12": 0.2851089895385472,
  "slot2_param13": 0.5636331847741801,
  "slot2_param14": 0.3564013897683285,
  "slot2_param15": 0.6334662637211506,
  "slot3_engine": 41,
  "slot3_bypass": 0.0,
  "slot3_solo": 0.0,
  "slot3_param1": 0.4497182536702697,
  "slot3_param2": 0.2039785199489721,
  "slot3_param3": 0.3187844482653525,
  "slot3_param4": 0.97115515075974,
  "slot3_param5": 0.5984037138926942,
  "slot3_param6": 0.6521432968020755,
  "slot3_param7": 0.46567530558339093,
  "slot3_param8": 0.40942803246014214,
  "slot3_param9": 0.4936724108687319,
  "slot3_param10": 0.4999941507781262,
  "slot3_param11": 0.35428025322943923,
  "slot3_param12": 0.8399848694338089,
  "slot3_param13": 0.13293100334594288,
  "slot3_param14": 0.7029599038852496,
  "slot3_param15": 0.5385380201634897,
  "slot4_engine": 20,
  "slot4_bypass": 0.0,
  "slot4_solo": 0.0,
  "slot4_param1": 0.7391177341955637,
  "slot4_param2": 0.5175723663833234,
  "slot4_param3": 0.1485306943585331,
  "slot4_param4": 0.5431961581507523,
  "slot4_param5": 0.3350315892222868,
  "slot4_param6": 0.7334542722375145,
  "slot4_param7": 0.4486791430585098,
  "slot4_param8": 0.8472642932870618,
  "slot4_param9": 0.3229113648213754,
  "slot4_param10": 0.3360283944369577,
  "slot4_param11": 0.6818360109384292,
  "slot4_param12": 1.0,
  "slot4_param13": 0.4531395685881606,
  "slot4_param14": 0.6452332894808819,
  "slot4_param15": 0.7390036176206597,
  "slot5_engine": 43,
  "slot5_bypass": 0.0,
  "slot5_solo": 0.0,
  "slot5_param1": 0.16214599709796895,
  "slot5_param2": 1.0,
  "slot5_param3": 1.0,
  "slot5_param4": 0.1697253482243564,
  "slot5_param5": 0.17265548400660694,
  "slot5_param6": 0.7029340940269613,
  "slot5_param7": 0.707898808054414,
  "slot5_param8": 0.0,
  "slot5_param9": 1.0,
  "slot5_param10": 0.22356291400081232,
  "slot5_param11": 0.9807981324135144,
  "slot5_param12": 0.46153557964603154,
  "slot5_param13": 0.8394745705925046,
  "slot5_param14": 0.23727044483319132,
  "slot5_param15": 0.7973624246409677,
  "slot6_engine": 0,
  "slot6_bypass": 1.0,
  "slot6_solo": 0.0,
  "slot6_param1": 0.0,
  "slot6_param2": 0.0,
  "slot6_param3": 0.0,
  "slot6_param4": 0.0,
  "slot6_param5": 0.0,
  "slot6_param6": 0.0,
  "slot6_param7": 0.0,
  "slot6_param8": 0.0,
  "slot6_param9": 0.0,
  "slot6_param10": 0.0,
  "slot6_param11": 0.0,
  "slot6_param12": 0.0,
  "slot6_param13": 0.0,
  "slot6_param14": 0.0,
  "slot6_param15": 0.0,
  "id": "GC_0090",
  "context": "Psychedelic",
  "index": 89
}