{
  "creative_name": "Ethereal Ambient Drift + Spectral Resonance",
  "category": "Spatial",
  "description": "Hybrid: Slowly evolving ambient textures meets Resonant spectral sweeps",
  "tags": [
    "experimental",
    "creative",
    "unconventional",
    "hybrid"
  ],
  "complexity": 0.7654939485452714,
  "brightness": 0.6882943881892098,
  "warmth": 0.6493030289520549,
  "slot1_engine": 54,
  "slot1_bypass": 0.0,
  "slot1_solo": 0.0,
  "slot1_param1": 0.3808650859440176,
  "slot1_param2": 1.0,
  "slot1_param3": 0.5019006805852242,
  "slot1_param4": 0.30474694774202604,
  "slot1_param5": 0.6061056682957588,
  "slot1_param6": 0.41541004720517954,
  "slot1_param7": 0.6654425996722374,
  "slot1_param8": 0.0,
  "slot1_param9": 0.681991171051482,
  "slot1_param10": 0.693132018229268,
  "slot1_param11": 0.8720518891316247,
  "slot1_param12": 0.23653030777726447,
  "slot1_param13": 0.6337686408579324,
  "slot1_param14": 0.8584109843628365,
  "slot1_param15": 0.49010010277810806,
  "slot2_engine": 31,
  "slot2_bypass": 0.0,
  "slot2_solo": 0.0,
  "slot2_param1": 0.24359680213653317,
  "slot2_param2": 1.0,
  "slot2_param3": 0.5162739379336098,
  "slot2_param4": 0.4606514648582242,
  "slot2_param5": 0.6016437591175707,
  "slot2_param6": 0.38465014802567143,
  "slot2_param7": 1.0,
  "slot2_param8": 0.195394136334629,
  "slot2_param9": 0.9338638865972811,
  "slot2_param10": 0.1918420269963632,
  "slot2_param11": 1.0,
  "slot2_param12": 0.2780035578658076,
  "slot2_param13": 0.7958902919547345,
  "slot2_param14": 0.48238126298882056,
  "slot2_param15": 0.8472150410365357,
  "slot3_engine": 44,
  "slot3_bypass": 0.0,
  "slot3_solo": 0.0,
  "slot3_param1": 0.5439456116457106,
  "slot3_param2": 0.8120331140516509,
  "slot3_param3": 1.0,
  "slot3_param4": 0.24908230045226046,
  "slot3_param5": 0.2507495991162665,
  "slot3_param6": 0.9854519636970818,
  "slot3_param7": 0.7188516289308737,
  "slot3_param8": 0.3386145996479718,
  "slot3_param9": 1.0,
  "slot3_param10": 0.34341130368102657,
  "slot3_param11": 0.8550259376471775,
  "slot3_param12": 0.4063790595524168,
  "slot3_param13": 0.6569697039619997,
  "slot3_param14": 0.5605506520770377,
  "slot3_param15": 0.847230168504383,
  "slot4_engine": 27,
  "slot4_bypass": 0.0,
  "slot4_solo": 0.0,
  "slot4_param1": 0.0,
  "slot4_param2": 0.6235696347061855,
  "slot4_param3": 0.7483006229282119,
  "slot4_param4": 0.19466525243521876,
  "slot4_param5": 0.1854015749321744,
  "slot4_param6": 0.19378321949337557,
  "slot4_param7": 0.6631741203359537,
  "slot4_param8": 0.23814769678264452,
  "slot4_param9": 0.9077840045500127,
  "slot4_param10": 0.5150860297316863,
  "slot4_param11": 0.2607087892843279,
  "slot4_param12": 0.24653773935424605,
  "slot4_param13": 0.5952050379514551,
  "slot4_param14": 0.589157382459555,
  "slot4_param15": 0.5642205230437382,
  "slot5_engine": 51,
  "slot5_bypass": 0.0,
  "slot5_solo": 0.0,
  "slot5_param1": 0.0,
  "slot5_param2": 0.7914741731223105,
  "slot5_param3": 0.893556123917059,
  "slot5_param4": 0.5966528694290661,
  "slot5_param5": 0.8225167833508822,
  "slot5_param6": 0.2663034168417126,
  "slot5_param7": 0.4027352356849135,
  "slot5_param8": 0.0035948525562241596,
  "slot5_param9": 1.0,
  "slot5_param10": 0.737288393510113,
  "slot5_param11": 0.9132073078244914,
  "slot5_param12": 0.8322784221075783,
  "slot5_param13": 0.5792796156069502,
  "slot5_param14": 1.0,
  "slot5_param15": 0.7852488860110504,
  "slot6_engine": 0,
  "slot6_bypass": 1.0,
  "slot6_solo": 0.0,
  "slot6_param1": 0.0,
  "slot6_param2": 0.0,
  "slot6_param3": 0.0,
  "slot6_param4": 0.0,
  "slot6_param5": 0.0,
  "slot6_param6": 0.0,
  "slot6_param7": 0.0,
  "slot6_param8": 0.0,
  "slot6_param9": 0.0,
  "slot6_param10": 0.0,
  "slot6_param11": 0.0,
  "slot6_param12": 0.0,
  "slot6_param13": 0.0,
  "slot6_param14": 0.0,
  "slot6_param15": 0.0,
  "id": "GC_0126",
  "index": 125
}