{
  "creative_name": "Harmonic Chaos Spiral + Granular Feedback Madness Vortex",
  "category": "Spatial",
  "description": "Hybrid: Harmonized chaos with unstable pitch meets Dense granular texture with metallic feedback",
  "tags": [
    "experimental",
    "creative",
    "unconventional",
    "hybrid"
  ],
  "complexity": 0.9885238430580234,
  "brightness": 0.6064838897502711,
  "warmth": 0.4473081819833554,
  "slot1_engine": 35,
  "slot1_bypass": 0.0,
  "slot1_solo": 0.0,
  "slot1_param1": 0.7116802674893719,
  "slot1_param2": 0.5861925074359514,
  "slot1_param3": 0.05248354604587893,
  "slot1_param4": 0.8381384600635072,
  "slot1_param5": 0.7515880117670531,
  "slot1_param6": 0.041030580011526596,
  "slot1_param7": 1.0,
  "slot1_param8": 0.3168989423655632,
  "slot1_param9": 0.6773406711252627,
  "slot1_param10": 0.6239593218363444,
  "slot1_param11": 0.5836373380423683,
  "slot1_param12": 0.6416017347684891,
  "slot1_param13": 1.0,
  "slot1_param14": 0.7145740038541966,
  "slot1_param15": 0.4024352693681204,
  "slot2_engine": 55,
  "slot2_bypass": 0.0,
  "slot2_solo": 0.0,
  "slot2_param1": 0.858973344945562,
  "slot2_param2": 0.20733373759371393,
  "slot2_param3": 0.957092325435974,
  "slot2_param4": 0.043321802452586655,
  "slot2_param5": 0.6841550883172736,
  "slot2_param6": 0.7460528201729307,
  "slot2_param7": 0.19140968251403878,
  "slot2_param8": 0.5268264606387245,
  "slot2_param9": 0.22999293016801525,
  "slot2_param10": 0.47501126419106854,
  "slot2_param11": 0.9327995935410182,
  "slot2_param12": 0.13187234713227097,
  "slot2_param13": 0.5379985295018503,
  "slot2_param14": 0.7382444064982088,
  "slot2_param15": 0.539369503163046,
  "slot3_engine": 56,
  "slot3_bypass": 0.0,
  "slot3_solo": 0.0,
  "slot3_param1": 0.13142274388002065,
  "slot3_param2": 0.577265238512484,
  "slot3_param3": 0.4031388258713017,
  "slot3_param4": 0.462660765205669,
  "slot3_param5": 0.7252275149688784,
  "slot3_param6": 0.27895376446929065,
  "slot3_param7": 0.49694632771716896,
  "slot3_param8": 0.1216647647163337,
  "slot3_param9": 0.9811150721891764,
  "slot3_param10": 0.6816314344386637,
  "slot3_param11": 0.7214734111597816,
  "slot3_param12": 0.39775141436469474,
  "slot3_param13": 0.13409140671634398,
  "slot3_param14": 0.5272274873701034,
  "slot3_param15": 0.5037298391182231,
  "slot4_engine": 27,
  "slot4_bypass": 0.0,
  "slot4_solo": 0.0,
  "slot4_param1": 0.0,
  "slot4_param2": 0.6088214592709981,
  "slot4_param3": 0.6144682000779342,
  "slot4_param4": 0.5688365063473435,
  "slot4_param5": 0.394837346269727,
  "slot4_param6": 0.25095742882585315,
  "slot4_param7": 0.5999143459893072,
  "slot4_param8": 0.3123100608543323,
  "slot4_param9": 0.7133516784460011,
  "slot4_param10": 0.14696856605510483,
  "slot4_param11": 0.5103313783859249,
  "slot4_param12": 0.185271745165987,
  "slot4_param13": 0.5833969046813376,
  "slot4_param14": 0.6027749981697008,
  "slot4_param15": 0.8505029624278231,
  "slot5_engine": 47,
  "slot5_bypass": 0.0,
  "slot5_solo": 0.0,
  "slot5_param1": 0.0,
  "slot5_param2": 1.0,
  "slot5_param3": 0.5474384338711336,
  "slot5_param4": 0.6117316291563646,
  "slot5_param5": 0.39133534104687395,
  "slot5_param6": 0.6011612941712801,
  "slot5_param7": 0.5746271067662131,
  "slot5_param8": 0.0,
  "slot5_param9": 0.7493202561468866,
  "slot5_param10": 0.31135118386557453,
  "slot5_param11": 0.8068754305891372,
  "slot5_param12": 0.375509234150914,
  "slot5_param13": 0.5098126404761407,
  "slot5_param14": 0.9972135396341189,
  "slot5_param15": 0.8966876029679689,
  "slot6_engine": 0,
  "slot6_bypass": 1.0,
  "slot6_solo": 0.0,
  "slot6_param1": 0.0,
  "slot6_param2": 0.0,
  "slot6_param3": 0.0,
  "slot6_param4": 0.0,
  "slot6_param5": 0.0,
  "slot6_param6": 0.0,
  "slot6_param7": 0.0,
  "slot6_param8": 0.0,
  "slot6_param9": 0.0,
  "slot6_param10": 0.0,
  "slot6_param11": 0.0,
  "slot6_param12": 0.0,
  "slot6_param13": 0.0,
  "slot6_param14": 0.0,
  "slot6_param15": 0.0,
  "id": "GC_0143",
  "index": 142
}