{
  "creative_name": "Kaleidoscope Engineering Test 30",
  "category": "Lo-Fi",
  "description": "Systematic exploration of BucketBrigadeDelay",
  "tags": [
    "experimental",
    "creative",
    "unconventional",
    "systematic"
  ],
  "complexity": 0.8895995412739537,
  "brightness": 0.733628231834137,
  "warmth": 0.23810916312040548,
  "slot1_engine": 53,
  "slot1_bypass": 0.0,
  "slot1_solo": 0.0,
  "slot1_param1": 0.8585619937811905,
  "slot1_param2": 0.5211301734204503,
  "slot1_param3": 0.8571470643351624,
  "slot1_param4": 0.4095682661981777,
  "slot1_param5": 0.8121921192691236,
  "slot1_param6": 0.5078314706125193,
  "slot1_param7": 0.09824863326602412,
  "slot1_param8": 0.9996008962846132,
  "slot1_param9": 0.36038355074500616,
  "slot1_param10": 0.3790821253605298,
  "slot1_param11": 0.884548447467521,
  "slot1_param12": 0.5237630191285713,
  "slot1_param13": 0.7529053082870849,
  "slot1_param14": 0.5351637355395935,
  "slot1_param15": 0.8706269764405243,
  "slot2_engine": 0,
  "slot2_bypass": 1.0,
  "slot2_solo": 0.0,
  "slot2_param1": 0.0,
  "slot2_param2": 0.0,
  "slot2_param3": 0.0,
  "slot2_param4": 0.0,
  "slot2_param5": 0.0,
  "slot2_param6": 0.0,
  "slot2_param7": 0.0,
  "slot2_param8": 0.0,
  "slot2_param9": 0.0,
  "slot2_param10": 0.0,
  "slot2_param11": 0.0,
  "slot2_param12": 0.0,
  "slot2_param13": 0.0,
  "slot2_param14": 0.0,
  "slot2_param15": 0.0,
  "slot3_engine": 44,
  "slot3_bypass": 0.0,
  "slot3_solo": 0.0,
  "slot3_param1": 0.4783276208633101,
  "slot3_param2": 0.6767086252458414,
  "slot3_param3": 0.7594297954055378,
  "slot3_param4": 0.19383428288859647,
  "slot3_param5": 0.34150381779439104,
  "slot3_param6": 0.9068906426361898,
  "slot3_param7": 0.6728934284029258,
  "slot3_param8": 0.3279777486041419,
  "slot3_param9": 0.6899609834084964,
  "slot3_param10": 0.15357960869409232,
  "slot3_param11": 0.6713270405202614,
  "slot3_param12": 0.3412792431415486,
  "slot3_param13": 0.7448880229887539,
  "slot3_param14": 0.43278386604409713,
  "slot3_param15": 0.7599927514040133,
  "slot4_engine": 52,
  "slot4_bypass": 0.0,
  "slot4_solo": 0.0,
  "slot4_param1": 0.0,
  "slot4_param2": 0.9642122487755597,
  "slot4_param3": 0.568687087730265,
  "slot4_param4": 0.6353502241146756,
  "slot4_param5": 0.46822119280817365,
  "slot4_param6": 0.1758507785056735,
  "slot4_param7": 0.5461509220638945,
  "slot4_param8": 0.2789136379532687,
  "slot4_param9": 0.9628625555538979,
  "slot4_param10": 0.42736694474140813,
  "slot4_param11": 0.7627835719605005,
  "slot4_param12": 0.32514480558527087,
  "slot4_param13": 0.12203754861347516,
  "slot4_param14": 0.645882051728211,
  "slot4_param15": 0.6192085422738867,
  "slot5_engine": 0,
  "slot5_bypass": 1.0,
  "slot5_solo": 0.0,
  "slot5_param1": 0.0,
  "slot5_param2": 0.0,
  "slot5_param3": 0.0,
  "slot5_param4": 0.0,
  "slot5_param5": 0.0,
  "slot5_param6": 0.0,
  "slot5_param7": 0.0,
  "slot5_param8": 0.0,
  "slot5_param9": 0.0,
  "slot5_param10": 0.0,
  "slot5_param11": 0.0,
  "slot5_param12": 0.0,
  "slot5_param13": 0.0,
  "slot5_param14": 0.0,
  "slot5_param15": 0.0,
  "slot6_engine": 0,
  "slot6_bypass": 1.0,
  "slot6_solo": 0.0,
  "slot6_param1": 0.0,
  "slot6_param2": 0.0,
  "slot6_param3": 0.0,
  "slot6_param4": 0.0,
  "slot6_param5": 0.0,
  "slot6_param6": 0.0,
  "slot6_param7": 0.0,
  "slot6_param8": 0.0,
  "slot6_param9": 0.0,
  "slot6_param10": 0.0,
  "slot6_param11": 0.0,
  "slot6_param12": 0.0,
  "slot6_param13": 0.0,
  "slot6_param14": 0.0,
  "slot6_param15": 0.0,
  "id": "GC_0080",
  "index": 79
}