{
  "creative_name": "Spectral Freeze Stutter Echo",
  "category": "Experimental",
  "description": "Frozen spectral content with chaotic amplitude",
  "tags": [
    "experimental",
    "creative",
    "unconventional",
    "glitch",
    "idm",
    "experimental"
  ],
  "complexity": 0.7827356494095442,
  "brightness": 0.676558899956266,
  "warmth": 0.579653767885697,
  "slot1_engine": 54,
  "slot1_bypass": 0.0,
  "slot1_solo": 0.0,
  "slot1_param1": 0.8454790834986352,
  "slot1_param2": 0.23528513684873337,
  "slot1_param3": 0.9540430078061478,
  "slot1_param4": 0.10271136371599354,
  "slot1_param5": 0.7379833087867628,
  "slot1_param6": 0.3362089475729737,
  "slot1_param7": 0.111278550237523,
  "slot1_param8": 0.6266870266086395,
  "slot1_param9": 0.6202900703549084,
  "slot1_param10": 0.36486318054696365,
  "slot1_param11": 0.6724369218289198,
  "slot1_param12": 0.08802338433891915,
  "slot1_param13": 0.9636989054221448,
  "slot1_param14": 0.25817147424588927,
  "slot1_param15": 0.890298087449602,
  "slot2_engine": 56,
  "slot2_bypass": 0.0,
  "slot2_solo": 0.0,
  "slot2_param1": 0.03319765847933867,
  "slot2_param2": 0.6394602325772296,
  "slot2_param3": 0.39414644032900126,
  "slot2_param4": 0.4608518926626383,
  "slot2_param5": 0.7605629519206905,
  "slot2_param6": 0.412869247032573,
  "slot2_param7": 0.8294171770953638,
  "slot2_param8": 0.133796764518469,
  "slot2_param9": 0.9589858887411475,
  "slot2_param10": 0.5402931976224538,
  "slot2_param11": 0.8068623955668837,
  "slot2_param12": 0.4454504469852302,
  "slot2_param13": 0.5528882878340167,
  "slot2_param14": 0.898917820269836,
  "slot2_param15": 0.4056779194761757,
  "slot3_engine": 52,
  "slot3_bypass": 0.0,
  "slot3_solo": 0.0,
  "slot3_param1": 0.0,
  "slot3_param2": 0.9917060563962697,
  "slot3_param3": 0.31980297160106563,
  "slot3_param4": 0.10233169764468186,
  "slot3_param5": 0.7738863307094732,
  "slot3_param6": 0.24500687038052535,
  "slot3_param7": 0.8927401750726114,
  "slot3_param8": 0.37413273212650117,
  "slot3_param9": 0.7198040302868651,
  "slot3_param10": 0.5871654093286094,
  "slot3_param11": 0.8525332508964751,
  "slot3_param12": 0.3017099918400188,
  "slot3_param13": 0.34610566827941613,
  "slot3_param14": 0.6975294866288886,
  "slot3_param15": 0.5466310526176745,
  "slot4_engine": 0,
  "slot4_bypass": 1.0,
  "slot4_solo": 0.0,
  "slot4_param1": 0.0,
  "slot4_param2": 0.0,
  "slot4_param3": 0.0,
  "slot4_param4": 0.0,
  "slot4_param5": 0.0,
  "slot4_param6": 0.0,
  "slot4_param7": 0.0,
  "slot4_param8": 0.0,
  "slot4_param9": 0.0,
  "slot4_param10": 0.0,
  "slot4_param11": 0.0,
  "slot4_param12": 0.0,
  "slot4_param13": 0.0,
  "slot4_param14": 0.0,
  "slot4_param15": 0.0,
  "slot5_engine": 0,
  "slot5_bypass": 1.0,
  "slot5_solo": 0.0,
  "slot5_param1": 0.0,
  "slot5_param2": 0.0,
  "slot5_param3": 0.0,
  "slot5_param4": 0.0,
  "slot5_param5": 0.0,
  "slot5_param6": 0.0,
  "slot5_param7": 0.0,
  "slot5_param8": 0.0,
  "slot5_param9": 0.0,
  "slot5_param10": 0.0,
  "slot5_param11": 0.0,
  "slot5_param12": 0.0,
  "slot5_param13": 0.0,
  "slot5_param14": 0.0,
  "slot5_param15": 0.0,
  "slot6_engine": 0,
  "slot6_bypass": 1.0,
  "slot6_solo": 0.0,
  "slot6_param1": 0.0,
  "slot6_param2": 0.0,
  "slot6_param3": 0.0,
  "slot6_param4": 0.0,
  "slot6_param5": 0.0,
  "slot6_param6": 0.0,
  "slot6_param7": 0.0,
  "slot6_param8": 0.0,
  "slot6_param9": 0.0,
  "slot6_param10": 0.0,
  "slot6_param11": 0.0,
  "slot6_param12": 0.0,
  "slot6_param13": 0.0,
  "slot6_param14": 0.0,
  "slot6_param15": 0.0,
  "id": "GC_0097",
  "context": "Electronic",
  "index": 96
}