{"preset": null, "timestamp": 1758253493.423929, "hits": 0, "last_access": 1758253493.4239302}